{
  "best_params": {
    "alpha": 1,
    "colsample_bytree": 0.9,
    "gamma": 0.1,
    "lambda": 3,
    "learning_rate": 0.01,
    "max_depth": 4,
    "n_estimators": 500,
    "subsample": 0.7
  },
  "best_cv_roc_auc": 0.7869150322191317,
  "optimal_threshold": {
    "classification_report": {
      "0": {
        "precision": 0.8726018538478121,
        "recall": 0.8662529424352664,
        "f1-score": 0.8694158075601375,
        "support": 4673.0
      },
      "1": {
        "precision": 0.5407788390889052,
        "recall": 0.5546345139412208,
        "f1-score": 0.5476190476190477,
        "support": 1327.0
      },
      "accuracy": 0.7973333333333333,
      "macro avg": {
        "precision": 0.7066903464683587,
        "recall": 0.7104437281882436,
        "f1-score": 0.7085174275895926,
        "support": 6000.0
      },
      "weighted avg": {
        "precision": 0.7992136637503006,
        "recall": 0.7973333333333333,
        "f1-score": 0.7982450908198331,
        "support": 6000.0
      }
    },
    "roc_auc": 0.7807775463303033,
    "confusion_matrix": [
      [
        4048,
        625
      ],
      [
        591,
        736
      ]
    ]
  },
  "best_iteration": 493,
  "default_threshold": {
    "classification_report": {
      "0": {
        "precision": 0.8829407566024269,
        "recall": 0.7941365289963621,
        "f1-score": 0.8361874718341595,
        "support": 4673.0
      },
      "1": {
        "precision": 0.46466332776850305,
        "recall": 0.6292388847023361,
        "f1-score": 0.5345710627400768,
        "support": 1327.0
      },
      "accuracy": 0.7576666666666667,
      "macro avg": {
        "precision": 0.6738020421854649,
        "recall": 0.7116877068493491,
        "f1-score": 0.6853792672871182,
        "support": 6000.0
      },
      "weighted avg": {
        "precision": 0.7904317319253241,
        "recall": 0.7576666666666667,
        "f1-score": 0.7694799760228516,
        "support": 6000.0
      }
    },
    "roc_auc": 0.7807775463303033,
    "confusion_matrix": [
      [
        3711,
        962
      ],
      [
        492,
        835
      ]
    ]
  },
  "train_size": 20400,
  "val_size": 3600,
  "test_size": 6000,
  "scale_pos_weight": 3.5202747617992465
}