{
  "individual_models": {
    "XGBoost": 0.7842687980834279,
    "LightGBM": 0.7833208973095132,
    "CatBoost": 0.7828036479504911
  },
  "ensemble_methods": {
    "simple_average": 0.784158091400663,
    "weighted_average": 0.7841584139255945,
    "rank_average": 0.7843169349294662
  },
  "best_ensemble": {
    "method": "Rank Average",
    "test_auc": 0.7843169349294662,
    "improvement": 4.813684603832691e-05,
    "optimal_threshold": 0.7710917079139091
  },
  "model_correlations": {
    "XGBoost": {
      "XGBoost": 1.0,
      "LightGBM": 0.9945068300259258,
      "CatBoost": 0.9864119460167156
    },
    "LightGBM": {
      "XGBoost": 0.9945068300259258,
      "LightGBM": 1.0,
      "CatBoost": 0.9891420135721637
    },
    "CatBoost": {
      "XGBoost": 0.9864119460167156,
      "LightGBM": 0.9891420135721637,
      "CatBoost": 1.0
    }
  }
}