method,train_samples,class_0,class_1,val_auc,test_auc
Baseline (No SMOTE),20400,15887,4513,0.792417866794744,0.7841387399047681
SMOTE,31774,15887,15887,0.7884583850063441,0.7758505748442487
Borderline SMOTE,31774,15887,15887,0.7860522297650879,0.7693744354805806
ADASYN,32257,15887,16370,0.7864736037534319,0.7740951522728896
SMOTE-Tomek,30872,15436,15436,0.7895061075706636,0.7756372246020082
Partial SMOTE (2:1),23830,15887,7943,0.7934436357966724,0.7803977732233675
