{
  "classification_report": {
    "0": {
      "precision": 0.879138689511461,
      "recall": 0.8125401241172694,
      "f1-score": 0.8445284697508897,
      "support": 4673.0
    },
    "1": {
      "precision": 0.47888161808447355,
      "recall": 0.6066314996232103,
      "f1-score": 0.5352393617021277,
      "support": 1327.0
    },
    "accuracy": 0.767,
    "macro avg": {
      "precision": 0.6790101537979673,
      "recall": 0.7095858118702398,
      "f1-score": 0.6898839157265086,
      "support": 6000.0
    },
    "weighted avg": {
      "precision": 0.7906151672141923,
      "recall": 0.767,
      "f1-score": 0.7761240286874385,
      "support": 6000.0
    }
  },
  "roc_auc": 0.7782326633576683,
  "confusion_matrix": [
    [
      3797,
      876
    ],
    [
      522,
      805
    ]
  ],
  "train_size": 24000,
  "test_size": 6000,
  "scale_pos_weight": 3.520625353173856,
  "best_iteration": -1
}