Payment_Behavior_Risk,Financial_Capacity_Risk,Severe_Default_Risk,Interaction_Risk,Other_Risk
-0.51009506,0.087833665,-0.23156452,0.002857116,-0.01999629
-0.22569254,-0.1062278,-0.23629898,-0.011559112,-0.16958721
-0.47447458,0.08119716,-0.2549797,-0.014006479,0.15020947
-0.56952,-0.15861022,-0.2161967,-0.035449717,0.28825757
-1.108566,-0.16508801,-0.22054908,-0.010673005,-0.19999433
-0.20072463,-0.18663915,0.3500489,0.0008234093,0.011120066
-0.42738488,-0.21643156,-0.22679856,-0.0070212786,0.07782845
-1.0879614,-0.4385588,-0.27934304,-0.015817469,-0.16289212
-0.28738478,-0.27725387,-0.1997617,-0.0015719663,-0.22591421
-0.5698002,-0.32833195,-0.29176414,-0.012799363,-0.27638283
-0.062041994,-0.037783332,0.4696813,0.0041109286,-0.09619501
0.29212198,0.2869466,-0.15530157,-0.0019324049,0.22410692
0.26355347,0.24989541,-0.16398634,-0.004034751,0.14529693
-0.6825304,-0.2850921,-0.26138133,0.024159964,-0.046346188
-0.66582036,-0.27604863,-0.29413497,-0.012043224,-0.116328664
0.5671295,0.0027781595,0.675043,-0.001407525,0.013025672
-1.0304683,-0.48454547,-0.2492875,0.0021256565,-0.18122633
0.16593586,0.23554973,-0.17335086,-0.0105364425,0.07815684
-0.7545875,-0.2541308,-0.26230022,-0.015418771,0.09929766
0.08452217,0.34252405,-0.21974243,-0.0048659323,-0.13542143
-0.9189723,-0.49236807,-0.2771119,-0.011821948,-0.21343894
-0.4354971,-0.1263139,-0.19897076,-0.015840769,0.35847855
-0.24823736,-0.13572127,-0.2634077,-0.0040141004,-0.21588895
-0.50150865,-0.06660374,-0.22933704,0.009892546,0.2518049
-0.2834715,0.3017258,-0.16025458,-0.003416107,0.08526252
-0.3118866,-0.14759095,-0.25064117,0.01222543,0.11550027
-0.3267941,0.10919832,-0.22990258,-0.0113362195,-0.025032133
-0.8095663,0.209422,-0.23190163,-0.016167622,-0.16863994
1.4865652,0.077063315,0.69325924,0.0022749824,0.09602805
0.00085049146,-0.058302104,0.54107916,0.0011047167,-0.22366765
-0.07760015,0.14858799,-0.20646529,-0.025570698,0.01324526
-0.4947492,-0.021590834,-0.2418037,-0.010109916,0.2552038
1.3299757,0.08087153,0.76902115,0.0062362654,0.13375342
-0.32577837,0.0078767445,-0.23513228,-0.0076036556,0.1814382
-0.66880053,-0.26316234,-0.27801883,-0.012078246,0.04626803
-0.9059761,-0.2163516,-0.24779019,-0.0095257545,0.116392724
-0.41941586,-0.11270709,-0.23426457,-0.007741155,-0.08184663
-0.5997048,-0.35787648,0.3048198,-0.038695052,-0.17086837
-0.9304807,-0.08228133,-0.26288733,-0.0061604953,-0.17492962
0.30617464,0.12012891,0.5167633,0.02049183,0.103657626
-0.7367954,-0.14762627,-0.23543392,-0.018258858,0.24451871
1.272959,-0.069637835,0.71778125,0.00042345445,0.004987427
-0.21435457,0.2361303,-0.23358633,0.002291581,-0.11785131
-0.3811853,-0.12009438,-0.24659735,0.0014594188,0.09562474
-0.54423964,-0.22132973,-0.2905242,0.009534436,-0.18824404
-0.782885,-0.34569728,-0.29044724,-0.01203908,-0.24198607
-0.40991047,0.16539152,-0.19205359,-0.01112959,-0.15599617
1.3212044,-0.091858946,0.80898124,0.000872259,-0.09330973
-0.5887408,-0.3292072,-0.24915199,-0.0076219384,-0.06374497
0.30674064,0.072473176,-0.14694646,0.0015025279,0.16158263
0.2888654,0.10823988,-0.19329922,-0.015007681,-0.08203507
-0.9426122,-0.12578759,-0.2510385,-0.007747238,-0.06802757
1.261912,0.027082976,0.64532435,0.0011332761,0.0034146118
1.0258104,-0.022124797,0.7799381,0.012870161,0.09406875
-0.5154782,0.39549416,-0.22850195,0.00547733,0.040581375
-0.86625975,-0.39120698,-0.2653743,-0.010623218,-0.20641725
-0.6433526,0.07460309,-0.2672103,-0.0061076297,0.007779944
-0.8623641,-0.50568765,-0.26858187,-0.017697781,-0.29734364
-1.1121359,-0.2380623,-0.23718323,-0.0015105694,-0.101866566
1.3553964,-0.0020267796,0.79000646,0.023091324,0.070360586
-0.45715997,0.23723286,-0.1957499,-0.02415928,-0.0901448
0.6550667,0.046234876,0.5567562,0.0050366274,-0.057790272
-0.27969643,0.15706004,0.34707507,-0.01089795,-0.06867188
-0.42161083,-0.13877945,-0.2084741,0.012336453,0.17142043
-0.21887405,0.081382155,-0.18629499,-0.021206392,-0.05394662
-1.0406245,-0.21974885,-0.2438731,-0.0041601676,-0.052408583
-0.15817264,0.19631344,0.35709208,0.008162402,-0.044462286
0.9676305,-0.00043090293,0.6994076,0.008344563,0.12796071
-0.8100897,-0.38167632,-0.30141774,-0.009600129,-0.2515264
-0.029452637,-0.27723637,-0.16348638,-0.013701916,0.038556617
-0.57280844,-0.07463852,-0.27724168,-0.011150161,0.0009508396
-0.8392219,-0.20101081,-0.24242143,-0.023124348,0.15659687
-1.0180448,-0.48015437,-0.27484033,-0.010127326,-0.16056377
0.6234231,0.03440545,0.51657015,0.023050992,0.047460016
-0.24636409,0.15230326,-0.20200275,-0.01582966,-0.1874877
-0.3837253,0.0918389,-0.23861255,0.004097595,0.22995403
-0.21054634,-0.4353917,-0.23482634,-0.0017011319,-0.24114513
-0.4773564,-0.35645902,-0.26909828,-0.012984756,-0.2380195
-0.0044068876,-0.18615453,-0.21707399,-0.0023805515,0.10824142
-0.3330626,-0.043994714,-0.22831377,0.0042931796,-0.19791126
0.72781396,0.117069006,0.5529833,-0.00024248613,-0.12635429
-0.8817478,-0.37931252,-0.31038523,-0.010883592,-0.21643226
0.13500515,-0.18064551,-0.15013814,-0.008360323,-0.06330536
-0.38283873,0.0069907345,-0.23532811,0.003179132,0.14336224
0.28889194,0.2980169,-0.15568621,-0.0021041557,0.2331715
-0.12985091,0.33647802,-0.17500761,-0.022420667,-0.019963106
0.7566115,-0.06783967,0.6896731,0.0094451625,0.11200234
-0.8259616,-0.040456332,-0.26034394,-0.01276044,0.16003883
-0.5387007,-0.04357668,-0.2828368,-0.00892451,-0.014332989
-0.19737877,0.22607939,-0.20830868,-0.022364706,-0.18490039
-0.5222524,0.01432724,-0.24608302,0.0038993307,0.21985303
-0.4020469,-0.13376772,-0.22840051,-0.017534051,0.12646975
-0.52749443,-0.121935114,-0.27657676,-0.0025360927,-0.21637557
1.3923271,-0.028664943,0.8442993,0.0053072055,0.10057473
0.3785112,0.07865608,-0.107292056,0.004904732,0.08369159
-0.19957724,0.05610682,-0.18779951,-0.01127583,0.05347423
-0.35365498,0.19802456,-0.21488057,-0.012367077,0.17564647
0.3925184,0.05006294,0.57166296,6.336067e-05,0.00094379927
0.16056406,-0.12383258,0.6420681,-0.0050948802,-0.12842447
-0.8305115,-0.30310127,-0.2837286,-0.0146318525,-0.16614515
-0.25385752,0.11081561,-0.17908227,-0.01338295,0.008849964
-0.09440682,0.32301542,-0.19349954,-0.01021499,-0.015147844
-0.348621,0.080033325,-0.26482975,-0.012690741,-0.1144269
-0.80237603,0.025820171,-0.2781836,-0.0082725715,-0.14073314
0.17627478,0.21790859,-0.1782055,-0.004323107,0.10414737
-0.15457638,0.30661163,-0.20949332,-0.012675119,-0.117301755
-0.018138768,0.044990033,0.4106782,0.012610242,0.0734324
-0.7831297,-0.3509998,-0.28588468,-0.009473534,-0.1844265
-0.39865306,-0.21919188,-0.23870258,0.004730736,-0.27011475
-0.525652,-0.028696517,-0.24430466,0.0032924316,-0.03663033
0.62338173,-0.20080328,0.7174284,0.0019151261,0.018173585
0.25386265,0.24029446,-0.16305678,-0.004892542,0.12350379
-0.34411085,0.09413273,-0.22481886,0.017529523,0.17994815
-0.29076177,0.014229447,-0.24500482,-0.0074774018,-0.012801606
-0.35178533,-0.037701234,-0.2237294,0.019960286,0.10315064
-0.5297197,0.00066160504,-0.23835638,0.009182502,0.29794195
0.116145775,0.18321852,-0.19304678,-0.024290469,-0.07750632
-0.16132425,-0.37144446,0.42586654,-0.019489652,-0.3131172
-0.4363964,-0.09072316,-0.23055437,0.019261118,0.21708687
1.0973643,-0.022904243,0.70532084,0.021134097,0.1160513
-0.7642521,-0.3423825,-0.23662758,-0.014706831,-0.2600996
-0.26430288,0.029809479,0.40483773,0.0021588113,0.09356746
1.0806721,-0.077357665,0.72362876,0.0042980877,0.090219095
-0.36810902,-0.07612464,-0.2459103,-0.014278869,-0.13487808
-0.65384746,-0.42368016,-0.28652817,-0.01658101,-0.27262378
-0.45585266,-0.20173763,-0.24492346,-0.0023191818,-0.079126865
-0.88715047,-0.17203286,-0.24354468,0.012759748,0.24881326
1.0239502,-0.05212668,0.71124315,0.016881622,0.009171782
-0.06286531,-0.09457072,0.4556934,-0.005087727,-0.16339996
0.5610017,0.15656152,-0.07021614,-0.019576548,-0.010420321
0.6118991,0.065102324,0.65208745,0.007900676,0.08564268
0.45592895,0.12266525,0.5336586,-0.008513575,-0.07321512
-0.9524119,-0.3874073,-0.30015486,-0.009718755,-0.056820884
-0.9105246,-0.1273942,-0.2588722,-0.00041655754,-0.106865965
1.4800377,0.19304381,0.57617164,0.0013045161,0.10059999
-0.47492123,-0.15321627,-0.27894783,0.01907233,-0.028412586
0.1522209,-0.27192387,0.22224075,-0.03421495,-0.23181772
-0.00582769,-0.1324207,-0.2246886,-0.00039379206,-0.34604552
-0.5556408,-0.16087511,-0.20456131,0.010029251,0.14268348
-0.9628433,-0.32367462,-0.24422963,-0.004118575,-0.22578877
-0.9022124,-0.28233823,-0.27433157,0.00473961,-0.20839557
-0.6982524,-0.28019422,-0.23957133,-0.00109303,0.007319502
1.2603564,0.11436367,0.6684746,0.0065359715,0.14525375
-0.6279471,-0.04117783,-0.20910446,0.01514288,0.28497678
-0.8767949,0.074108265,-0.22485828,-0.011780774,-0.20231724
-0.16727132,0.27146694,-0.2196583,-0.006989292,0.23779061
1.34129,-0.08203675,0.80946404,0.01036616,-0.0036214264
-0.75841194,-0.34517717,-0.25293157,-0.024590082,-0.15800376
-0.50170577,-0.09199542,-0.24327888,-0.00022484548,-0.109311126
-0.051711533,-0.0053482223,0.3865346,-0.0016818903,-0.088326626
1.0234509,-0.080994025,0.68231726,0.0076588253,0.056018904
-0.3458671,-0.008269331,-0.2259318,-0.018242076,0.12890106
-0.016110947,0.08355351,-0.18332784,-0.024814721,-0.10214459
-0.42260307,-0.11683957,-0.24420753,0.021270897,0.19946656
1.4421523,0.07340698,0.6263223,-0.0011911644,-0.039926928
-0.8988658,-0.47791705,-0.25591552,-0.011222718,-0.18945678
-0.99705684,-0.22411291,-0.25870818,0.00015190127,-0.22221068
-0.6983674,-0.21459484,-0.22124201,0.003810132,0.15364343
-0.102013394,-0.0323717,-0.19928089,0.03028083,0.13932349
0.18892863,-0.082556896,-0.17743945,-0.015589453,-0.07107789
0.50418967,-0.038413715,-0.2710974,-0.008192653,0.008220677
1.0220315,-0.07822467,0.6665031,0.009634906,0.06588015
-0.61826354,-0.12149339,-0.23859996,-0.008513831,-0.12336198
-0.6877911,0.18004449,-0.2597466,-0.005275128,-0.06955383
-0.41730788,-0.083211035,-0.21967609,-0.008765446,0.023230638
-0.16009445,0.37181485,-0.2226691,-0.017665865,-0.20497409
-0.75059295,-0.43962407,-0.26317438,-0.010753243,-0.27036673
-0.8780593,-0.21451345,-0.25314927,-0.004264743,-0.13482659
-0.07568658,0.2697315,-0.18643995,-0.012388706,-0.11879394
-0.56703854,-0.086936116,-0.27002373,-0.01031353,-0.097111925
-0.72242546,0.32936206,-0.24146363,-0.0098038325,-0.06777236
0.12962718,0.100618035,0.44208515,-0.0018216665,0.05681961
-0.24410145,-0.016676482,-0.23395042,0.009216923,0.14390793
-0.92440116,-0.30634513,-0.27095798,-0.013333619,-0.07112331
-0.46111906,0.15652055,-0.2406867,0.0056316094,0.097118005
1.1497132,-0.09653375,0.71183217,-0.0071552955,0.015786057
-0.18001398,0.021758966,-0.1501538,0.00077321474,-0.0417271
0.22653328,-0.24512091,0.5188134,-0.009686672,-0.033207063
-0.577636,0.028116202,-0.2909367,-0.005730138,-0.07428147
0.17201436,0.26105928,-0.17021486,-0.009933803,0.039617307
0.6045315,0.18858382,-0.11944283,-0.010156273,0.033845395
0.03452814,0.2785361,-0.20371449,0.0020488985,0.103406504
-0.042748038,0.056331348,-0.19850828,-0.028725311,-0.3169365
1.0682299,0.10344818,0.6670206,0.014010603,0.070057236
-0.3545301,0.19897655,-0.20525707,-0.026723443,-0.0116667235
-0.35509112,0.19695555,-0.23469481,-0.01265114,-0.03179248
-0.59662765,-0.3761513,-0.28194866,-0.01518066,-0.19900335
0.59514844,0.06988806,0.64262325,0.011691378,0.10109475
-0.32353783,-0.0011698825,-0.21534836,-0.0018752986,0.03388443
-0.5189356,-0.044677086,-0.26779485,-0.015218499,-0.056483734
0.58919173,0.21543561,-0.23057966,-0.013183964,-0.09459749
-1.1506493,-0.39367327,-0.2654491,-0.003543916,-0.18472604
-0.8852862,-0.45882523,-0.2834893,-0.0119849555,-0.23498763
-0.20640361,0.13734102,-0.21268381,0.00067161396,0.0036433218
0.5735003,0.22398509,-0.16253649,-0.014338914,-0.04186711
0.29485482,0.24919778,-0.13406026,-0.0063970555,0.06650458
-1.0407974,0.122512825,-0.24735996,-0.012040111,-0.089674234
-1.1787822,-0.4854848,-0.23139924,-0.0019411268,-0.25387472
-0.37387487,0.18665652,-0.23698601,0.0017742417,-0.18096118
-0.061922844,-0.22748037,-0.25401208,-0.00550071,-0.32436395
-0.6522335,-0.2946683,-0.22386941,0.018973654,-0.0647518
0.09610112,0.039348245,0.59746444,-0.009075509,0.047966395
-0.23166148,-0.05057241,-0.21847461,0.025237992,0.33279437
-0.93005663,-0.22493592,-0.2523549,-0.014343658,0.024994327
1.4447047,-0.09196606,0.83879954,-0.0022293027,-0.009159707
-0.51318794,0.426056,-0.22310078,0.0067410497,-0.053400878
-0.19026652,0.30936018,-0.19465823,-0.009604115,0.009018592
0.14741291,-0.13186757,-0.20455498,0.012553187,0.078966916
-0.3946223,0.11307507,-0.24828552,-0.0012200729,-0.019874154
0.47099534,-0.025155924,0.66475177,-0.007829903,0.0767241
1.3887049,-0.100901455,0.8333101,0.0066328268,0.097578414
-0.024027355,-0.03998069,-0.16847783,0.027026739,-0.0021741667
0.52192336,0.15102428,0.5504504,0.0053420374,0.07903091
0.41875452,0.16682495,-0.1638833,0.013098568,0.024580508
-0.43303135,-0.18383914,-0.2404074,0.012976251,-0.12622349
-0.014879114,-0.05163455,0.40454045,-0.006162625,-0.1381009
1.0841163,0.05008734,0.65568584,-0.0028044898,0.12424495
1.0998633,-0.028852692,0.6457977,-0.00015525194,0.004544356
-0.48587853,-0.3207576,-0.24162303,-0.013812736,-0.2668187
-0.3432932,0.003273718,-0.22340146,-0.011126555,0.1602307
-0.5397731,0.20825057,-0.23989893,-0.006626024,-0.046808254
-0.33851916,0.11851266,-0.17975514,-0.027643738,-0.10406128
-0.5626603,0.022088284,-0.23086591,-0.018097516,-0.025671344
0.45132062,-0.1796667,-0.17405951,0.002363694,0.013397527
-0.2526572,-0.06756353,-0.23780368,-0.012912203,-0.20388967
-0.37723094,-0.07357277,-0.2387833,-0.01195609,-0.10887183
0.26212534,0.28015554,-0.16072132,-0.0023308918,0.18785085
1.0755277,0.011390757,0.66336375,-0.0039655706,-0.09581614
-0.5582087,-0.07195585,-0.24502656,-0.010746621,-0.18558446
0.56300783,0.12095057,-0.12629019,-0.014479898,-0.05973667
-0.09298488,0.03550606,0.38729554,0.02514146,0.15459216
-0.7784489,-0.30982998,-0.2837759,-0.010217296,-0.060230706
-1.1403695,-0.36853448,-0.25868213,-0.005015461,-0.21033643
-0.47833884,0.034512334,-0.23573743,-0.015624527,0.29026285
-1.0048039,-0.469363,-0.26282516,-0.013596697,-0.24692383
-0.55915815,0.24532998,-0.21357672,-0.013463715,-0.11606051
1.3122495,0.04598718,0.60208887,-0.025522044,0.016139815
-0.35173377,-0.07427076,-0.18458194,0.037139047,0.16052918
-0.8527743,0.029203547,-0.2497217,-0.006306492,-0.035941564
-0.6390973,0.03595753,-0.27513677,-0.0044961832,0.03131364
-0.4354114,0.06959478,-0.2417811,-1.1703814e-06,0.09091225
-0.40431958,0.34615165,-0.21600163,0.0027336802,0.22316012
0.05964776,-0.0031440565,0.44378477,0.011437199,0.0046099797
-0.5952257,-0.11456382,-0.25713953,-0.0062441975,-0.084169805
-0.48326144,-0.20610389,-0.26011723,-0.005455083,-0.24995413
0.10311462,-0.00557898,0.42674178,0.01421055,0.012014943
-0.90459704,0.022430593,-0.25481716,-0.0013717695,-0.07583226
-0.5285435,-0.3468514,-0.22348598,0.022732597,-0.06683042
-0.42411467,0.11817016,-0.24393922,-0.0056313104,-0.2011996
-0.5321502,-0.10766226,-0.28885883,-0.013097253,-0.13754949
-0.9783425,-0.100681275,-0.27484676,-0.007004288,-0.16824368
-0.0805008,0.48399475,-0.20803477,-0.004889481,0.1492131
-0.76470727,-0.440135,-0.27062657,-0.013365481,-0.2867674
-1.0392327,-0.3264956,-0.3182082,-0.013948234,-0.07285583
-0.27735412,-0.04386591,-0.22922754,0.011550181,0.21357125
0.9803606,0.068293974,0.6195155,0.012972525,0.011948027
0.3022921,0.1880671,0.4436054,0.0032928437,0.1486467
-0.66433895,-0.099214606,-0.22621076,-0.02339439,-0.08849489
-0.039524946,-0.36346462,-0.24303938,-0.0101620685,-0.33883375
-0.62217426,0.18342488,-0.24272993,-0.021696268,-0.19454135
-0.096901074,0.15148874,-0.1851431,-0.019385505,-0.21751992
-0.20049758,-0.24441011,-0.2519688,-0.014081154,-0.1789415
-0.2323196,-0.1227208,0.42344052,0.014315006,-0.025650397
-0.48428872,0.087157,-0.2548022,-0.009943129,-0.07111088
1.1103437,0.025418058,0.65501887,0.018611347,0.066258
0.0039107385,-0.03432696,-0.16592981,0.022460371,0.23247725
-0.716151,-0.055335324,-0.2529999,-0.012643525,-0.09633551
-0.46338835,-0.14022079,-0.23104976,-0.012443988,-0.24520452
0.038428985,-0.02558562,-0.15001638,-0.022902025,0.06098696
-0.4458457,-0.03272403,-0.24989209,-0.011632338,-0.15715654
-0.32409802,0.037190583,-0.22122908,-0.010818525,-0.024998903
0.101515464,-0.022389421,0.41351858,0.022464925,-0.045713373
-0.39994583,0.2873202,-0.21000238,0.011776004,-0.1075496
-0.5895617,-0.016772356,-0.25187325,-0.022779545,0.11847385
-0.5605883,-0.36014688,-0.21967433,-0.007757374,-0.29690307
-0.87283504,-0.20256355,-0.23785509,0.0045136,-0.08439001
0.045247745,0.22415614,0.29117936,-0.0024019163,-0.043367513
-0.39348784,0.152108,0.4291954,0.0026455175,-0.13738672
-0.26763856,-0.12023644,-0.24854536,-0.008373882,-0.2030875
-1.0893626,-0.13772787,-0.25526792,-0.00582241,-0.019540982
1.1467215,-0.057825487,0.7347186,-0.010050641,-0.010501973
0.00043619378,-0.02755431,-0.20695736,-0.007084717,-0.010288256
1.3493087,0.06403018,0.6077732,0.006474668,0.09038064
-0.4173839,-0.048915036,-0.23176607,0.010482061,0.22256303
1.1231049,0.062746435,0.7028672,0.006041824,0.06619207
-0.4377616,-0.14038771,-0.25428697,0.018884437,0.10724207
-0.555123,0.117134735,-0.20852351,-0.012776477,-0.06329596
-0.17487979,0.31657284,-0.21614507,-0.0062789544,-0.009853883
0.47063547,-0.036975425,0.5955136,-0.007316688,-0.18020338
-0.14086469,0.13941947,-0.21339975,-0.024074778,-0.042548902
-0.59619814,-0.1338137,-0.2434901,0.0029329262,-0.11685042
0.99862087,-0.033348776,0.7207995,0.024851747,0.08437191
0.45693505,-0.054175686,0.6507328,-0.00877386,0.04956563
0.64147717,0.07228652,0.5939549,0.03366433,0.1533485
-0.3967441,-0.33533388,-0.27920768,0.0010798788,-0.2774672
-0.5967054,-0.15718216,-0.22553557,-0.019565944,0.29944807
-0.32282367,-0.0972276,-0.25503972,0.008629043,0.067851014
0.4925343,0.23073053,-0.15520747,-0.0052028457,0.021784287
-0.1429847,0.194995,-0.18563496,-0.009730517,-0.14149873
-0.18208261,0.076390505,-0.17807586,-0.01451499,-0.11169056
-0.5969095,-0.39437965,-0.266104,-0.010814903,-0.26494318
0.43731055,0.12716608,-0.21942309,-0.006964404,-0.06219994
-0.5723367,-0.15099113,-0.24938726,0.013699352,0.18846625
1.1162728,-0.055125087,0.66538054,-0.007232522,-0.10288396
-0.2940852,-0.06850645,-0.19637881,-0.0059610214,-0.06932389
-0.4467748,-0.10493605,-0.20198706,6.496819e-05,-0.0683792
-0.8982075,-0.2968137,-0.2370035,-0.016371489,0.02977508
-0.102500364,0.10403433,-0.22941445,-0.030780341,-0.26471192
-0.48781425,-0.22474463,-0.2239931,-0.0024878005,-0.07464199
0.38204306,0.09361778,0.5472999,0.022907257,0.08969654
-0.46604583,0.021106614,-0.2543302,-0.0033950086,-0.25125954
0.0812133,0.31670257,-0.17291339,0.010052348,0.18185002
-0.2551219,0.21880099,-0.20602001,-0.017761867,-0.11458533
-1.1020384,-0.327476,-0.2554717,-0.0012215831,-0.19000746
1.0027169,-0.026395626,0.8014379,0.015085859,0.09430824
-0.74673104,-0.24087438,-0.2965624,-0.012170928,-0.23520577
-1.0099429,-0.5289638,-0.2683224,-0.016538914,-0.2729096
-0.84677625,0.0071404,-0.26835945,-0.0043145046,-0.10149463
1.1003958,-0.163398,0.7466357,-0.008580824,0.015121246
0.3691416,0.28893584,-0.13322689,0.031838704,0.12334339
-0.33040372,-0.08473832,-0.19197948,0.015774094,0.2589879
1.2679669,-0.03223245,0.670726,0.013201725,-0.013111988
0.10430831,-0.13683273,0.48668927,0.008015875,0.047168307
-0.7931294,-0.33244234,-0.28869045,-0.015616182,-0.0035961648
-0.03193596,-0.30197743,-0.15174097,-0.006950796,-0.19799842
-0.18720596,0.2722807,-0.17318267,-0.01645428,0.004462373
-0.3927214,-0.21270858,-0.2601309,0.02086619,-0.03474065
-0.068518676,0.15302841,-0.22101125,-0.006847664,0.019206405
-0.17950289,-0.061467875,0.47712305,0.025376245,-0.00972491
-0.8640024,-0.4510719,-0.25190046,-0.007541804,-0.20257898
0.07338681,-0.0063144956,-0.20596522,-0.0064493157,-0.06705613
-0.8891674,-0.0653065,-0.26281604,0.012525369,0.16695139
-0.56681347,-0.30388004,-0.27540725,-0.010604193,-0.25338125
0.6103697,0.21074955,-0.11670759,-0.009208852,0.053924028
-0.56501436,-0.32579142,-0.27417773,-0.011211431,-0.3167978
1.1199316,0.11276584,0.7038898,0.0037515778,0.07415956
0.9666107,-0.022014482,0.66293186,-0.004988396,-0.08830277
-0.45928526,0.05071165,-0.21197894,-0.0025282837,0.0611594
-0.52347904,-0.2943227,-0.29673046,-0.010304577,-0.22175626
-0.46598485,-0.40713865,-0.25933656,-0.011658542,-0.24774003
1.2843118,-0.05431444,0.7625886,0.012196075,0.023149995
-0.7577847,-0.366239,-0.28805268,-0.008331006,-0.060113296
-0.52275425,-0.02940099,-0.24654551,0.010428173,0.1738799
0.18714991,0.06423224,0.4606664,0.01331788,0.042529922
-1.06577,-0.46417364,-0.24490187,-0.00081711495,-0.20789228
-0.69938684,0.3090098,-0.23366205,-0.011145374,-0.13460563
-0.4383091,-0.08034175,-0.23609154,0.02951928,0.2051232
-0.6537905,-0.4073468,-0.2988734,-0.01410325,-0.27042383
-0.36465946,-0.48515108,-0.25546202,-0.015052827,-0.28051203
0.20367908,0.06216193,0.5936836,-0.009240272,0.04330421
-0.3105625,0.08412531,-0.19037941,-0.032364037,-0.26209167
-0.45092446,-0.26157147,-0.27372736,-0.013750985,-0.06674883
-0.7588762,-0.24327698,-0.25989926,-0.012807256,-0.2321793
-0.3117949,-0.09468139,-0.23602131,-0.016656086,-0.04904783
-0.26579952,-0.06238642,-0.20911798,0.016663188,0.24438599
1.0216168,0.033456016,0.5366174,0.005680115,0.07014065
-0.21439938,0.17495124,-0.23059075,-0.011092655,-0.19075684
-0.87473446,-0.25568178,-0.22583584,0.012309987,0.17421499
0.114643574,0.10517238,0.3911105,-4.89424e-05,0.054535817
-0.6599965,-0.21119164,-0.28747326,-0.00961845,-0.06809015
1.5025251,-0.11187564,0.7713823,0.00030269055,0.046659965
0.27648997,0.052682746,0.40825737,-0.0042137485,0.05155932
0.3657888,0.012236111,0.52683246,0.018366523,0.035472255
1.0770061,0.013242694,0.71268606,0.014443206,-0.008428158
-1.0495354,-0.30150235,-0.27006558,-0.015043807,-0.124565825
-0.6492864,-0.027145058,-0.25974837,0.019455722,0.2175684
1.3756305,-0.06910907,0.8070492,0.0034825478,0.09498658
-0.8605171,-0.2733595,-0.21620551,-0.014155107,-0.21230988
-0.45949095,0.13373312,-0.21624178,-0.008372627,-0.14485338
-0.7292978,-0.05777226,-0.28078204,-0.006380844,-0.18248223
-0.6565942,-0.029714314,-0.28461987,-0.009800839,-0.039301846
1.1524544,0.05112537,0.74018264,0.020285092,0.06906262
0.8707569,-0.053064294,0.69151676,0.0092071425,-0.091349155
-0.53249466,-0.5192544,-0.26366833,-0.013110667,-0.31156343
-0.27879393,-0.11194403,-0.24671522,0.009747704,-0.10807806
-1.0175427,-0.51046836,-0.246233,-0.012953387,-0.2594169
-0.819865,-0.26869458,-0.23482215,0.004276338,0.14272763
-0.43071058,-0.22252075,-0.2349115,0.00096442597,0.027810473
-0.3858597,0.067051195,-0.271369,-0.007820669,0.041777965
-0.52848464,-0.006847088,-0.22756448,-0.0048456457,-0.15667033
-0.2571147,-0.19824226,0.15477864,-0.0282937,-0.060609423
-0.36984512,0.010514539,-0.22435047,-0.018276587,-0.23200616
-0.79273033,-0.52600724,-0.25322258,-0.012563456,-0.28280836
-0.5841842,-0.117290325,-0.228103,0.011126798,0.15681416
-0.5238633,0.0057913195,-0.25748312,0.003125358,-0.16600582
1.5619024,0.001542768,0.72509515,0.0009427848,0.04087995
-0.12237968,0.28275368,-0.15157342,-0.024137417,-0.0016360027
0.42765844,-0.02527299,0.6321334,0.0027744863,-0.06202419
-0.38374898,-0.12849616,-0.23028179,0.0007101991,-0.05489742
-0.81569684,-0.450172,-0.2668641,-0.009247525,-0.20740776
-0.38442287,0.14136857,-0.2382118,-0.018400086,-0.14498824
0.40826297,0.05032543,0.60994387,-0.009147358,0.07857541
-0.7374254,-0.46363112,-0.27397767,-0.011514435,-0.24080266
-0.8815935,-0.45777345,-0.28191945,-0.0075002285,-0.23325408
-0.088562556,0.32136688,-0.16556098,-0.020633405,-0.05948454
-0.43630242,-0.049786277,-0.21865803,-0.012683645,0.020834692
-0.3697386,0.13152456,-0.23646422,-0.0036174844,-0.0805515
0.540528,0.117675915,0.5993368,0.028694596,0.16996755
1.1413583,-0.108325295,0.8286211,0.0024835765,0.027083127
-0.6597516,0.0474675,-0.2902741,-0.0083558615,-0.095774055
-0.19840334,0.19419008,-0.19904491,-0.008728976,-0.012897722
-0.7758846,-0.095014684,-0.26834685,-0.013546443,-0.09421858
-0.4858737,0.033472233,-0.25221375,-0.012673323,0.20470102
0.82176,0.04934839,0.63840365,-0.0008947388,0.001161146
-0.46956593,0.13110776,-0.21997313,-0.0096082175,-0.07551486
-0.24833775,0.33004406,-0.2359924,-0.008018726,-0.13469371
-0.6965947,0.29736888,-0.23716098,-7.2036084e-05,-0.17086299
-0.5946352,0.15897307,-0.25149965,0.0056542847,0.023829918
0.1739801,-0.017091554,0.48740745,0.0016154728,0.035892818
-0.44214192,0.075915135,-0.27757573,-0.0031434256,-0.011174632
-0.57800573,0.14048219,-0.19248967,-0.013100918,-0.0940915
-0.53906035,-0.21641892,-0.25152805,-0.006687758,-0.038374357
0.32770848,0.07729223,0.5183216,-0.003663454,0.10672652
-0.5214116,0.09774061,-0.2321822,-0.0029792725,-0.27363673
-0.8008458,-0.021692451,-0.25382784,-0.015882505,-0.13153337
1.5010448,0.07848748,0.62938315,0.0004357351,-0.026824784
-0.20148376,-0.0027517704,-0.24667355,-0.0050727166,-0.06510095
0.22309616,-0.022080379,-0.20004621,0.008838313,0.0520991
-0.3449368,0.13531335,0.37203917,-0.012590904,0.12559716
-0.6305912,-0.19943501,-0.2641721,-0.014629164,0.21423265
-0.35129023,0.034093216,-0.24881206,-0.014149955,-0.24541003
1.1309891,0.052305378,0.7174733,0.005901019,0.06680365
-0.59450114,-0.12212491,-0.25013587,-0.013204778,-0.09235564
-0.26960447,-0.28014398,-0.1713266,-0.010345846,-0.020963967
0.21316141,-0.04823843,-0.18591136,-0.008123092,-0.06310439
-0.25771385,-0.015600707,-0.21216711,-0.020188345,-0.19887522
-0.013024886,-0.2913252,-0.23052403,-0.014344605,-0.16362488
-0.23632526,-0.15984209,-0.23994902,-0.010340074,-0.25295356
-0.9318514,-0.43860444,-0.276406,-0.011247395,-0.18454693
-0.47937295,0.09384557,-0.22808899,0.004112696,-0.0077997
0.08221804,0.14700356,-0.24164078,-0.011426741,-0.15404233
-0.64793324,-0.11602884,-0.29252192,-0.010142403,0.052182406
1.1477816,-0.16072996,0.7189903,0.011132083,0.063988276
-0.46662667,-0.16993642,-0.22944768,0.0005511902,-0.07225221
-0.58186907,-0.42116567,-0.26695368,-0.010063982,-0.27188042
-0.7269073,-0.1924923,-0.26720223,-0.0056216097,-0.30899507
-0.30782872,0.022868756,-0.23734736,-0.015115574,-0.15750852
0.23988953,0.24548231,-0.15067938,-0.0052266074,0.06081042
-0.70521164,-0.05763628,-0.25716624,-0.0065485886,-0.21676372
0.011522508,0.17934254,-0.1773348,-0.008330666,-0.09955251
-0.85693073,-0.0072702025,-0.2694983,-0.012559485,-0.073555104
1.4809583,-0.03796673,0.85439897,0.0035205071,0.053782426
-0.8179962,-0.14953865,-0.26240426,0.01401606,0.19773227
-0.80677664,-0.43497625,-0.29098076,-0.01449009,-0.267603
-0.5014786,-0.080412835,-0.2279723,0.019087672,0.18453713
1.2745405,-0.053183503,0.7615468,0.0020061515,0.06183527
1.2174172,0.002178465,0.6983611,0.014843648,0.09638912
-0.8190732,-0.4002857,-0.23199424,-0.0006260481,-0.22440189
0.36783323,-0.010682941,0.6174876,0.00016840361,-0.0757049
0.18141772,-0.090477586,-0.21929973,-0.008080266,-0.006278928
0.5828111,0.1996074,-0.13748135,-0.009513831,0.044159748
1.1350021,-0.103801124,0.3939811,-0.070787154,-0.30970675
-0.61514133,0.01923425,-0.2701944,0.0058663627,-0.036916375
-0.049098663,-0.0073722284,0.38029042,-0.008581866,-0.11837815
1.0728287,-0.04870703,0.6769639,0.018267777,0.0058980566
-0.022289254,-0.06791598,0.5392459,-0.01407316,-0.15177445
-0.96304613,-0.20040159,-0.25300255,-0.011560364,-0.22992003
-0.29831412,-0.03318747,-0.21599044,-0.0070000235,-0.06652848
-0.7290117,-0.2073077,-0.3032808,-0.009427294,-0.06965262
-0.37737754,-0.18249387,-0.20211801,0.017638072,0.19117567
0.39656612,0.15399234,0.5754951,0.0022355635,0.18179442
-0.04805478,-0.14467695,-0.25269917,-0.0022055353,-0.28923976
-0.64630216,-0.18112108,-0.22989233,0.016751159,0.05649557
-0.86869144,-0.045781925,-0.2585039,-0.0062862705,-0.09918811
-0.32650542,-0.05850247,-0.21671475,-0.013486561,-0.01637455
-0.51043946,-0.24863301,-0.22783871,0.019514913,-0.035110738
-0.5852549,-0.13568556,-0.23649558,0.020208985,0.2504074
-0.52935594,-0.05564679,-0.2514098,-0.0032476764,0.08166688
-0.47492504,0.20040435,-0.22426707,-0.0076264385,-0.065763555
1.5601504,0.18780538,0.6194056,0.0054347524,0.077947795
-0.80157334,-0.2942868,-0.27675414,-0.0077060563,0.021028489
-0.2069361,-0.30833286,-0.23484217,0.026158996,-0.2596942
0.14908765,-0.06947179,0.4837763,-0.0027298527,-0.07901692
-0.69216645,-0.28679666,-0.23518804,0.008424474,0.19269939
0.55809104,0.012264242,0.55060875,0.007181656,0.025743496
-0.866802,-0.31008023,-0.2726752,0.012427714,-0.027965428
-0.4808979,-0.45767948,-0.27674434,-0.016308166,-0.29590845
-0.091009215,0.012824969,0.48011157,0.0058057387,-0.32695687
-0.35494098,0.040210776,-0.25257975,-0.013855329,-0.08301594
-0.60191274,-0.010389242,-0.25712144,0.013313668,0.13775998
0.5444455,0.0237429,0.6910553,0.002760714,0.11216554
-0.6214317,-0.33604017,-0.23460078,-0.0027839583,-0.2892824
-0.3860578,0.08950072,-0.24781369,-0.0046433294,-0.14564861
-0.5030139,-0.45524523,-0.24879949,-0.016606648,-0.30580348
0.010948989,-0.049367994,-0.22541383,0.015143376,-0.039580394
-0.7716123,-0.3478384,-0.2318918,-0.0051553473,-0.25985396
-0.40058878,0.096172206,-0.24373834,-0.01747268,-0.25896078
-0.5662227,0.32671064,-0.2450481,0.010779832,0.083154485
0.8419068,-0.018553324,0.6337378,-6.1020604e-05,-0.06315849
0.48128495,-0.07736134,-0.17412138,-0.0084852725,-0.016414952
-0.7241887,-0.30202508,-0.24098612,-0.008093833,-0.25235853
-0.5977574,-0.3020403,-0.24955034,-0.008012041,-0.1730181
-0.52252114,0.06444633,-0.27863,-0.0051147602,0.15650721
0.93790644,0.023763567,0.6146403,0.014447324,0.025330503
-0.44440436,0.0005762256,-0.2618394,-0.009835685,-0.07232173
-0.1485218,-0.029507596,-0.20990169,-0.011282163,-0.050366625
-0.6808738,-0.2867426,-0.2649458,-0.012926184,-0.33388254
-0.9152555,-0.21384665,-0.24185392,-0.008671434,-0.08971497
-0.07266952,-0.037941508,-0.20777442,-0.021242637,-0.047206298
0.63940936,0.23012748,-0.1492309,-0.009785796,0.11782903
0.30794692,0.23236784,-0.14777166,-0.018887144,0.0843809
-0.5555805,-0.123539396,-0.2856645,0.020445956,-0.0093829855
-0.85630107,-0.38361344,-0.28444397,-0.0089533,-0.31531814
-0.47550264,-0.45547065,-0.27548206,-0.017022157,-0.3375246
0.7441587,-0.11868629,0.5421325,-0.0065959184,-0.25127524
-0.868268,-0.1833743,-0.25194868,0.0029263753,0.18340819
0.16698654,0.12986678,-0.15254146,-0.006818519,-0.119020164
-0.8738185,-0.29041308,-0.3079736,-0.0113681955,-0.23268615
-0.4524083,-0.16958085,-0.2430123,-0.002547525,-0.12216314
-0.31554043,-0.14251755,-0.25810343,-0.012741994,-0.28354004
0.9151703,0.050527807,0.5558992,-0.00078258524,-0.010035404
-0.17154172,0.16110489,-0.19177687,-0.031776913,0.034024887
-0.82029605,-0.38472325,-0.24444759,-0.016600987,-0.075653166
-0.4163031,0.0066994526,-0.23848042,0.010581339,0.14778392
-0.9441772,-0.16231576,-0.30280563,-0.016959596,-0.03704585
0.4726615,0.08119978,-0.113148995,0.031765934,0.20444901
-0.005936595,0.084222116,0.45066178,-0.014337508,-0.16314436
-0.76522315,-0.46317202,-0.27271605,-0.012049221,-0.25146767
-0.3800733,0.06615889,0.3867543,-0.0059475624,0.07984683
0.25724936,0.19786246,-0.19436859,-0.03798853,-0.12929349
-0.7405277,-0.0654123,-0.25319988,-0.0083482005,-0.062011182
-0.07177419,-0.018308355,0.43823823,-0.0005114116,-0.023454718
-0.45682555,0.3043794,-0.19395083,-0.010269857,-0.040130045
-1.0038282,-0.43029988,-0.2728898,-0.011908863,-0.225255
0.10629544,-0.061087556,-0.15252891,-0.0019309237,-0.001729332
0.1605827,-0.15211087,-0.18774022,0.013959278,-0.173968
-0.16494755,-0.13544925,-0.22294728,0.011603813,-0.13289051
1.3356895,0.14659193,0.6404566,0.0066521605,0.11137557
-0.8269888,-0.25452697,-0.26326194,4.4744927e-05,-0.10953187
0.2622562,0.094576016,-0.18813089,0.027968636,0.24422526
-0.7193299,-0.5090497,-0.26876926,-0.016412944,-0.3192471
-0.68871886,-0.07229156,-0.25251412,0.015195235,0.277479
-1.0588837,-0.4070662,-0.27880734,-0.012276766,-0.18789074
0.35177767,-0.0014142995,0.51416546,0.012233898,-0.04877911
0.3581587,0.18739004,-0.12351038,-0.00048228074,-0.047857855
0.38668624,-0.029361848,0.52548295,-0.02256954,-0.14116833
-0.039070897,-0.29579493,-0.2673977,-0.010344733,-0.34583968
1.2731531,-0.18434004,0.78692305,0.0021502106,0.0059750443
0.27774408,0.27448982,-0.13825805,-0.0020951033,0.21192852
-0.6364991,0.23197658,-0.24889107,-0.0002500594,-0.088531904
0.7077648,0.3562702,-0.116707,-0.016357142,-0.037153795
-0.42661965,-0.26194954,-0.27566135,0.0038087252,-0.21933551
-0.66598445,-0.42500246,-0.29611826,-0.009113489,-0.14952569
-1.112255,-0.43969017,-0.27587733,-0.013797231,-0.22095391
0.20014015,0.10653242,0.4003566,-0.008962121,0.0044455417
-0.15547958,-0.035631422,0.45765996,0.0010866602,-0.052062735
-0.5383224,-0.24011286,-0.27781165,-0.010380978,-0.27026552
-1.0327362,-0.26073366,-0.24618748,-0.016237115,-0.13929738
-0.4897988,-0.08130848,-0.25248203,-0.015531855,0.2866677
-0.5530027,-0.084052354,-0.25911087,-0.00944251,-0.051233616
1.3489035,0.09487258,0.62901485,0.00461575,0.09166977
0.28858387,0.27862898,-0.13269761,-0.0019436944,0.19342928
-0.35894287,0.09164458,-0.23854429,-0.0023823697,-0.08094032
-0.90535045,-0.1777485,-0.25321186,0.009439779,0.057079133
-0.5500586,-0.094924904,-0.22302279,0.027555719,0.39377573
0.9656889,0.045568842,0.6273346,0.015833415,-0.014010549
-0.2475693,0.38994265,-0.18457955,-0.013129021,-0.098384276
-0.42423126,-0.1344237,-0.22696273,0.018290713,0.14024153
-0.40110856,-0.02016357,-0.24508151,-0.004363167,-0.09454207
-1.1099751,-0.5021323,-0.25647354,-0.011241891,-0.16009873
1.002292,-0.012505128,0.65689594,0.015417151,-0.024306307
-0.38140428,-0.073231794,-0.23161313,0.008544149,0.23275374
1.2842232,-0.19835219,0.75072235,-0.0023451075,0.030043919
-0.60105073,0.16000532,-0.2633482,-0.002811399,0.025427947
1.4266541,-0.0781914,0.8239397,-0.0016175495,0.039408725
-0.41418177,0.024091482,-0.24883948,-0.009098523,-0.10531252
-0.51732594,-0.2754334,-0.24753039,-0.008601484,-0.10866247
-0.5391069,-0.13752674,-0.2916975,0.01224287,0.09036786
-0.017750818,0.41376922,-0.19907272,-0.000576101,-0.012386837
-0.68320227,-0.19166526,-0.296161,-0.018515889,-0.06257287
-0.5276082,-0.19548628,-0.23889732,-0.00960295,-0.09497486
-0.21494108,0.3387919,-0.19781011,-0.0036840697,-0.1365463
-0.560093,-0.028297039,-0.23362401,0.0026817224,0.2875754
-0.8279452,-0.54883695,-0.2618222,-0.015720813,-0.2797419
-0.47070628,-0.1591259,-0.2730308,-0.014391774,-0.055154618
0.52433467,0.18227588,0.4166616,-0.008198656,-0.08437989
-0.5799337,-0.26320535,-0.2821481,-0.009155647,-0.044896834
-0.68564457,-0.29339173,-0.29856125,-0.01156838,-0.07086203
0.10964996,0.18067199,-0.17671801,-0.009318948,-0.09031402
-0.38177705,-0.25903958,-0.23005804,-0.0071997754,-0.12053289
-0.51209784,0.36994284,-0.21074949,0.0026422204,0.1361098
-0.649877,-0.08931262,-0.24126615,-0.013019669,-0.09424428
1.2207317,-0.09699873,0.7926012,0.006113073,0.040766954
0.8561892,-0.0074553033,0.69725376,-0.0011267252,0.055708207
-0.7508066,-0.2582758,-0.25817645,-0.017849509,-0.04185352
0.3466203,0.16577408,0.4764036,0.007983998,0.16668187
-0.330278,-0.3136954,-0.28701705,-0.010246256,-0.13090198
0.116268165,-0.22646253,-0.13136743,0.00042022113,-0.027751125
0.866021,-0.11195798,0.7357198,-0.037652556,-0.10645318
1.3545189,-0.048166025,0.7941339,0.0013076044,0.05504717
-0.37052506,0.1792478,-0.21227486,-0.018090304,-0.109691486
0.045841873,-0.07642911,0.4887332,0.004360919,-0.21078795
1.3235887,-0.064829156,0.8218788,0.0026608994,0.031376727
0.22248302,0.19109994,-0.19663501,-0.016973514,-0.061637923
-0.8973153,-0.34622794,-0.28723556,-0.012791427,-0.2572663
-0.44927892,0.028540086,-0.24261102,-0.0103616705,0.24288101
-0.1289992,-0.03428591,-0.17428091,-0.013184,-0.0072798547
-0.33853796,-0.009329684,-0.21059485,0.01751785,0.29539475
-0.70903724,-0.0936585,-0.26971164,-0.01497744,0.03104707
-0.64673835,-0.26208028,-0.29595298,-0.01344997,0.044729274
-0.69686306,-0.25403914,-0.30464312,-0.013266176,-0.13496989
0.26814187,0.28016943,0.4187185,0.00039534684,-0.054642685
-1.0237718,-0.36200115,-0.2573958,-0.010552779,-0.16986933
-0.94213706,-0.13979475,-0.29287168,-0.010158179,-0.14905624
-0.27657428,0.40881512,-0.20702983,0.0048018666,-0.108304776
0.25081927,-0.09323981,-0.19689754,0.005354101,-0.15264048
0.26867634,0.067630336,-0.14530122,-0.0060754893,-0.038442045
-0.6689893,-0.2195176,-0.26293623,0.013314154,-0.042019196
-0.70517915,-0.054256067,-0.2572887,-0.0081507685,-0.18036895
-0.6008013,0.0928927,-0.27109006,-0.0068222857,-0.0047182553
0.50997037,0.07134715,0.6285592,0.0012273267,0.08144814
1.329006,0.06317156,0.6616005,0.00470803,-0.05181922
1.3006517,-0.097409785,0.81503254,0.004406855,0.007540693
-0.68400466,-0.28925738,-0.21414788,-0.0042903735,-0.19025326
-0.25245202,0.010653723,-0.21874192,-0.0010386468,0.074413046
-0.67376083,-0.44573244,-0.2679882,-0.011507659,-0.24915431
0.28788576,0.10954968,0.39472467,-0.0010016747,0.02527984
-0.6257026,-0.324304,0.31298548,-0.020885386,-0.067888595
0.20733498,-0.040913444,0.63860023,0.022799956,0.09665905
-0.7042723,-0.32347345,-0.24731527,0.004757006,-0.30208927
-0.3967881,-0.10094171,-0.20924298,0.017932035,0.3103512
0.22959657,0.16862953,-0.21363431,-0.01215187,-0.14693493
-0.15981434,0.09645437,0.3466121,-0.0062295254,0.06740308
-0.7090044,-0.09245346,-0.25751802,0.008690774,0.15006256
-0.4876748,-0.3342544,-0.21604177,-0.0105260825,-0.08171236
-0.96595263,-0.43388993,-0.3054034,-0.0095401555,-0.15613376
-0.5802717,0.1940301,-0.26718485,-0.0076229605,0.11066625
-0.85586447,-0.3307389,-0.27784732,-0.010272725,-0.12639306
-0.35967287,-0.20966877,-0.2493622,0.008053697,-0.2106281
-0.34789482,0.14089948,-0.20992588,-0.0190154,-0.042734437
-0.46487796,0.2093215,-0.18904899,-0.024608277,-0.06850648
-0.9464644,-0.45117846,-0.29035413,-0.012091741,-0.17732103
-0.22866976,0.23200637,-0.20142518,-0.019714246,-0.057165295
1.0697114,-0.05215321,0.69599134,0.018195875,0.05213449
-0.21835957,0.013760374,-0.22295979,-0.01154343,-0.050208107
-1.0046378,-0.5350994,-0.27282742,-0.010989619,-0.19049294
1.3922412,0.05508359,0.7642175,0.009588785,0.09596808
0.9683216,-0.028504454,0.6757128,0.010328384,0.023191202
-0.1921369,0.040173646,-0.22256972,0.009821612,0.12058458
-0.0071786996,0.4411476,-0.1709989,-0.00788977,-0.025066629
-0.86031336,-0.18084805,-0.27304745,-0.007680204,-0.06476412
-0.548666,-0.00041454844,-0.26722282,-0.0021969606,-0.21744059
-0.9830928,-0.050874043,-0.27259114,-0.009705291,-0.19745158
-0.71722156,-0.036566973,-0.2516745,-0.008406975,-0.13152216
-0.51632816,0.23422018,-0.23846164,-0.008873189,0.19384249
0.37040904,0.24304414,-0.16479416,-0.004969581,-0.006945419
-0.30851364,-0.02599282,-0.2124645,-0.0072915866,-0.02014623
-0.09242897,0.1009401,-0.1558177,-0.027598694,-0.19526415
0.8670807,-0.09607073,0.6737596,-0.014862999,-0.007872353
-0.02298088,0.3316671,-0.14519538,-0.011561409,0.090752184
1.0532252,0.07156659,0.65908295,0.0003456138,-0.027256573
0.57852405,0.24238183,-0.112434216,0.021839764,0.12533128
1.2993094,0.02933759,0.6356484,0.0066934247,0.023047615
-0.5498758,0.28570724,-0.23797312,-0.0028119024,0.020069579
-0.2963798,-0.25502148,-0.2905886,-0.01045844,-0.16809113
-0.52942216,-0.23072572,-0.22306706,0.019073414,0.08534561
-0.68662614,-0.5065275,-0.2588086,-0.011335328,-0.3182932
-0.6728383,-0.20132625,-0.28203055,-0.0077387183,-0.1825249
-0.54021794,-0.003370279,-0.24061978,0.0014235149,0.08606622
-0.37650946,-0.07032154,-0.211139,-0.008549929,-0.03681946
-0.3076889,-0.06802908,-0.22583544,0.013473759,0.16947831
1.0267588,0.024955781,0.64695597,-0.010358845,-0.015304355
-0.18090189,-0.015089967,-0.22054833,-0.00957826,0.18323052
-0.7626228,-0.3019096,-0.26019943,-0.007847542,-0.05281536
-0.11538794,0.187404,-0.14915621,-0.0146582695,-0.060630176
-0.53032,-0.31378275,-0.26725224,-0.02032981,-0.04213912
-0.49258167,0.046967603,-0.19583413,-0.014926729,-0.17129126
0.18687266,-0.33460426,-0.16394901,-0.0072851083,-0.032945395
-0.8815203,-0.19267358,-0.24205108,-0.01697518,0.20732182
-0.79400575,-0.15694559,-0.27265313,-0.0038147059,-0.11679751
-0.02089316,-0.17177823,-0.17933919,0.011612197,-0.00019652583
-0.720189,-0.10925403,-0.25908008,-0.009137368,-0.2257195
-0.11958295,0.45466942,-0.15993114,0.0013043542,0.06107272
-0.30340293,-0.0595577,-0.24111585,-0.005558027,-0.20355426
-0.601556,0.02731986,-0.2060415,-0.0109297205,-0.0937005
-0.3037034,0.052756853,-0.16546272,-0.014472587,-0.15399767
0.15014058,0.017217003,0.5975303,-0.0037001243,-0.09601329
-0.13864335,-0.11776937,-0.18186547,6.2506646e-05,-0.042761054
-0.46945417,-0.13542269,-0.24028122,0.013865618,0.16569844
-0.3369057,-0.019111402,-0.22739357,-0.019572629,-0.15173323
-0.47532302,-0.029027596,-0.23496605,-0.021413779,0.07195594
1.3133144,-0.028167348,0.69709766,-0.007265431,-0.08126243
-0.95180094,0.15199144,-0.24643876,-0.012936393,-0.189055
-0.3669071,0.08358568,-0.23439428,-0.010539256,-0.03330095
-0.37218484,0.20683947,-0.21577218,0.006835475,0.17752346
-0.5407017,0.44005933,-0.2194796,-0.0026980387,0.13184586
-0.71160877,-0.06278837,-0.2443846,-0.004704278,-0.19385955
-0.3717126,-0.06666307,-0.20190468,-0.01138703,-0.00494936
-0.8820037,-0.11878497,-0.2376073,-0.016750813,-0.12707183
0.30838516,0.16304529,-0.20235468,-0.03445769,-0.08974327
-0.58935696,-0.06472894,-0.22086094,0.020799786,0.31661963
-0.955817,-0.39410642,-0.25956035,-0.020053588,-0.13440074
-0.6104058,-0.35670173,-0.22862683,-0.008161452,-0.28072068
-0.48680675,-0.39517835,-0.26384905,-0.00064070337,-0.23706388
0.11543489,0.18841596,0.44484994,0.0019432283,0.060866285
-1.1401534,-0.37760475,-0.2620743,-0.00796116,-0.13840939
-0.7670292,-0.22811347,-0.2473341,-0.014828025,-0.04465811
-0.119454175,0.4585693,-0.21234219,-0.0003180853,0.18728703
1.2053252,0.027984168,0.7045811,0.018265622,0.07500251
-0.96036786,-0.5302633,-0.27959546,-0.012282096,-0.16464818
-0.26122215,-0.056840293,-0.23332137,-0.010718619,0.11068995
0.1676894,0.27324897,-0.19153602,-0.00049673946,-0.059734173
-0.7268815,-0.4286076,-0.23784064,0.0023371847,-0.20006394
-0.68468,-0.43215966,-0.27648148,-0.011385972,-0.17345637
-0.052715223,0.36770535,-0.1740262,-0.017946461,-0.11717688
-0.033488676,-0.027332049,-0.24545035,-0.0016753406,-0.2686
-0.78860104,-0.3369034,-0.23842281,-0.014670435,0.036322255
0.40024227,0.04879339,-0.112844855,0.012635053,0.09033155
-0.83738,-0.21942648,-0.30590674,-0.014481719,-0.087944366
-0.29589152,-0.30319843,-0.275486,-0.002648687,-0.19723047
-0.40803888,-0.43203318,-0.23626696,-0.018004091,-0.26087868
-0.52842283,-0.074734345,-0.2620904,-0.0090732705,0.0999792
0.06653686,0.012329967,-0.12995152,-0.0024955329,-0.015889656
-0.70851004,-0.39865246,-0.23544873,-0.0053778067,-0.2956661
-0.9503627,-0.007983664,-0.2226896,-0.01216542,-0.18777728
1.0226523,-0.1045546,0.6897495,-0.00058003794,0.110589735
-0.5397993,-0.34080175,-0.28511775,-0.015547032,-0.13945703
-0.10909396,-0.31935772,-0.19502667,-0.012169892,-0.21645582
-0.4207557,-0.1173725,-0.2745976,-0.015203909,-0.17146936
-0.57727754,-0.259552,-0.28939414,0.009004746,0.044461455
1.0667992,0.123569295,0.6623406,0.015781831,0.114474066
-0.14192727,0.08581859,-0.18925184,-0.024499942,-0.104307994
-1.0860338,-0.3750338,-0.25101867,0.0028305422,-0.030713402
-0.41631544,-0.18299206,-0.24177763,0.0022615881,-0.2649353
-0.9671979,-0.4756937,-0.30121067,-0.012071034,-0.1334594
-0.5327071,-0.30960077,-0.24804173,-0.010525858,-0.123410314
-0.5716112,0.1402456,-0.26419017,-0.009251903,-0.10452304
-0.6801632,-0.285193,-0.27502805,-0.016712377,-0.053896066
-0.03669785,-0.30543202,-0.2330695,-0.013152324,-0.29907197
-0.4786712,0.33868858,-0.219995,-0.011309609,-0.014386551
-0.811463,-0.30447665,-0.31607315,-0.013057354,0.04459026
-0.96680415,-0.1894052,-0.242911,0.0128856,0.18088542
0.056216087,-0.10997014,-0.22482699,0.029417355,0.13966312
0.10985744,-0.0077050426,-0.12844054,-0.0046352027,0.0064507644
-0.5266972,-0.060356386,-0.23177925,0.02513729,0.22756068
1.3941809,0.027759917,0.68713695,0.003204939,0.02294332
-0.043682173,0.12280742,-0.16670957,-0.03509715,-0.028874554
-0.72187203,0.09327732,-0.27981424,-0.010436514,-0.05729143
-1.1120993,-0.46248096,-0.27092198,-0.012472453,-0.16743715
-0.45646006,0.13971886,-0.22812495,-0.019151494,-0.037699822
-1.1651092,-0.4857125,-0.24616231,-0.006905416,-0.2674272
-0.41639164,-0.30501235,-0.25543454,-0.0129837375,-0.10979762
-0.73757696,-0.3858459,-0.25038084,-0.0070558363,-0.13631144
0.33609655,0.04932859,0.51036805,0.00636819,-0.026506485
-0.73434305,0.084358536,-0.24769488,0.007632861,-0.027913466
0.44709355,0.053276215,0.6392725,-0.0026053875,0.05612708
-0.44054514,0.09763081,-0.21190204,-0.011946222,0.0025663022
-0.36333507,0.3219392,-0.18509187,-0.012645129,0.033159025
-0.5301182,0.24680153,-0.23729904,0.018343104,-0.025674503
-0.23521373,0.12690736,-0.21602757,-0.005661292,-0.08381734
-0.2279111,0.404845,-0.19005336,0.010028278,-0.10705165
-0.3192272,0.066394106,-0.2265947,-0.013178537,-0.05850989
-0.7187544,-0.3969324,-0.28594044,-0.0052843415,-0.13836318
-0.29399955,0.06515654,-0.22739837,-0.0036939054,0.009036554
-0.22595167,-0.18591969,-0.18385573,-0.01935009,-0.199762
-1.125785,-0.45405507,-0.2558566,-0.0053783087,-0.19170474
0.092604,0.36383268,-0.17389588,0.020764012,0.15535942
-0.4789642,-0.14836343,-0.24839328,-0.013547936,0.2872045
-0.46547487,-0.12623143,-0.23108707,0.0038456987,0.24601826
-0.736466,0.0008230596,-0.2650912,-0.0061746943,0.1333325
-0.82573366,-0.41057867,-0.29031283,-0.013779582,-0.1879946
0.22459836,0.1290137,0.5650867,0.002357955,0.14925066
-0.788483,-0.59156346,-0.23812677,-0.011514125,-0.30368686
0.2856283,0.2883965,-0.18481563,0.016711628,0.24252062
1.3842244,-0.05586065,0.77611166,0.0031898322,0.04120007
-1.046013,-0.20251337,-0.24491231,-0.0014255771,-0.18780655
-1.0260639,-0.14407411,-0.2626373,0.007957339,0.12563671
-0.2682211,0.30011424,-0.20878328,-0.007814596,0.2199272
0.2955064,0.22998829,-0.16060103,-0.0035568916,-0.012927573
0.74380577,-0.01913191,0.65363526,0.033798587,0.11731012
-0.079544,0.19423185,-0.22125387,-0.0036521521,0.08312795
-0.53291315,0.009861054,-0.2614271,-0.010747229,-0.15141405
0.26095772,0.08140553,0.5363844,0.013572121,0.090584874
-0.7212421,-0.11966558,-0.20996267,0.022300694,0.302021
-0.3872078,-0.19672562,-0.22217382,-0.001792443,-0.26010182
0.0027402523,-0.38728935,0.3065985,-0.011147867,-0.22824234
-0.10969127,0.11263438,-0.23461239,-0.0065276083,0.008938354
-0.44810522,-0.05660971,-0.2591146,-0.0152307395,-0.106365055
-0.46358752,-0.06357282,-0.24320503,0.02097147,0.1231227
-0.9167777,-0.3033788,-0.28162682,-0.0136274565,-0.03350702
-0.81367356,-0.271653,-0.28286356,-0.016021702,-0.106656745
1.3849128,0.061496917,0.71652,0.0051808404,0.09339928
-0.5440395,-0.04453308,-0.24656333,0.010532437,0.10442561
-0.10989526,0.25855705,-0.1903384,-0.015044004,-0.15577434
-0.6345262,-0.05825455,-0.2509974,0.010699958,0.26670712
-0.75694036,-0.27070943,-0.26142806,0.021349918,-0.045007408
0.0018045434,-0.3955625,0.6282594,-0.01957887,-0.076943904
-0.051502872,0.34747618,-0.23267731,-0.0039595766,-0.03223841
-0.00468779,-0.107497126,0.48299095,-0.010576693,-0.013818464
-0.4335055,0.23736326,-0.19552109,-0.014650149,-0.029100401
-0.35739312,-0.0132090375,-0.25783592,-0.0042364164,-0.10714343
-0.6567365,-0.1439933,-0.25596514,-0.012014369,-0.089894556
-0.7332876,-0.2654742,-0.2836865,-0.0063663973,-0.101938196
-0.36912107,-0.30357444,-0.2895469,-0.0125635695,-0.2411883
1.496208,0.17604595,0.58628935,0.003856071,0.09537447
-0.50508356,0.28088933,-0.23246972,-0.008469988,0.23371437
-0.3334202,0.20293313,-0.25988787,0.0025141838,-0.09228761
0.64545566,0.23874994,-0.11826343,-0.008492723,0.048320737
-0.29612738,-0.113259,-0.26258337,-0.005776392,-0.1296479
-0.40592265,-0.38777658,-0.24352926,-0.0077435644,-0.25531203
1.3491772,0.11453956,0.6092835,0.0059708264,0.14008829
-0.05835937,0.19372562,-0.20144224,0.0048137093,0.15149535
1.2486781,-0.007849667,0.69667923,-0.0040762806,-0.0037528013
-0.3352888,-0.5401704,-0.24301279,-0.013913551,-0.30010962
-0.44626635,0.08199186,-0.18866917,-0.05104897,0.22134441
-0.5685467,-0.30787614,-0.24178214,-0.0012536054,-0.3219416
-1.1672752,-0.2714666,-0.24500683,0.002325152,0.07932749
-0.7295986,-0.23836212,-0.27585742,-0.010256891,-0.21115518
0.30628693,0.18693645,0.35838735,0.0077657946,0.0010500136
-0.44383955,0.0204821,-0.23850152,-0.0069931457,0.028255975
-0.021828514,-0.22460619,0.50414056,0.012220488,-0.0127604045
1.1528589,0.024777358,0.74370944,0.020236962,0.11444066
-0.63327503,-0.3625776,-0.25707397,-0.008291748,-0.18449298
-0.25591663,0.22382909,-0.2074661,0.0022925592,-0.06384548
-0.33150598,-0.2068326,-0.27589852,-0.009851361,-0.010423469
-0.34518233,0.0685815,-0.18698809,-0.030505005,-0.048095457
-0.8552015,-0.20127806,-0.25714156,-0.0006374866,-0.20270807
-1.094453,-0.4575665,-0.25888136,-0.011144314,-0.22585599
-0.08921881,0.1844395,-0.18499784,-0.007255269,-0.15469821
-0.04928819,0.16234921,-0.19794156,0.033316992,0.109052114
-0.5207883,-0.36253938,-0.2844338,-0.0104197785,-0.22489052
-0.84993786,-0.14183222,-0.2732057,-0.004973785,0.17842677
-0.7375779,-0.33353338,-0.2720005,0.010743665,-0.11252153
0.024840292,0.31603214,-0.17567053,-0.018645652,-0.047854934
1.1455514,-0.19332378,0.7219766,-0.009470554,0.07415407
0.61771053,0.22118397,-0.11512267,-0.009040026,0.06900554
1.2298098,-0.120684914,0.7806164,0.0131644,-0.0834794
0.16793725,-0.19111001,0.47628975,-0.016775627,-0.1249985
-0.5686544,-0.11332747,-0.23160993,-0.0068094614,0.29220843
1.0795149,-0.04621767,0.6325278,-0.026371654,-0.12086121
1.3886539,-0.0143199675,0.78393877,-0.00043944563,0.043832224
-0.24813476,-0.18771215,0.3381751,-0.0110563645,-0.003215679
0.41472948,0.039325442,0.6347085,0.006113436,0.0814952
-0.76182264,-0.13689871,-0.23319411,0.007969564,0.021977019
-0.24859789,0.2403933,-0.21180512,0.00041408156,-0.12574394
-0.039612863,-0.22871223,-0.26084086,-0.006019132,-0.34740615
-0.30128896,-0.29395705,-0.27837464,0.0076153837,-0.23767701
0.02360388,0.23912609,-0.18929958,-0.0023086325,-0.08264798
0.32203794,0.28922415,-0.12403176,-0.0014499184,0.1547201
-0.7083638,-0.08561008,-0.25347844,-0.013024006,-0.21360695
-1.0282385,-0.35100627,-0.27435768,0.0060936008,-0.013194133
-1.0301994,-0.30737194,-0.2699309,0.0005053305,-0.165198
0.8414577,0.093774304,0.6184236,-0.0029805857,0.0045718946
-0.3026068,0.012466272,-0.19192569,-0.03400049,-0.3081705
-0.35011744,-0.08980374,-0.24955972,-0.012427261,-0.13442026
-0.60436684,-0.21785806,-0.26530942,-0.005990606,-0.2000408
0.029667167,-0.053199895,-0.19167319,-0.007806428,-0.04386789
-0.44984344,-0.34470943,-0.24322239,-0.00050976966,-0.1515087
-1.0200578,-0.41378418,-0.23711249,-0.003494779,-0.28656995
-0.36039662,-0.2437086,-0.22099577,-0.00853051,-0.19451919
0.9901331,0.045888018,0.55310464,0.011345963,-0.0045964103
-0.9634488,-0.019753627,-0.26740935,0.0013930035,-0.070586234
-0.75923204,-0.21739677,-0.23698385,-0.008706952,-0.1804526
0.7412781,0.26545292,-0.10152659,-0.007862621,0.20232347
-0.95162565,-0.12774946,-0.26848438,0.004755918,-0.106727585
-0.1691422,-0.44587165,-0.20980841,-0.0032712114,-0.21608469
-0.8812169,0.02897205,-0.24480125,-0.0055674766,-0.05190509
-0.49100673,-0.17736684,-0.25204277,-0.020989846,-0.0321543
1.5458584,0.21114565,0.6106966,0.0034525997,0.08266829
-0.7887517,-0.31079382,-0.25916848,-0.006748653,-0.100968376
-0.026250677,-0.036630042,0.48319256,0.0004349798,-0.02773702
1.1178142,-0.03458003,0.69821876,0.018565718,0.07953157
-0.5894641,-0.16673028,-0.2501477,0.013789475,0.26284572
-0.9217407,-0.33952597,-0.30038875,-0.010821739,-0.16130026
-0.46973085,-0.27905187,-0.21745116,-0.006175566,-0.12586793
-0.6121443,0.4128617,-0.23426622,0.0031975731,-0.07476312
-0.9718711,0.047916163,-0.24012516,0.0065015433,-0.026727557
0.7419047,-0.017023811,0.49552292,-0.001701067,0.012918888
-0.3585446,0.34835586,-0.20126356,-0.01246722,-0.039173283
-0.4404859,-0.12153004,-0.26122743,-0.011591035,-0.24022637
0.5142873,0.14878266,-0.12784219,-0.020222846,-0.107622266
0.36464283,0.23774375,-0.17202555,-0.0064723874,0.0024033003
-0.22594805,-0.027473751,-0.21310416,-0.010788648,-0.013454626
-0.3560799,-0.07168963,-0.23026839,0.022569975,0.2293818
-0.5850954,0.047320146,-0.24934433,0.017261256,0.118767634
0.61280173,0.0116905635,0.63615125,0.01592387,-0.08101074
-0.027792105,0.3779078,-0.15576878,-0.003494016,0.09934831
-0.40999654,0.09047338,-0.25933933,-0.010205272,0.07610564
-0.7680055,-0.37395936,-0.3082053,-0.014836255,-0.22569197
-0.90453154,0.25441128,-0.24547675,-9.9050754e-05,-0.09248247
1.1385363,-0.055034656,0.68043464,0.01780587,0.078332014
0.066540115,0.20574398,-0.17209265,-0.014747154,-0.024300126
-0.73951006,-0.2904449,-0.30364278,-0.005531943,0.042715754
-0.49978742,0.1916736,-0.24550223,0.004221852,0.2329827
-0.45398647,-0.44263387,-0.23810041,-0.0059590824,-0.12672012
-0.28068075,-0.07482159,0.38620886,0.03507301,0.04124771
1.163663,0.008004072,0.62085736,0.00087128347,-0.084884495
0.40539625,0.22023419,-0.16327365,-0.014392427,0.049472354
-0.09470755,-0.10837845,-0.20096564,-0.009198629,-0.08855583
-0.6629427,-0.10607924,-0.2586563,0.016460385,0.17867698
0.8239735,0.09768118,0.63123274,-0.016231408,-0.026640488
1.011734,0.10152102,0.69789195,0.013668749,0.049545344
0.21164224,0.2017739,-0.17622365,0.012456068,0.15559903
-0.18311775,0.42282996,-0.1996443,0.00467943,0.09418645
-0.64048415,-0.15645574,-0.25197333,-0.014439821,0.15809676
-0.21627085,-0.025529439,-0.20165473,-0.04975462,0.2149629
-0.0031932504,-0.10609481,0.6302666,-0.0041320343,-0.0140516665
0.29075086,-0.10195962,0.71535265,0.00127446,-0.15775812
-0.32160845,-0.04412209,-0.19552183,0.020577675,0.23251137
-1.0665034,-0.38636145,-0.30867463,-0.010282177,-0.09985415
0.90778786,0.07910408,0.6106697,-0.0064644236,0.03418514
0.164016,0.2269059,-0.2011158,-0.0009775104,0.10147583
-0.0528149,0.13188754,-0.22847271,-0.00894144,-0.084586315
-0.8908842,-0.3652939,-0.24924234,-0.0063367905,-0.20036587
1.1106579,-0.061356388,0.753919,0.0065286118,-0.04638708
-0.22597621,0.4148585,-0.22862887,0.022653323,0.0057427455
-0.011256512,-0.2704787,-0.26389948,-0.010727951,-0.3151374
-0.38921604,-0.22824284,-0.26834035,0.0031315119,-0.18219659
-0.2523985,0.3331524,-0.22471704,-0.015216753,-0.056835525
-0.30665636,-0.048633415,-0.22995463,0.0024070411,-0.066953614
-0.39304575,0.08408257,-0.25129718,0.0004441375,-0.07291816
-0.4637241,0.205572,-0.21500479,-0.019348871,-0.19567373
1.26669,0.054020144,0.7249547,0.0070088385,0.059014127
-0.276131,-0.13857432,-0.21349958,0.021431314,0.2744039
1.1250281,-0.041933037,0.75440973,0.0025353432,0.06391844
0.25824055,-0.029587762,0.37971473,-0.0027809888,0.024807297
0.07170337,-0.051728845,-0.15145479,0.017072005,0.23865265
-0.3624065,0.30277565,-0.20039327,-0.013820343,-0.13495056
-0.58906984,-0.07012106,-0.22921939,-0.01623872,-0.14943682
-0.4078657,-0.055934295,-0.23537809,0.0029323471,0.14190976
0.49627843,-0.018287124,0.61039007,-0.003522321,0.0035143574
-1.0118463,-0.47570407,-0.26859304,-0.013699449,-0.2297824
-0.33484444,-0.015327377,0.36619446,-0.007477056,-0.140734
-0.23604475,-0.07185685,-0.22620675,-0.0031077098,-0.16940446
-0.43894166,0.031065159,-0.24288379,0.007499382,0.2196999
0.34529504,-0.116666876,-0.15112275,-0.017559003,-0.10885385
0.18475838,0.2416941,-0.17403238,-0.0039711483,0.15162733
-0.36502862,-0.008975082,-0.22024797,-0.003824932,-0.083593056
0.47410148,0.062233876,-0.14498441,-0.019979598,-0.05790405
-0.52726156,-0.3460591,-0.2958948,-0.010591941,-0.29736027
-0.5942731,0.2532352,-0.21594594,-0.010943231,-0.16885324
-0.59433573,0.29572216,-0.2107536,-0.014608765,-0.09705004
-0.35875705,-0.1645362,-0.24241294,0.020502483,0.07202941
-0.39357734,-0.073663995,-0.24319103,0.01569634,0.14750162
-0.29435977,0.01101339,-0.1857995,-0.039494224,-0.2933079
-0.17992276,0.08947966,-0.17510907,-0.018240005,-0.060536705
-0.7498716,-0.238955,-0.2682069,-0.011128098,-0.19513895
-0.34586602,-0.09803474,-0.2333655,-0.009553799,0.24666508
1.4036714,0.1063456,0.58217305,0.0051270016,-0.034299083
-0.29261082,-0.023721885,-0.21196854,-0.022980172,-0.08216558
0.5207108,0.14848495,0.5612019,0.0041210614,0.14156742
-0.24660295,0.14924513,-0.22519274,-0.018384516,-0.05788594
-0.6901905,-0.11306426,-0.20892912,0.0073099416,-0.12009492
-0.34377515,0.056451187,-0.22223416,-0.01821039,0.014584807
-0.38995305,-0.14480653,-0.21756044,-0.0003952845,-0.07069222
-0.5490114,-0.16857122,-0.26188815,0.011275874,0.18727745
-0.5170163,-0.090089284,-0.246635,0.013702894,0.25848547
0.36213142,0.28838474,-0.12375693,-0.0019532572,0.16512609
-0.41852912,-0.05658578,-0.22595292,0.012330778,0.18198653
-0.7559865,-0.05925911,-0.21351817,-0.0101526715,0.12380975
-0.826315,-0.42191982,-0.258256,-0.0067709982,-0.12664792
-0.7676329,-0.1274375,-0.28739035,-0.008546361,-0.20001176
-0.06986417,-0.07667813,-0.21135585,0.02653122,0.029251503
-0.6022346,0.09618002,-0.24748723,-3.9105304e-05,0.17597824
-0.71205527,-0.14378329,-0.22291274,0.023645867,0.24859573
0.04381664,-0.2323163,-0.18319987,-0.014724795,-0.18908747
-1.0023576,-0.33930635,-0.27991334,-0.015209157,0.017854456
0.11958777,-0.2733345,-0.15203464,-0.007700281,-0.28566363
-0.41207212,-0.16205631,-0.2173379,-0.007385102,-0.041293837
0.6925193,0.30354843,-0.12285704,-0.0071240547,-0.08078008
-0.18856731,0.31710958,-0.16637518,-0.024396012,-0.034366757
-1.1169107,-0.21189326,-0.2628032,-0.00091831246,-0.12272617
-0.40768117,0.01545321,-0.22014934,0.0076938947,0.2589413
-0.42006725,0.08482803,-0.2480396,-0.010818878,0.052496105
-0.29772684,0.10068588,-0.2140409,-0.010373848,-0.15471768
-0.70002896,-0.044854857,-0.22843295,0.00891667,-0.14870964
1.0590885,0.11852925,0.6386874,0.0055202125,0.09486417
-0.88100356,-0.10629482,-0.26273865,-0.0068855025,-0.15161455
-0.106530555,0.2192507,-0.1821655,-0.022185473,-0.06638214
0.16665018,0.18716604,-0.17195724,-0.01098447,-0.03330979
0.3467668,0.21701957,-0.17689028,-0.013417821,-0.011844303
-0.116196886,-0.08336678,0.4801625,-0.008584217,0.022673447
0.23074552,-0.13411696,0.56707746,-0.0028232243,-0.08462797
-0.66231275,0.41005817,-0.2179892,0.0069754864,-0.08074029
-0.75589657,-0.17127804,-0.24556454,-0.010139778,-0.06492062
-0.5024834,-0.24595506,-0.27973813,0.01631355,0.06666099
-0.35117283,-0.07591458,-0.20622215,0.0017960044,0.14772929
-0.6207573,-0.44225514,-0.24754882,-0.010982249,-0.30859536
-0.58985656,-0.23054972,-0.27603737,-0.0142715145,-0.16598861
-0.109395765,0.036626566,-0.21425325,0.0023446246,-0.09768274
-0.95304936,-0.43316874,-0.23555635,-0.013561297,-0.29048663
0.5312026,0.012217425,0.63963604,0.03321368,0.14899237
-0.5510819,0.047270168,-0.24021637,-0.011454904,0.06307291
-0.90631455,-0.3592172,-0.26959997,-0.011508854,-0.07453296
-0.56427366,-0.051659893,-0.28250614,-0.009474209,-0.029332716
-0.55610865,0.18304905,-0.19428852,-0.023596082,-0.06448545
-1.1458848,-0.28654853,-0.24487488,0.0057538617,-0.20877926
-0.5192191,-0.35035107,-0.2579648,-0.012259848,-0.28572008
1.3414563,-0.034973014,0.70379776,-0.018698199,0.09418349
-0.8812278,-0.37392625,-0.31193352,-0.006912067,0.0010530083
-0.36548775,0.054746486,-0.23812948,-0.017576002,0.022022558
-1.1139398,-0.31474194,-0.27891412,-0.011400559,-0.1764593
-0.3993408,0.26598957,-0.1906395,-0.024756094,-0.053542152
-0.34586096,-0.012813291,-0.1861436,0.010832567,-0.027013004
-0.7453177,-0.31712827,-0.23249504,-0.0015625914,-0.23735793
-0.4780873,-0.22833237,-0.28517893,-0.0109996535,-0.19814953
0.5082482,0.2138505,-0.12813595,0.011230348,0.018073082
0.009561649,-0.111811504,-0.23052837,-0.010202678,-0.20162621
-1.0566338,-0.079286434,-0.26212764,-0.01170178,0.16549766
0.5181202,0.1930583,-0.16480832,-0.014561033,-0.0361248
0.1573868,-0.030171275,0.48632553,0.0007605888,-0.05384518
0.9374296,-0.047534343,0.6598939,-0.0040973728,0.043364283
-0.6912134,-0.06162023,-0.26406074,-0.00960698,-0.21226111
-0.019060299,-0.002928447,0.5847781,0.034500975,0.12714608
-0.3749523,-0.18325628,-0.21472849,0.0022763782,-0.19988808
-0.79594487,-0.09590345,-0.26128355,-0.0040749423,-0.10673255
0.30690825,-0.06256613,0.62296677,0.02670944,0.044856492
-0.50116634,-0.16926728,-0.23312844,0.022451665,0.12200263
-0.6166129,-0.2901133,-0.24780917,-0.014843314,-0.24750155
1.0019,-0.00021513912,0.6410829,-0.0026643053,0.0114826225
-0.49040473,-0.0947288,-0.20164265,0.027834535,0.25344497
-0.27208054,0.12114984,-0.22307916,-0.0019209953,-0.13171436
-0.97539407,-0.45109427,-0.28190696,-0.011503606,-0.20243882
0.5269277,0.06739775,0.4016586,-0.0031091305,-0.121783555
-0.19626217,-0.0100563895,-0.19325265,-0.010141795,-0.18117465
0.15389302,0.08978311,-0.16291642,-0.010265005,0.008446722
-0.32782134,0.17757563,-0.18504101,-0.010481297,-0.22131197
-0.57128304,-0.018223558,-0.25986242,-0.0099302875,-0.029408246
0.043744907,-0.17668186,-0.14782207,0.023998749,0.06240103
1.4708627,0.0021682943,0.8016962,0.008551821,0.08471461
-0.14381222,-0.29097733,0.46852973,0.0026492877,-0.004826624
-0.3278447,-0.075281836,-0.2321201,0.010611672,0.30720267
-0.5234089,-0.033819668,-0.24632849,0.0035518822,-0.14700814
-0.261025,0.026288912,-0.24683821,0.009003833,0.016130416
1.0491538,0.035702728,0.6831841,0.012867505,0.005870078
-0.58639866,0.21579064,-0.24335851,-0.012411773,0.15335956
-0.3502949,0.025738183,-0.22424383,-0.0062671187,-0.09285957
-0.41296712,-0.0029341583,-0.24158916,-0.011921008,0.18393622
-0.6114554,-0.35445386,-0.2832335,-0.015142878,-0.22213905
-0.60981005,-0.101679854,-0.27585733,-0.009981509,-0.1736663
-1.0783792,-0.16470686,-0.24016516,0.011865219,0.0929498
-0.09501405,0.31804812,-0.20588207,-0.012175098,-0.1667374
-0.02287519,0.16566831,-0.20754138,-0.011780033,-0.017417826
-0.36422512,0.14109449,-0.25047925,-0.005691533,-0.10369503
-0.72204256,-0.26886445,-0.2778145,0.015689213,-0.02179318
-0.78459823,-0.2816271,-0.24257089,-0.0046291896,-0.1343939
-0.64013535,-0.018626515,-0.25158885,0.018623497,0.15941192
-0.35939977,0.049293052,-0.17831916,-0.014374202,-0.42356348
-0.884918,-0.20301479,-0.274503,0.016286997,0.14263082
-0.3277332,-0.011160537,-0.19072951,0.012947281,-0.024207294
-0.62080276,-0.041660473,-0.2614337,0.0022895508,-0.0053014457
-0.43329754,-0.21100526,-0.27637255,-0.009673277,-0.15280898
-0.24834035,-0.21182618,0.38086396,0.0031128,0.02388906
-0.94980836,-0.52544796,-0.2661986,-0.012728902,-0.26262173
-0.21319926,0.09270425,-0.19292207,-0.03038089,-0.24234176
-1.0202748,-0.492415,-0.25774583,-0.010200842,-0.2744979
1.3899928,-0.073088326,0.80155224,0.019273674,0.08162856
-0.52444226,-0.22197524,-0.24293964,-0.0040995693,-0.24717431
-0.27364162,-0.038566858,-0.23417489,-0.014444041,0.24422592
-0.24735369,-0.037367232,-0.22708756,-0.018312376,-0.097720586
-0.4773982,-0.05078729,-0.23821607,-0.020497343,-0.10324791
-0.56908834,-0.059179693,-0.2811102,-0.0067766067,-0.22521736
-0.85610574,0.050818294,-0.26666617,-0.0073783966,-0.07510591
-0.40581176,0.13306352,-0.24294765,-0.011837299,-0.06605698
0.11324862,-0.028193654,0.48657775,0.0024364437,-0.08496755
-0.5088135,0.012108954,-0.25658852,-0.010454722,-0.08583321
-0.10123086,-0.07188659,-0.17476076,0.019922942,0.24843219
0.015935162,0.3562462,-0.14628693,-0.013209239,0.090588555
0.76820135,-0.09136061,0.67254394,0.013516979,-0.068102315
1.2513683,-0.07694486,0.76903075,0.0023820214,-0.14680351
0.3023936,0.11632352,-0.1810555,-0.014708373,-0.13003199
-0.36615172,-0.024722986,-0.22651169,0.010407033,0.10006977
-0.11302736,0.12638837,-0.2242604,-0.008802628,-0.13613686
-0.3396021,0.1494429,-0.15809469,-0.008124709,-0.054964814
-0.66022044,-0.06414985,-0.25247517,0.007521387,0.2230136
-0.46693066,-0.028395936,-0.26681143,-0.008456723,-0.08399261
-0.5245617,-0.2925911,0.28926143,0.031137798,0.017057693
-0.93179274,-0.04577931,-0.2600264,-0.0042240857,-0.13709159
-0.81283486,-0.12467033,-0.25079137,0.022420812,0.3112023
-0.49322534,-0.04249116,-0.24920641,0.013196577,0.11968074
-0.6611075,-0.21359111,-0.2913916,-0.012037977,-0.16856234
-0.5726913,-0.29643542,-0.29538292,-0.015808085,-0.104665615
-0.44305322,0.12690468,-0.18615994,-0.015206035,-0.027593663
0.12473545,-0.061953396,0.58695865,-0.004312015,0.07444396
-0.9302568,-0.45413885,-0.2767288,-0.012988148,-0.26673046
-0.96888244,-0.33262432,-0.25545043,-0.008206419,-0.25867954
0.32699177,0.015233491,-0.09984425,0.020209823,0.10773452
0.2545361,0.067331634,0.5446922,-0.008030883,0.06270804
1.094676,-0.15169987,0.69635046,0.0066542802,0.083140224
-0.8950205,-0.4028968,-0.29864582,-0.00877192,-0.21272613
0.2464033,0.117419355,0.45167276,0.0056495,0.110678084
-0.536355,-0.3727731,-0.2613777,-0.018305566,-0.16603859
-0.25460485,-0.032113124,-0.18507269,-0.041636206,0.17407265
-0.74906427,-0.36842898,-0.2640557,-0.011821976,-0.08001337
-0.9011398,-0.17875272,-0.28965318,-0.015303791,-0.18452886
-1.1066935,-0.32934934,-0.26124272,-0.011573911,-0.14516199
1.3283783,0.044938773,0.7624486,0.007047591,0.08010521
-0.5315515,0.119316496,-0.25232592,-0.0017717462,0.18750373
0.5806153,0.19996679,-0.164115,-0.013917922,-0.0060916534
1.0812389,-0.07636562,0.73763204,0.0043124333,-0.03563786
-0.52659476,0.07877703,-0.25948527,-0.006322722,-0.041453212
-0.643207,-0.09156072,-0.24635401,0.020066252,0.29839766
-0.4890797,0.0024055687,-0.25007015,-0.013140669,-0.061050605
-0.6366359,-0.31419742,-0.28823015,-0.017273007,-0.04678082
-0.86757195,-0.40614378,-0.3179211,-0.01285782,-0.12765364
-0.28943372,0.047041968,-0.22724348,-0.015593443,0.17380065
-0.84409285,-0.1433834,-0.25230563,-0.008542178,-0.12443258
-0.5300409,-0.3005452,-0.2820198,-0.015813509,-0.115134284
-0.844253,-0.16135527,-0.28477207,-0.009755223,-0.114671916
0.17511809,-0.041488808,0.5258901,0.026530232,0.061306793
-1.1952097,-0.24327199,-0.21874228,0.015975535,0.18432777
1.451393,-0.027963366,0.79494464,0.0034719587,0.058202047
-0.93549436,-0.4821913,-0.27293244,-0.01054506,-0.2569756
0.3674155,-0.15832546,-0.17264411,-0.0012402532,-0.24613328
0.01882136,0.3781554,-0.2037317,-0.0044380045,-0.111272894
-0.523802,0.11969816,-0.24594526,0.003760227,-0.041694153
-0.49243805,-0.31332573,-0.30657235,-0.013642242,-0.23744607
-0.46732858,0.19339463,-0.19752285,-0.013506628,-0.048095882
0.28403157,0.22809984,-0.14887777,-0.005061321,0.13122202
-0.44597757,-0.31175062,-0.25178552,-7.653516e-05,-0.22357482
-0.824574,-0.15542655,-0.27236018,-0.0001550318,-0.21668054
-0.27047637,0.4460202,-0.22525921,0.0014061276,0.1430957
-0.26394886,0.17573561,-0.17409246,-0.027530063,0.013325075
0.37499753,0.15942235,0.5139776,0.019429402,0.11449111
-0.8340479,-0.35616615,-0.2688806,-0.009740167,-0.11569082
-0.65372825,-0.24217561,-0.31040055,-0.009285832,-0.0752643
-0.67415875,0.065138586,-0.23978034,0.0051120734,-0.024784312
-0.4828335,0.042689793,-0.22375512,0.0071761007,0.30289453
-0.720918,-0.18180919,-0.20221439,0.008330751,0.27658933
0.21786293,-0.10242217,0.6777629,-0.00093680713,0.017355282
-0.649063,-0.114748016,-0.22241817,0.017350687,0.21957424
0.9009447,-0.17520215,0.6482971,0.0032863417,0.0035906192
0.34296238,-0.06737004,0.41758686,-0.0056984792,-0.13814938
0.53094876,0.17900512,0.5611074,0.002985853,0.16964447
-0.37148443,0.11090191,-0.24713099,0.0068845283,-0.13381824
-0.0595256,0.3131498,-0.15041849,-0.014053823,0.04411803
1.0385226,-0.020628847,0.7278962,0.00065401406,0.025720118
1.1390054,0.030150965,0.6621469,-0.0036468115,0.01148534
-0.42247888,-0.07200182,-0.22998007,-0.008469816,-0.07858379
-0.0032822134,-0.23662572,0.5623486,-0.0043073115,-0.18979038
0.5581935,0.10866727,0.42393604,-0.0052854917,-0.07880487
-0.4664494,-0.25034666,-0.27804172,-0.014490689,-0.1554346
0.2570041,0.35151327,-0.1685829,-0.019436352,0.047493152
-0.21593109,-0.21648948,-0.25237125,-0.0059276903,-0.075027354
-0.49285233,0.23768719,-0.21941668,-0.0081149805,-0.13775682
-0.4242627,0.21913652,-0.23131558,-0.016412169,-0.13264604
-0.22230284,0.15001868,-0.2055682,-0.0014682745,-0.08343544
1.3772609,0.10400039,0.58615285,0.0022943125,-0.030946711
0.4846873,0.067553855,0.369676,0.012472233,0.0027515495
-0.3368754,-0.11251386,-0.20787902,0.013209525,0.37460735
-0.4719632,0.2785787,-0.21226734,-0.012332004,-0.12948897
-0.29789817,0.19337597,-0.23234089,0.005104163,-0.04388585
-0.5923995,-0.33428723,-0.30298898,-0.013112399,-0.2622833
-0.7315167,-0.34344205,-0.25464,-0.01296087,-0.28262594
-0.19664557,0.32570657,-0.19977286,-0.0089149,-0.06075275
-0.745742,-0.40917966,-0.27951854,-0.013518017,-0.18755502
-0.3531152,-0.09324398,0.41058564,-0.00485763,-0.12253276
-0.3561625,-0.16838847,-0.24266697,-0.013205703,0.12200632
-0.8270705,-0.34495637,-0.30526516,-0.010834916,-0.15075794
-0.75365984,0.025868306,-0.257601,-0.012866874,0.12603131
0.22703582,-0.13018993,0.21826866,-0.024315028,-0.10533318
-0.4136899,-0.038676433,-0.28128314,-0.0015671779,-0.15627635
0.1601445,-0.12489036,0.60532165,-0.02238284,-0.2131015
-0.2478624,-0.038069338,-0.17228821,-0.008877245,0.027810676
-0.8171404,-0.12701672,-0.25048637,0.019866575,0.10971381
-0.52600557,-0.15455958,-0.24894826,-0.02404735,0.2592772
-0.5553918,-0.06477023,-0.27899924,-0.010002884,-0.20227054
0.16157724,0.14475961,-0.19127968,0.013105122,0.10793063
0.6087886,0.09074839,0.5889131,-0.0058288113,0.062606074
0.9475892,0.086898,0.5947079,0.006051262,0.0025398033
-0.14516167,0.10017223,-0.20959514,0.030480374,0.09135112
-0.43336195,-0.46186632,-0.25552505,0.0005956446,-0.35358143
0.15120114,0.05481129,0.46722466,-0.00086612743,0.045066517
-0.105416805,-0.22363694,-0.15668935,-0.017034905,-0.36930645
1.0553207,-0.029103337,0.72805285,0.0028793195,-0.005090699
-0.30133057,-0.08986043,-0.24089019,-0.013961336,-0.21809934
-0.5852508,0.13189048,-0.26031813,0.0029024389,0.16263573
-0.25081164,0.1952188,-0.17552485,-0.029220697,-0.06319651
0.25503385,0.111514635,-0.13717449,0.033758044,0.10246846
-0.75016385,-0.37039655,-0.2777777,-0.009588968,-0.12462723
-0.5400822,0.12820053,-0.25117058,-0.01231463,-0.17754018
-1.0228894,-0.36670437,-0.22750829,-0.0021934747,-0.28968987
-0.76152897,-0.3356999,-0.26506117,-0.018998222,-0.010114361
0.0767159,-0.23570901,-0.22811943,0.0063057025,-0.2062471
-0.5839941,-0.28001228,0.31023234,-0.029663686,-0.13572979
-0.32527706,-0.019018337,-0.23220515,0.008737199,0.20116138
-0.014660341,0.34933016,-0.19983962,-0.008978434,-0.12073524
-0.3092486,0.1583804,-0.25170514,-0.009538042,-0.19673857
-0.30472457,0.08872275,-0.25174809,0.002821013,0.02571725
-0.13585131,-0.20553887,-0.21076272,-0.006875194,-0.18655376
0.35030788,0.2927351,-0.15967032,0.007846709,0.004296506
0.57332337,0.2148153,-0.16973686,-0.01617355,-0.058237366
-0.5980307,-0.21272838,-0.23373441,-0.009541641,0.21492587
-0.5703438,-0.13384512,-0.29600775,-0.0076672244,-0.053363297
-0.35082412,-0.3559828,-0.29088923,-0.011377584,-0.22839119
-0.30375007,0.17741545,-0.21058759,-0.02210455,-0.11750931
-0.48094597,-0.2918795,-0.21836695,-0.016641423,-0.22636336
1.0418079,0.014882964,0.6897081,-0.010234028,-0.17846335
0.38905495,-0.11347509,0.44063506,0.0026715612,-0.80353445
-0.566084,-0.46403977,-0.2745711,-0.013785572,-0.3019523
0.12618129,-0.20421292,-0.20372431,0.0011695481,-0.008159004
1.5199358,0.09243342,0.608828,-0.013746471,-0.024714913
0.61841434,-0.03849527,0.5475931,-0.0048948014,-0.14404458
-0.46659994,-0.17625816,-0.24159895,0.011240966,0.07686906
0.5553343,0.028171532,0.53968424,0.003510917,0.031076327
0.08142545,-0.036172025,-0.13635555,0.043168314,0.12457225
-0.43845457,-0.03175238,0.32229316,0.03777498,0.015407321
-0.79799086,-0.065525115,-0.25508788,0.01938713,0.18158214
-0.20483823,-0.05223541,-0.23503748,-0.011521073,-0.052109372
-0.45376024,0.17374869,-0.2334911,0.0017587063,0.27081066
-0.110176474,-0.09081838,-0.20935312,-0.011909986,0.30980167
-0.53087556,0.063381016,-0.25588807,-0.0111486,-0.2016645
-0.38456893,0.19321364,-0.24332535,-0.0054303366,-0.11265872
-0.5856087,0.13132207,-0.20460884,-0.01701527,-0.059012596
-0.23903354,0.35482392,-0.21213292,-0.010151019,-0.13193117
-0.48385078,-0.15855695,-0.27445093,-0.014142459,-0.13463064
-0.44028887,-0.12879981,-0.27866587,0.016043074,0.014947414
-1.2101616,-0.46072564,-0.24371983,-0.005559102,-0.18744299
-0.59958434,-0.33584052,-0.30509317,-0.014070627,-0.21290936
-0.10764591,-0.16994786,-0.17978045,0.030371675,0.04390936
-0.89304173,-0.11496933,-0.25468105,0.0064287684,0.19144864
-0.22993115,0.2976139,-0.22232358,0.0046112873,-0.05972873
-0.19936766,0.14361067,0.4011091,-0.011736732,-0.09580826
0.92261994,-0.110932566,0.62530065,0.004021383,-0.15686066
-0.12718043,-0.18305609,-0.20648281,0.030589271,-0.03584203
0.6416115,-0.17865379,0.646011,0.0038121524,-0.06118684
0.14021337,0.009633282,0.3968512,0.018461633,0.020152435
-0.3261126,0.15269202,-0.22343062,-0.0045017935,-0.15583254
-0.42202726,-0.15571775,-0.23486398,-0.01268351,-0.13755825
-0.73989016,-0.08805661,-0.24552639,-0.00822379,-0.092415236
-0.38845664,-0.029578257,-0.22884887,-8.914992e-05,-0.087212555
1.4417356,0.015140392,0.7155343,0.0035840194,0.058619265
-0.9728402,-0.45964393,-0.25525415,-0.012417756,-0.27803805
-0.021812044,0.32518983,-0.20766623,-0.012870131,0.0045332415
-0.7003443,0.16164988,-0.21078037,-0.020035075,-0.071694165
0.39128223,0.03783864,0.5026608,-0.0014647138,-0.14759845
1.0895582,0.032667935,0.6923505,0.012739245,0.037732806
1.154696,0.0139108095,0.71489596,0.02619238,0.09835713
-0.37455326,0.07690258,-0.21409638,-0.010573193,0.24043499
-0.9463488,0.16612308,-0.24520186,0.0012209567,-0.02967074
-1.209148,-0.51526666,-0.25619933,-0.0087681785,-0.20329691
-0.66962385,-0.19124453,-0.22529745,0.02045664,0.022925653
-0.3853777,-0.02852139,-0.24008764,-0.0029065376,-0.18568064
0.37068528,0.0018081293,0.37745243,-0.0012966245,0.028447773
-0.32356647,0.012066112,-0.23102717,-0.0016062381,0.019800112
0.63480765,0.113952875,0.5540126,-0.0033988717,0.050850376
-0.5767502,-0.42508152,-0.27411377,-0.010471983,-0.29642272
-0.25160873,0.21329978,-0.16945916,-0.023959579,-0.11106135
-0.4984564,-0.31632346,-0.22484587,-0.0092898505,-0.27747032
-0.3996116,0.063960485,-0.17440765,-0.010052813,-0.18310961
-0.41531944,0.32721287,-0.20421126,-0.013559936,-0.058530375
-0.4323123,-0.32556123,-0.24421793,-0.0144487545,-0.14059646
0.61644256,0.20020045,-0.12748933,-0.009454647,0.054219246
-0.3741092,-0.19442694,-0.23928748,-0.014495948,0.15450753
0.50945437,0.07648683,0.55321646,0.004115952,0.19304024
0.22926332,0.3153229,-0.16783181,0.023456601,0.20645973
-0.7536708,-0.17961113,-0.242444,-0.010910026,0.288257
0.3131887,-0.2659607,0.45510164,-0.017654736,-0.22628498
0.14775117,0.050712496,0.43969727,-0.009694247,-0.049802724
-0.33266035,-0.36738485,0.3309731,-0.022471646,-0.18710741
1.3181317,0.1231553,0.72986966,0.008963494,0.11025967
-0.7577053,-0.5055613,-0.26818788,-0.012672638,-0.24557713
0.9486455,0.040722374,0.6789921,-0.0047878693,-0.117588945
0.39485297,0.2036419,-0.17623645,-0.011595098,0.0072438754
1.0063453,-0.2144425,0.5270997,-0.004414262,-0.8265433
0.6261429,0.046669833,0.6749768,0.0057110973,0.08260693
-0.15695475,-0.1071571,-0.17842837,-0.00050818734,-0.08752594
-0.37985334,-0.14944768,-0.23351802,-0.013314331,0.25477064
0.23507878,0.23266399,-0.14970933,-0.0023341365,0.14362645
-0.6595181,-0.11798681,-0.29711723,-0.0082256645,-0.1213053
-0.66789085,-0.31379962,-0.2445339,-0.005119379,-0.06480638
-0.6110724,-0.11523222,-0.26690844,-0.014098436,-0.2269445
-0.9908545,-0.34954742,-0.2626404,-0.007712614,-0.20711371
-0.90578586,-0.16445634,-0.22999085,0.010331074,0.18845575
0.008206055,0.14415541,-0.22252318,-0.035160825,-0.28865877
-0.20918597,-0.05574763,-0.20851235,0.024157412,0.29561058
0.5605211,0.212558,-0.16310768,-0.014282837,-0.044671625
0.11514717,0.038915697,0.57922035,0.039950892,0.13565598
-0.268818,0.18768682,-0.17451389,-0.025871884,-0.17202933
-0.58159894,-0.15640186,-0.27158028,-0.008532934,-0.20489739
-0.19722639,0.123347536,-0.20541266,-0.016824689,-0.062022448
-0.86067194,-0.1671505,-0.26204035,-0.000102601014,-0.22563127
-0.45309633,0.023470547,-0.23886628,-0.011881041,0.26490927
-0.48310715,-0.08555042,-0.24038056,0.024252355,0.30338395
1.1538581,0.0018168492,0.7321487,0.019310135,0.089180924
-1.2222733,-0.5071802,-0.24790944,-0.0066379574,-0.13924804
1.0520551,0.08285763,0.70007133,3.1524105e-06,0.06932441
-0.18707375,0.057847705,-0.21938235,-0.0124916285,-0.0008103587
-0.32809037,0.252425,-0.23972593,-0.017580457,-0.17221175
-0.3738488,-0.14794937,-0.23686416,-0.011203671,0.13163826
-0.690996,-0.24166203,-0.2619368,-0.011283062,-0.24442257
-0.3928294,0.2727033,-0.22815412,0.0045738276,-0.007571943
-0.2501039,0.07742031,0.35568425,0.01415921,-0.020969545
-0.6955616,-0.3522387,-0.24554013,-0.01415205,-0.29513106
-0.08881736,0.17224674,-0.1832114,-0.028239574,-0.14729387
-0.17105938,0.16926421,-0.21025647,-0.0052754246,-0.13514332
-0.88173103,-0.26521963,-0.27615416,0.014945743,-0.00094746053
-0.6284183,-0.39473334,-0.25529206,-0.010967946,-0.13139357
-1.0040032,-0.2890196,-0.2690843,-0.009466851,0.015405785
0.5101143,0.08890105,-0.13343847,-0.020254714,-0.1741403
-0.68295336,0.099805444,-0.20409583,-0.020716485,-0.18112321
-0.6619593,-0.46236393,-0.26961592,-0.015932877,-0.33311713
-0.6264509,-0.4193298,-0.28978312,-0.015418333,-0.26899853
-0.4052945,-0.08178241,-0.21359524,0.013778577,0.32501692
1.1525561,-0.03490272,0.71558744,0.011560859,0.0379179
-0.5856507,-0.037420206,-0.25102353,-0.0053013754,-0.005298731
-0.82819724,-0.169897,-0.25638834,0.012020012,0.19161783
0.2153115,-0.28967184,0.5456413,-0.014100074,-0.16205284
-0.75325906,-0.27921408,-0.3019946,-0.010224067,-0.15095247
-0.81981766,-0.44625667,0.31259903,-0.026224844,-0.1775936
-0.06944106,0.32082242,-0.20471029,0.0040296544,0.1498068
-0.6197778,-0.09836103,-0.259067,0.0010043355,-0.10515444
-0.14681019,-0.089597456,-0.22740129,0.018609803,0.15386274
-0.30647263,0.34668,-0.19455035,-0.009166041,-0.118385635
-0.5032976,0.060344733,-0.2852339,-0.0053217513,-0.048530415
-0.016928468,0.16607372,-0.17933568,-0.0053620543,0.16553678
0.19408597,-0.0411917,0.5139553,-0.00782232,-0.1397755
-0.58591247,-0.09389174,-0.21685278,0.02119617,0.36529323
0.58008325,-0.10161233,0.7352332,-0.0014183843,0.01920278
-0.3468194,0.1792575,-0.20674035,-0.01677747,-0.028978027
-0.99748296,-0.37403992,-0.26356432,0.000105609884,-0.14658451
-0.33774576,-0.17518604,0.2994112,-0.019048689,-0.12888595
-0.008656896,0.49623942,-0.17201637,0.009639489,-0.103113905
-0.22899918,-0.28968,-0.23961484,7.340312e-05,-0.22363248
-0.47354975,-0.2168467,-0.22981748,-0.003841651,-0.23580167
-0.8427761,-0.5243755,-0.25754556,-0.010564224,-0.21848783
-0.68709886,-0.36383164,-0.28929207,-0.011916888,-0.24990006
1.4831862,-0.14400387,0.8366331,0.004702418,0.061040074
-0.63747466,0.042913098,-0.24230483,-0.0070782234,0.11313627
-0.09941766,0.2758232,-0.20662755,-0.0072980644,0.20293912
0.35634613,-0.15307409,0.6673303,-0.012366165,-0.013371456
-0.100804545,0.0030817024,-0.18913057,-0.009047015,-0.030610628
-0.71306056,-0.5034693,-0.2603016,-0.01583035,-0.22622195
-0.21586032,0.1360897,-0.20388249,-0.033188775,-0.044067983
-0.7396541,-0.4378889,-0.2696067,-0.010671927,-0.19125186
-0.44965908,-0.29601318,-0.29784638,-0.014899363,-0.18337353
-0.66693723,-0.17745167,-0.25194892,-0.01656689,-0.09626215
-0.15268508,0.28341684,-0.21651581,-0.0055713495,0.13100465
-0.6204769,-0.10078312,-0.28964707,-0.009414295,-0.16216642
-0.29968092,0.3393949,-0.20100449,-0.012593834,-0.08907888
-0.47433454,0.09043897,-0.19139618,-0.02329192,-0.10164523
-0.5297109,0.0042018727,-0.2713079,-0.009321561,-0.1869868
-0.43654808,-0.06853642,-0.21667668,0.03197915,0.3623226
-0.4310157,-0.35433394,-0.27248502,-0.015508474,-0.16469271
1.0905224,-0.0100340005,0.6594845,-0.008387462,0.00020933652
-0.7685653,-0.33478355,-0.2724387,-0.008142619,-0.012087052
-1.1127361,-0.4924682,-0.24923344,-0.008122385,-0.09798589
1.4772393,-0.20450084,0.82972944,0.0008489308,0.031089595
-0.3071403,0.39577463,-0.22344807,-0.0060748328,0.2772514
-0.05143096,-0.29750094,0.44301632,0.008746611,-0.17700163
-0.38019854,0.1734127,-0.20287202,-0.016821403,-0.006052507
0.32858497,0.28888994,-0.14897728,-0.015955016,-0.11221591
-0.17108741,-0.03566818,0.4083185,-0.008248399,-6.2170904e-05
-0.7730683,-0.4522989,-0.28111115,-0.013671232,-0.23223712
-0.53668207,-0.16709532,-0.2393604,-0.006807079,-0.19002765
-0.65531963,-0.15006015,-0.21007371,0.016469903,0.29514837
0.7050557,0.24357733,-0.12010493,-0.009001889,0.19765034
-0.45551738,0.12678571,-0.2631596,-0.01033904,0.13281792
-0.3745961,0.11773671,-0.24076518,-0.014970362,0.13104734
-0.8920314,-0.29698378,-0.29357347,-0.01237419,-0.06513752
-0.8612164,-0.3949239,-0.2442253,-0.007238018,-0.027564006
1.3474925,-0.1328302,0.812727,0.0075820163,0.04338229
-0.87126863,-0.14510061,-0.24052803,-0.014328256,-0.111955576
0.036326073,-0.051623218,0.5982301,0.0438138,0.046883933
-0.9089318,-0.100981265,-0.24702956,-0.015330179,-0.12590227
-0.5500029,-0.15329841,-0.25389898,-0.018387252,0.28237137
1.1421748,0.08657153,0.62117577,0.022143919,0.122999944
-1.0699682,-0.28982434,-0.2656412,-0.010276124,-0.17724545
-0.22717685,0.3302278,-0.23251313,-0.01662087,0.012811599
0.076662354,-0.1941647,0.5043945,-0.016400248,-0.100141004
1.09586,0.05031672,0.6677023,-0.009065073,0.036559347
-0.8160256,-0.029167535,-0.25416502,-0.00629692,0.14154837
1.3763964,0.027017869,0.7928123,0.006407141,0.06541068
-0.49987948,-0.083993755,-0.24157868,0.02147356,0.31801462
-0.58280367,-0.09575636,-0.22265165,0.014589838,0.25611243
-0.44940153,-0.103013374,-0.2451969,-0.0030973223,0.21498185
-0.5715356,-0.27418375,-0.2411751,-0.012917155,-0.16136533
-0.059630882,0.34501514,-0.211174,-0.014011731,-0.14214458
-0.32846704,-0.15443446,0.37700957,0.00068247085,0.0618173
-0.6182554,-0.37683135,-0.28027898,-0.009472404,-0.15562205
-1.0169337,-0.40147012,-0.26521942,-0.015246481,-0.22681852
0.32662624,0.037222944,0.5880404,0.03028268,0.17530952
-0.5436654,0.17637227,-0.2432172,0.010256641,0.00334195
1.4443429,-0.0611178,0.8517881,0.0072253835,0.092670366
0.11701346,0.04868229,0.57331276,-0.005910617,0.042615112
0.23152794,0.15776668,-0.16483329,-0.016100682,-0.13527817
-1.0150194,-0.28243878,-0.24683382,-0.0018166162,-0.23871951
0.5657006,-0.075798675,0.57840824,-0.018112067,-0.052213594
-0.21751727,-0.08013783,-0.23032045,-0.0041877595,-0.025314525
0.64632213,-0.04537956,0.53438777,0.003368196,-0.006570059
-0.18937555,0.054897856,-0.21483713,-0.021696905,-0.29688525
-0.37743488,-0.10288279,-0.23026723,0.025906375,0.24433766
-0.5289406,-0.0020037913,-0.22254391,-0.0020154323,-0.08889566
-0.3950609,-0.012484647,-0.23222348,-0.010469068,0.27852678
0.12792929,-0.044555586,0.60911274,0.020719059,0.029819297
0.33405933,0.13140804,-0.1363512,0.002142786,0.14601637
0.13198371,-0.0251747,0.5074486,-0.012102202,-0.11623135
-0.74801683,-0.15397525,-0.24035276,-0.013284875,0.20295687
-0.16482483,0.1846861,-0.17777042,-0.024240088,-0.037163492
-0.5755091,-0.31575453,-0.2375285,-0.0058169183,-0.2514978
1.3310595,0.11020326,0.649107,-0.0060360627,0.082088456
-0.6526617,-0.086307935,-0.24273987,0.0012634164,-0.09159557
0.087450966,-0.036892828,0.428804,0.014714857,0.025712188
-0.6905734,-0.5500037,-0.2721776,-0.014464661,-0.30357516
0.93116426,0.0912282,0.66594666,0.01437632,0.011218387
-0.7360041,-0.3506306,-0.25847667,-0.01233531,-0.12396667
0.033161905,0.1825672,-0.16746463,-0.021634184,-0.040422346
-0.08985665,0.19081454,-0.19224827,-0.0151798185,-0.20794639
-0.283896,-0.032207564,-0.23763521,0.005898908,0.15221718
-0.6510188,0.18856837,-0.21683009,-0.014066118,-0.1556467
-0.7679195,-0.13905467,-0.2654932,-0.008325677,0.040732197
1.3061699,-0.04347321,0.6734777,-0.004282014,0.025933554
0.9544265,-0.04310843,0.65325147,0.008077208,-0.018604187
-0.77752274,-0.3023159,-0.29564628,-0.0070740795,0.021986477
-0.24856058,0.34113815,-0.21215543,0.0075442363,0.26950473
-0.5020847,-0.13868652,-0.2265076,0.025334654,0.27498198
-0.48908183,-0.08774592,-0.21586993,-0.010600278,-0.00013571884
0.27390996,-0.010357356,-0.112849385,0.048849978,0.14847693
-0.2177721,0.038050115,-0.19480951,-0.012866948,-0.09101923
-0.9961782,-0.4586838,-0.2845634,-0.015677873,-0.1993847
-0.896961,0.23270065,-0.22796503,-0.008343895,-0.14884982
-0.0096333455,-0.17102902,-0.25610963,-0.0029715295,-0.3205333
-0.6752076,-0.26670185,-0.29085302,-0.010275707,-0.2078509
0.029875083,0.18584715,-0.18859786,-0.017828697,-0.24410132
-0.3936365,-0.37218282,-0.24196027,0.020530868,-0.24668364
-0.42571807,0.22643122,-0.2243007,-0.00051399786,0.11105444
-0.5580298,-0.35121033,-0.25391424,-0.011485165,-0.23202382
-0.5420785,-0.11753149,-0.25736704,0.0019094069,-0.2543468
0.44300824,0.016469156,0.690589,0.006786188,0.055149965
0.43743315,0.16152613,-0.12805672,-0.019279288,-0.056271285
-0.67937046,0.007910652,-0.26876783,-0.009070222,-0.19637561
-0.39316463,-0.05602994,-0.24107434,-0.014386149,0.14720917
-1.14309,-0.22125868,-0.25186533,-0.009077124,-0.06772023
1.21577,-0.001235584,0.72759587,0.006817816,0.0709377
1.4094288,-0.0018827829,0.81810135,0.0059357733,0.047083963
1.4145417,-0.06707235,0.7479838,0.0011049707,0.06934113
1.2491182,0.037229337,0.7251618,0.0002744038,0.10675366
-0.73374295,-0.46682435,-0.2821371,-0.014719503,-0.26379302
-0.35123575,-0.088294625,-0.22261438,0.0005179909,-0.049406346
-0.8331983,-0.33881846,-0.2273512,0.0011789417,-0.24148579
-0.13954541,-0.13864064,-0.19741765,-0.010130317,-0.08118926
-0.10082253,-0.3061031,0.3807601,0.009208186,-0.2150205
-0.4535369,-0.26911384,-0.28085962,-0.008794364,-0.08865461
-1.1030302,-0.35353696,-0.27048934,-0.0075053954,-0.18751128
-0.38371292,-0.0030809273,-0.22987221,-0.04601047,-0.02475678
-0.33307666,-0.19331726,-0.19903475,0.0010072822,0.090844676
-0.29833654,-0.091330625,-0.22351946,0.024545573,0.22463219
0.070181,0.059448503,0.41428933,-0.010347141,-0.17285705
-0.52805424,-0.14024878,-0.2294581,-0.020512361,-0.11330963
-0.5110714,-0.04140693,-0.2494005,0.013939988,-0.014376067
-0.39006203,0.04239234,-0.22114083,0.0017591438,-0.34991238
-0.34068424,-0.007334459,-0.24587162,-0.011322184,0.031008543
-0.73440874,-0.11543679,-0.24326052,0.013424751,0.24500199
-0.38694987,0.34420967,-0.21004643,0.0050276574,-0.15926732
-0.68626,0.15230103,-0.20803498,-0.018006546,-0.17955698
-0.94461954,-0.30225354,-0.24247287,-0.0029082831,-0.2529042
-0.908263,-0.27110744,-0.23944137,-0.005575029,-0.2752357
-0.77903783,-0.32298335,-0.2958769,-0.014261514,-0.08478508
-0.14560018,0.13297075,-0.2280292,-0.0070275757,-0.107294224
-0.58085686,0.15035774,-0.24785346,-0.0027623046,-0.10835861
-0.4804727,-0.0035389299,-0.2665607,-0.012392191,-0.11095864
-0.30441323,-0.08770858,-0.24902825,0.025140252,-0.17775823
-0.46888697,-0.042556737,-0.25668907,-0.006980954,-0.11506558
-0.3935768,-0.036672115,-0.24509685,-0.013802649,0.004193633
-0.1288705,0.4056063,-0.18687968,0.006632951,-0.045179512
-0.904285,-0.43566677,-0.26293302,-0.010645142,-0.068318605
-0.65603137,-0.41865605,-0.26505047,-0.0087159695,-0.13827752
-0.22477272,0.12622088,0.3845255,0.011526279,0.12921463
-0.4717862,0.24249895,-0.24046001,0.00065867277,0.23125783
0.8405176,0.053634763,0.6764043,-0.0044511086,-0.048441704
1.1173313,0.04548744,0.61763895,-0.003753936,-0.005282864
-0.6652888,-0.2051225,-0.27226385,-0.010530838,-0.051706377
-0.8355243,-0.32116756,-0.30115688,-0.009451365,-0.45527214
-0.60442775,0.002610458,-0.25535694,0.0043295184,-0.03638782
1.1384139,-0.061618224,0.6558919,-0.0033425288,-0.05253428
-0.6554047,-0.3785784,-0.28261343,-0.008021038,0.01150316
-0.6364362,-0.0854083,-0.24247667,0.012930241,0.33972788
-0.22846833,0.017321961,-0.19842729,0.025026303,0.3857781
-0.078908175,-0.0051205987,-0.19101067,0.02601407,0.39734268
-0.7956462,-0.30816123,-0.2814425,0.012353448,-0.044063445
0.10078472,-0.03463073,0.44076014,0.0032300535,-0.17602637
-0.60529774,0.09931649,-0.23947628,-0.0042123557,-0.16308476
1.0140827,-0.05040277,0.6696631,0.0009943931,-0.3481549
-0.6324099,-0.41326448,-0.2734866,-0.018267542,-0.24565259
-0.6368503,-0.4784311,-0.25471342,-0.015607821,-0.2970129
-1.146722,-0.3427568,-0.2802691,-0.004426164,-0.13199484
1.4245815,-0.03612206,0.849948,-0.0017634847,0.011422176
-0.44694158,0.15994817,-0.22456633,-0.016055496,-0.11022091
-0.6066221,0.09497238,-0.21239987,-0.016439985,-0.18687923
-0.9208735,-0.32064205,-0.3033251,-0.0132534355,0.09043713
-0.3253497,0.001085972,-0.22373374,-0.010336656,-0.10335366
0.9859081,-0.11658978,0.6514902,0.017413357,-0.016152477
-0.4313223,-0.088667005,-0.22028908,0.0170311,0.283014
0.55356795,0.048902974,0.5566513,-0.006831769,0.077902205
-0.8980793,-0.3531772,-0.3118626,-0.013888668,-0.23267964
0.5289002,-0.05381664,0.61770123,0.026252285,-0.04627949
-0.82640237,-0.23618203,-0.29045284,-0.007149026,0.005108654
-0.4428243,-0.11725368,-0.26369908,-0.019417373,-0.07240311
-0.24264051,0.10641447,-0.18662925,-0.019616352,-0.01151778
-0.15896577,0.025712248,-0.2151647,-0.010934349,-0.051482074
0.34715378,0.008079253,0.58921885,-0.0075029843,0.11362121
0.19824,0.08179491,0.5497586,-0.01322261,0.046137813
-0.42704493,0.10194768,-0.2323159,0.01680806,0.14536285
0.56483173,0.18210638,-0.13910156,-0.010058337,0.038849592
-0.3967908,-0.16951083,-0.24616574,0.006306216,-0.22702822
-0.2409853,0.102596246,-0.23339388,-0.0083960015,-0.16655546
-0.03133245,-0.13201778,0.5382261,-0.016111508,-0.16590102
-0.03995529,-0.20366049,-0.21513045,-0.00080803316,0.080879696
-0.41222122,0.09919828,-0.26065046,-0.008836742,-0.17180268
-0.48236158,-0.0012093508,-0.20134625,-0.0075278594,-0.22213255
-0.2920033,0.12179959,-0.2246864,0.019711334,0.13688946
0.13880092,0.09069065,-0.17687781,-0.0073030153,0.05836808
-0.31021935,0.07392385,0.39845031,-0.016715592,-0.03509725
0.17745253,-0.02630382,0.45038593,0.010832075,0.016131807
0.14089607,0.042175118,0.42895922,-0.0032477798,0.024540769
-0.6630904,-0.24951887,-0.2896272,0.005836134,0.053856228
-0.62536633,-0.0023922673,-0.24358144,0.012443457,0.16574779
-0.18751144,0.008746322,-0.23176181,-0.012042828,0.1704837
-0.30166104,0.4235706,-0.20291974,0.010043873,-0.059324916
-0.25644338,-0.02895249,-0.22498071,-0.019210774,-0.08865456
-0.9008729,-0.36144197,-0.3198418,-0.006959901,-0.031043872
-0.5888576,0.35914046,-0.23089504,-0.014600174,-0.066911355
-0.53964704,9.170803e-05,-0.21955103,-0.012272811,-0.15760052
0.99637383,-0.020664848,0.6623176,0.011621229,0.040064514
-0.7998917,-0.13097566,-0.22985017,0.0150463,0.12657821
-0.050687645,0.11569168,-0.16991688,-0.0243253,-0.06151002
1.145095,0.085704565,0.684617,0.009989546,0.1246013
-0.28661078,0.24476123,-0.23059498,-0.0067344466,-0.13670595
-0.29150614,-0.09394738,-0.2232774,0.008618605,0.1939924
-0.25797158,-0.060415313,-0.21924902,-0.009419007,-0.22609597
1.2915167,0.0642528,0.66029775,0.006062556,0.039769128
-0.35419598,-0.0005200212,-0.2549641,-0.011299344,-0.05363401
-1.0576547,-0.43264768,-0.26346448,-0.011066763,-0.22459759
0.37436822,0.27710828,-0.123607926,-0.0023551704,0.15478314
-0.96565086,-0.21640742,-0.25187057,-0.0016126893,-0.2250248
-0.798896,-0.09441434,-0.26707152,0.012762485,-0.016373241
-0.8104386,-0.27002907,-0.23667161,-0.0135516105,-0.2153962
1.3886431,-0.052424144,0.83039093,0.002270506,0.04262262
1.4623238,-0.07184852,0.8522643,0.0034788041,0.07931441
-0.76786983,-0.13478,-0.21730666,0.014247576,0.29410166
0.16080928,0.3645432,-0.18712099,-0.0050733536,-0.052950688
1.0299917,0.06065117,0.65403754,-0.010589133,-0.017420199
0.799427,-0.32198533,0.63942987,-0.0051314356,-0.0702832
0.046932977,0.1546287,-0.1758249,-0.024094831,-0.1937488
-0.17329694,0.15865427,-0.2156649,-0.0040598856,0.051805373
-0.5334128,-0.125951,-0.28368047,-0.006512918,-0.037704308
-0.6249369,-0.22815399,-0.27386776,-0.0032177146,-0.09052846
1.14889,-0.22416098,0.78255355,-0.031713445,-0.096191995
-0.4959043,-0.013242328,-0.23565942,-0.010948028,-0.05182341
-0.4461794,0.03847839,-0.23802072,-0.015057262,0.015537235
-0.23484382,-0.082238406,-0.23496486,0.011560757,-0.06181245
-0.95308036,-0.08324601,-0.2568738,-0.012867167,-0.22542126
0.03883322,0.30680194,-0.21704601,0.006630454,-0.13016088
-0.621312,0.17841356,-0.21655253,-0.019023005,-0.10480854
-0.1883894,0.20678881,-0.15943883,-0.019191228,-0.063956805
-0.6301766,-0.43571687,-0.2597964,-0.0131792715,-0.25482056
-0.6197412,-0.23934522,-0.24943003,-0.013558944,0.1427891
0.16521151,-0.12337618,0.6272539,0.0060566133,0.05741963
-0.32881835,-0.08821658,-0.23545697,0.017009508,0.23973526
0.38300946,-0.0049758144,0.6085362,0.020120744,0.03379759
-0.34663594,-0.18966416,-0.20428014,-0.009327593,-0.046379358
-0.15637296,-0.32419336,-0.2680078,-0.009881582,-0.3024193
1.0208158,0.052374702,0.6579155,-0.0015340731,-0.024041353
0.50079757,0.009664893,0.6361069,-0.01269502,0.063665256
-0.59108216,0.08244454,-0.26006943,-0.0061329715,0.027608378
1.0723441,0.017093375,0.6576219,0.006088704,-0.017619401
-0.58304733,0.08125219,-0.24332868,0.006285591,-0.022951232
-0.6015627,-0.14286329,-0.21189637,0.020314358,0.23410933
1.5380565,0.13106458,0.59303325,0.00039115804,0.12850139
-0.57856476,-0.3434594,-0.2537057,-0.013137959,-0.10092102
-0.34089822,0.3010412,-0.21608128,-0.010917224,0.03802215
-0.466636,0.07427185,-0.2769093,-0.006609115,-0.08128109
-0.79640263,-0.20650502,-0.28158626,-0.008697623,-0.20096467
-1.0624754,-0.3686393,-0.27136993,-0.013877945,-0.24740611
-0.33044875,-0.027022373,-0.23301375,0.00969184,0.25112358
-0.35108206,0.34368035,-0.20224333,-0.011119425,-0.08248319
-0.66922456,-0.236971,-0.23652782,-0.0047145393,-0.09499435
-0.70163244,-0.19088951,-0.26670852,-0.010604556,-0.14102934
-0.7571711,-0.052268617,-0.29550543,-0.008532904,-0.08660853
0.8990459,0.072925285,0.6922466,0.0015249248,-0.017451271
-0.7451216,-0.23947878,-0.24803466,-0.012952372,-0.06066303
1.1103237,0.007276577,0.61499506,0.006809433,-0.0001307494
-0.4485417,-0.0655556,-0.24096765,0.017415106,0.2636104
0.16838679,0.23867919,-0.20582007,-0.02304958,-0.14233074
-0.554913,-0.26019898,-0.25111383,-0.00638282,-0.07589758
0.02323753,-0.029498838,0.42631406,0.0017530816,-0.18057902
-0.43767408,-0.18967387,-0.229451,-0.01100647,-0.309057
1.4770757,-0.053860154,0.756081,0.0014455596,0.10098912
-0.30126578,0.37537777,-0.21718024,0.0030385647,-0.041176066
-0.9351104,-0.117744274,-0.2563662,-0.0066561173,-0.11031078
0.18616427,-0.014576934,0.44900224,0.0032693872,0.040411584
-0.3255284,0.100405805,-0.22671174,0.012793226,0.33867192
0.039286148,0.1900134,-0.19487002,-0.012977941,-0.03680742
-0.7009015,0.013614992,-0.24085337,-0.005364511,-0.22747715
-0.19038361,0.24372128,-0.19014339,0.010740146,0.04625475
0.19110338,0.22410426,-0.17036556,-0.0037536705,0.124945536
-0.2314073,0.12557226,-0.18304813,-0.033810355,-0.27698708
0.5861289,0.18822828,-0.13176262,0.016793251,0.10802613
0.79444534,0.011238146,0.66032094,-0.001947368,-0.09323223
-0.6071325,-0.114057116,-0.24672084,0.008663029,0.3471263
-0.12774248,0.025478698,-0.17913777,0.016149856,-0.065492034
-0.9641487,-0.42838398,-0.2920925,-0.0100134965,-0.16597085
0.40000066,0.31972903,-0.18272768,-0.0054326924,0.026790781
-0.48375848,-0.04028334,-0.22067843,-0.021603588,-0.13044545
-0.0979211,-0.4075609,-0.19611925,-0.0077759884,-0.19654384
-0.8458534,-0.063557595,-0.25090817,-0.005915807,-0.03562521
0.5977441,0.16663712,-0.13866554,-0.013767922,-0.0105119385
-1.2362831,-0.47237766,-0.2595501,0.0010041771,-0.18458489
-0.1894211,0.40045992,-0.18517852,-0.0034066755,0.03055951
0.6351747,0.021713024,0.53503346,-0.0009092564,-0.060445752
-0.4822588,-0.2038695,-0.24050203,-0.0066257427,-0.3110455
-0.6813643,-0.0051800967,-0.25665766,-0.010109243,-0.17024018
-1.0996588,-0.44524673,-0.2734813,-0.010982703,-0.15190145
-0.23619,0.007607633,-0.20679218,0.0033247452,0.16104114
-0.681195,-0.29094163,-0.27736247,-0.011451352,-0.1320558
1.0002352,-0.0006919992,0.66162467,0.011268037,0.018348388
-0.17414065,0.3879333,-0.22318248,0.007939975,0.1870066
-0.6038042,-0.15793854,-0.24611843,0.013114912,0.26317182
-0.8182602,-0.16160543,-0.23968394,0.018944582,0.20013702
1.3693151,0.14581293,0.6354131,0.0072493716,0.11294742
0.6031691,0.19315131,-0.13239573,-0.010353535,0.041017838
0.22454491,0.15928787,-0.17123097,0.0120041445,0.12865901
-0.29982606,-0.03854818,0.4078191,0.022883916,0.028930206
0.23903255,0.08616424,0.43144915,0.01723949,-0.08318029
-0.9424632,-0.41036686,-0.31711197,-0.009848105,-0.14272936
0.6104854,-0.08243129,0.7054016,0.0009131525,0.056075208
-0.23478796,-0.00567112,-0.22519259,-0.005005799,0.20860372
-0.9203949,-0.48365778,-0.2591747,-0.01243219,-0.24084815
-0.58047754,0.026270187,-0.24539056,0.015364468,0.24011369
-0.8471656,-0.36692178,-0.25015673,-0.01198369,-0.074358106
-0.46084565,0.045317646,-0.23226991,0.00922565,0.19807109
-0.4372348,-0.1099008,-0.22779752,0.021679986,0.38002157
0.35476288,0.06537763,-0.15728857,-0.00074352184,0.022676978
-0.5088012,-0.033940025,-0.26440272,-0.011187161,-0.04048578
0.9058857,0.09164552,0.69791836,0.009219991,0.064277455
-0.20667513,0.39361295,-0.18733598,0.006232233,-0.119493805
-0.018953098,-0.026634306,0.6689454,0.037227497,0.10876978
-0.8589813,0.012030712,-0.2579454,0.0038778035,-0.052843418
-0.7122417,-0.14355771,-0.2841053,-0.01073345,-0.079974644
0.87275904,0.003509162,0.61991256,-0.0074738837,0.076376446
-0.65415484,0.30507693,-0.25254837,-0.0025527366,0.11482421
0.87042105,-0.011707996,0.6578094,-0.011040384,-0.22865275
-0.138941,0.35537764,-0.21500829,-0.008667404,-0.09117516
-0.30161396,-0.5518177,-0.24138662,-0.012106538,-0.35621837
-0.0269222,0.062080488,0.42087096,0.008491437,-0.07262588
-0.1357754,0.061557353,-0.19324951,0.009703975,-0.14075051
-0.6959407,0.01142518,-0.26089537,-0.009752583,-0.1866595
-0.6972256,-0.17317499,-0.2478015,0.017086782,0.15303643
-0.33711866,-0.067490995,-0.23428783,0.019928794,0.2771047
-0.155385,0.1906297,-0.17662767,-0.013186811,-0.1736589
-0.72041184,-0.3722543,-0.25886393,-0.00679689,-0.26935008
-0.31505057,-0.15285583,-0.22467948,0.0108177895,0.2304767
-0.27302215,-0.1199323,0.3919383,-0.0169686,-0.13412125
-0.7959081,-0.2358482,-0.2568922,-0.014189741,-0.24280867
-0.29022536,-0.09826332,0.4179389,-0.0018632743,-0.24332765
-0.13407347,-0.017541068,-0.17882888,0.0036082873,-0.14068338
-0.15464288,-0.21006702,-0.26252118,-0.0066097784,-0.26617092
-0.26037824,0.14224412,-0.25723904,0.010319619,-0.16753544
-0.17180723,-0.35623556,-0.2211827,-0.016320646,-0.07333053
1.2490834,0.06574394,0.7090008,-0.0018368531,0.01734695
-0.23267809,-0.28567612,-0.2768607,-0.0037995307,-0.24800815
-0.41337168,-0.102775045,-0.23656732,0.020732103,0.31811947
-1.3051733,-0.44707137,-0.250908,0.00022566243,-0.16117893
-0.4435104,-0.08639339,-0.24613059,-0.0037159373,0.17588484
-1.2054304,-0.4794015,-0.2577388,-0.010198858,-0.21880968
-0.52620804,-0.079488784,-0.22496052,0.023462301,0.29086635
1.432877,-0.13655613,0.8995726,0.004609002,0.05689719
-0.46623936,-0.12489335,-0.26021692,-0.013702862,-0.028105881
-0.70735335,-0.11713161,-0.28041625,-0.015185591,-0.07147839
-0.8654256,-0.093545176,-0.27030057,0.007089546,-0.029003195
-0.4839589,0.019441906,-0.25129706,-0.0028809956,0.040077053
-0.93004316,-0.50481886,-0.24747318,-0.010441527,-0.22472557
-0.3487839,-0.23296577,-0.23954995,-0.019331526,-0.15454996
-0.110998854,0.36296827,-0.19675922,-0.001032956,0.22121862
-0.34188294,0.31910375,-0.19445677,-0.012940603,-0.031468112
-0.39469248,0.21635376,-0.23002352,-0.0031518731,-0.060064584
1.1477672,-0.07548784,0.7153329,0.0068578827,0.014847761
-0.475276,-0.027277367,-0.20527683,-0.005323451,-0.06103413
-0.4840412,-0.044158425,-0.25046915,0.0048500537,0.2040323
-0.5750275,-0.31512666,-0.2748839,-0.0051802318,-0.100852944
-0.070829116,-0.023854041,-0.174175,0.021844253,0.06330906
-0.9143166,-0.3027414,-0.24709389,-0.004859739,-0.18574798
-0.1685862,0.03390194,-0.20178851,0.003182746,-0.032090046
0.17698552,0.39151022,-0.18246172,0.019629573,0.21749166
-0.4423278,-0.19547778,-0.22657292,-0.002529756,-0.030291354
1.3394892,-0.14378162,0.75502473,-0.0035165788,0.035645094
1.0680954,0.012708146,0.7226019,0.0051987343,0.014668857
-0.54977727,-0.07207763,-0.22283036,0.025846433,0.37354282
0.023945114,0.39440182,-0.17952724,-0.0061217966,0.04283661
-0.96973646,-0.09107682,-0.2583515,0.0021699835,-0.076730326
-1.0231433,-0.35643488,-0.26387593,-0.016623084,-0.08489911
0.6168826,-0.052261766,0.62237287,0.015490649,-0.03025614
-0.65541637,-0.13525912,-0.27052283,0.008134992,0.22377494
1.3665783,0.018249093,0.70487666,0.015018447,0.14680599
-0.60801697,-0.3103342,0.28275454,-0.022879303,-0.090656504
0.87308097,0.0099904435,0.54757893,-0.007150097,-0.26385364
-0.43830025,-0.08600528,0.36346447,-0.02139029,-0.06596727
-0.46397123,0.046541255,-0.2661431,-0.004861002,-0.14007396
0.27243984,-0.13130248,0.57490623,-0.005898908,-0.06985549
-0.7162781,-0.30580366,-0.23460862,-0.017333096,0.134623
-0.054254998,0.11293927,-0.20170031,-0.0042402903,0.036003355
1.1249428,-0.03706129,0.75774586,0.0049934257,0.061246105
0.2629194,0.20219164,-0.16204736,-0.009319672,0.033280876
0.233876,0.060954653,0.5957554,0.0045663295,0.03609582
-0.39958555,-0.12197488,-0.25185588,-0.013997682,-0.17939767
-0.46520352,-0.19040889,-0.2174468,-0.011208434,-0.13936661
-0.43399596,0.027400108,-0.2447079,0.0039569978,0.2615003
-0.9532775,-0.3252039,-0.2762919,-0.010379592,-0.18673807
-0.20690109,-0.039004546,-0.18403998,-0.0030503161,-0.08716946
-0.68349284,-0.36284742,-0.28143543,-0.011259869,-0.2330976
-0.72844523,-0.019513967,-0.2831009,-0.0051578856,-0.039557055
0.50299495,0.056351338,0.48551714,-0.020906363,-0.10437832
-0.4624402,-0.045473136,-0.21530181,0.0017144694,-0.0058957227
-0.54971313,-0.12607987,-0.23706101,-0.0123912785,0.15400817
0.25817633,0.09581504,0.44719172,-0.028759409,-0.027760735
-1.112535,-0.18172024,-0.26035354,0.019474315,0.12665632
-0.09188498,0.30841553,-0.19130884,-0.009374289,-0.01388521
-0.51774246,-0.4337741,-0.26398778,-0.012176231,-0.33005098
-0.5535528,-0.35228482,-0.23244783,-0.025823701,0.0504978
-0.5053635,-0.4626207,-0.27064234,-0.014284113,-0.2600927
-0.68357617,-0.3397419,-0.2664933,-0.01886575,-0.10469608
-0.6737913,-0.32606825,-0.2386181,0.022670772,-0.05118453
1.2508208,0.04133382,0.6823123,-0.007939441,0.034933507
-0.4501056,-0.1326101,-0.23684122,0.016712938,0.09395984
0.19208722,-0.018557644,-0.19334379,0.009522468,-0.17362626
-0.9801504,-0.120266296,-0.27277622,-0.0062493803,-0.091145664
-0.46559834,-0.013750326,-0.24173027,-0.046947006,0.19726685
-0.8815862,-0.5092599,-0.24479732,-0.016538262,-0.30775568
-0.03812929,0.21204555,-0.19354388,-0.009873819,-0.03817367
0.3643732,0.28802013,-0.12363168,-0.0018978491,0.17264643
-0.43492004,-0.18576539,-0.22776446,-0.01740005,0.19433354
-0.29187375,0.24427435,-0.23750937,-0.013312032,-0.01815774
-0.49501094,-0.064268775,-0.21214288,-0.014488843,0.0026722895
-0.940433,0.09684287,-0.2459806,-0.0055252253,-0.050423056
-0.5549145,-0.041039113,-0.268006,-0.011789856,-0.060612448
-0.67477936,-0.3701313,-0.29096818,-0.01807338,-0.25978214
-1.1157538,-0.46919334,-0.24912533,0.0041607767,-0.029433817
0.68420917,0.25412688,-0.14187965,-0.010309038,0.19771667
-0.45940354,0.08136134,-0.19135314,-0.029454198,-0.064559326
-0.2965604,-0.10266683,-0.22731075,0.025373537,0.3010251
-0.32880935,-0.034670766,-0.1982392,-0.04030573,0.28984493
-0.47622094,0.05881752,-0.23941495,-0.010911619,-0.08972705
-0.5115109,-0.39627057,-0.22041993,-0.003613795,-0.22348094
1.0271161,-0.0744315,0.6233455,-0.009157237,-0.059017304
0.07483084,-0.09175091,0.43470213,0.015712542,-0.28457603
-0.78330076,-0.11070022,-0.26176628,-0.011917425,-0.16872266
-0.38937378,-0.09257245,-0.22857755,-0.009864676,-0.12371934
-0.31794667,0.0075024674,-0.22705345,0.006851863,0.32563126
-0.7718499,-0.31460395,-0.24639924,-0.016162192,0.015447065
-0.6587523,0.07055384,-0.24896011,-0.015227794,-0.17225097
-0.6196817,-0.2098755,-0.25182652,0.016663129,0.066677004
1.3538316,-0.11173989,0.79289424,-0.00200044,-0.09635438
-0.6737079,-0.5237595,0.3240253,0.010749013,-0.22441986
-0.8123121,-0.1261351,-0.28187707,-0.006784811,0.07286841
0.018065292,-0.06407041,-0.24698094,-0.0059981365,-0.23976831
-0.58164424,-0.47145158,-0.25943413,-0.017153677,-0.26579377
1.3338711,-0.10375173,0.803674,0.002485983,0.06370475
-0.14047886,0.34147823,-0.17381728,-0.021423282,-0.052867334
-0.5495353,-0.067401044,-0.27094218,-0.007417401,-0.02103626
-1.0593303,-0.4851035,-0.26455182,-0.015290478,-0.16794978
-0.96384776,-0.030991536,-0.26601642,-0.01584269,-0.1291078
1.2645853,0.13149805,0.6792269,0.017193362,0.09453482
1.5122501,0.22833776,0.62333775,0.0036822844,0.09695779
-0.924486,-0.10440202,-0.25269362,-0.01086277,-0.12319259
0.20060457,0.18369067,-0.20695382,-0.044676956,-0.020838821
-0.3702371,0.33534974,-0.22677577,0.007948739,0.31806326
-0.8914492,-0.21272673,-0.22043015,0.021684296,0.25117317
0.61593276,0.21067081,-0.116755344,-0.008636742,0.0626644
-0.66510135,-0.40781772,-0.29215348,-0.01485143,-0.15184355
-0.26266408,0.22123906,-0.22845376,-0.00808914,-0.12666333
-0.83048266,-0.07101815,-0.2749972,-0.0038898445,-0.11497545
-0.5932658,-0.45002452,-0.27217126,-0.017790886,-0.2851998
-0.692895,-0.28036022,-0.28358135,-0.02201489,-0.022573732
0.29567116,0.17931722,0.5668449,0.02961102,0.17531599
-0.7727585,-0.25014362,-0.24443366,-0.01995283,0.12740444
-0.66541964,-0.45833024,-0.2788697,-0.014108135,-0.2249097
0.047568586,-0.06165721,-0.11039248,0.04186754,0.028759332
-0.54598296,-0.1240916,-0.22711647,0.001471601,-0.22783546
-0.8498111,-0.32690066,-0.27025712,-0.015583496,-0.18311523
0.2678528,0.26755142,-0.16363338,-0.004142531,0.14019506
-0.69686806,-0.5072715,-0.2650461,-0.011137392,-0.29109776
-0.6909838,-0.08063202,-0.2715228,-0.01404215,-0.24515392
-0.03389944,0.20357388,-0.19652951,-0.010128511,-0.077260435
-0.6990659,-0.2805027,-0.1988889,0.026049215,0.04064443
-0.104972795,-0.23003788,-0.1823136,0.0007679714,0.013690404
-0.34987774,0.08867036,-0.21960914,-0.012789878,0.15897085
-0.61905646,0.20221059,-0.20614277,-0.024655329,-0.066329524
-0.2940574,-0.103054434,-0.21958327,0.020930968,-0.0715517
-0.60115707,-0.45501727,-0.2678687,-0.016653243,-0.2621798
-0.14863515,0.329296,-0.1944761,-0.0076253726,0.004228995
-0.27948478,-0.038093757,-0.23236054,0.020344116,0.17726259
-0.25176972,-0.107365206,-0.23026861,0.012492761,-0.0023729752
0.21704842,-0.099979155,0.63252306,0.02973232,0.057362378
-0.82442,-0.36645725,-0.23518047,0.0035484224,-0.16690312
-0.33848548,0.2859329,-0.23156543,-0.013333247,-0.14129443
0.26593974,0.16091254,-0.16823407,0.00090505014,0.029956695
0.4626301,0.120776534,0.3961184,-0.010048044,-0.013586302
-0.08533974,-0.023867022,0.40256086,0.0014686175,-0.04172563
-0.38084188,0.18990588,-0.26037726,0.00062209694,-0.03140019
0.13977584,0.06334136,-0.19080801,-0.010734596,-0.012764847
-0.08768895,0.25946552,-0.19123244,-0.015202302,-0.08770543
-0.36039922,0.34012702,-0.19469582,-0.019607741,-0.011412536
0.62757987,0.13988444,0.4691361,-0.005998184,0.0074383207
-0.28400528,0.0062968023,-0.23847441,0.00750616,0.2312943
0.2307121,0.302242,-0.14979538,0.012590535,0.15178923
-0.6429149,-0.4201198,-0.26409942,-0.014248628,-0.28366855
-0.6058286,-0.34817287,-0.2478945,-0.010409769,-0.21148558
1.1325868,0.07980562,0.53327703,-0.0039284322,-0.05950925
-0.5238806,0.00477064,-0.25773194,-0.0076498855,-0.14668882
0.32506666,0.03587769,0.60293275,0.0033834446,0.11376192
-0.8125059,-0.045910936,-0.25149468,-0.006668968,-0.18269663
-0.6161245,-0.44430602,-0.26971343,-0.016502228,-0.29426056
-0.78888434,-0.38333,-0.2963587,-0.018315258,-0.17725512
-1.0551354,-0.4597494,-0.23282741,-0.0026676373,-0.07409386
0.09746786,-0.25640258,-0.17348295,-0.004344007,-0.046751626
-0.52457124,-0.33672217,-0.25570062,0.014543857,-0.05906619
0.5964435,0.2046237,-0.16094154,-0.014068786,-0.02960319
-0.42753193,0.22437343,-0.22502744,0.0062192874,0.21178779
-0.34964052,-0.06858591,0.4414745,0.023556586,-0.21472676
-0.1619564,0.22123559,-0.2255912,0.004023606,0.02665496
0.7191365,-0.090722725,0.48124933,0.00038966187,-0.72530097
-0.69615215,-0.3787313,-0.28833428,-0.00999901,-0.23146966
-0.21598946,0.11280831,-0.25092283,0.010973662,-0.077755764
-0.5425385,-0.09950435,-0.23693764,-0.0151861105,-0.0824941
-0.64142066,-0.08900526,-0.27434248,-0.0007679751,-0.20624383
-0.6424469,-0.40510947,-0.25903377,-0.009160429,-0.15657489
-0.3066407,-0.0727051,-0.25269186,0.0047902926,-0.19286385
0.023810958,-0.10356375,0.50814503,0.00043139607,-0.17323564
0.57517695,0.21837778,-0.15827063,-0.01119566,0.03134181
-0.4101406,0.0048292493,-0.23878098,0.009791816,0.23054284
-0.10755445,0.43283048,-0.17536823,0.004415371,-0.10524854
-0.51067543,0.08620917,-0.24934725,0.0002433054,-0.10836498
-0.28824648,-0.08838527,0.38014618,0.03975974,0.034698214
1.1600823,0.13387135,0.6961122,0.0016967473,0.17551653
0.026933162,-0.4337649,0.55989796,-0.02045545,-0.15873915
-0.5361706,-0.08058522,-0.24565603,-0.008714827,-0.027949387
-0.418433,-0.13065447,-0.24603307,-0.0069651008,0.14557448
-0.14983985,0.21341774,-0.18101795,-0.017729642,-0.15258268
-0.33067992,0.34250617,-0.23482388,0.012986161,-0.12789442
0.19023938,-0.012734417,0.58186924,-0.005896857,-0.06612889
-0.67819226,0.0156018995,-0.24963918,-0.000289683,-0.12765785
-1.0707039,-0.30289298,-0.26493,-0.002473795,-0.14338411
-0.41842496,-0.054755177,-0.21780689,-0.022769146,0.20477733
-0.5309713,0.23991877,-0.21355924,-0.01512523,-0.075239934
0.112557545,-0.12356241,-0.19897297,-0.0050101196,-0.04197579
-0.21358566,0.34376645,-0.18659246,-0.011628485,0.02790325
-0.06112088,-0.02003908,-0.20330167,0.008374773,-0.00029908214
-1.1182994,-0.49694133,-0.24716257,-0.009277007,-0.13872476
-0.84067416,-0.27454984,-0.27306905,-0.005319999,-0.19208957
-0.46764025,-0.19043915,-0.2253809,-0.010103475,-0.06475785
0.12442436,0.29555917,-0.18208063,-0.027539182,-0.032487266
-0.5681663,0.03400931,-0.2362378,0.011083966,-0.08935699
-0.31712082,-0.24902776,-0.27386084,-0.014937657,-0.21529911
-0.18293141,0.1965864,-0.21647006,-0.010673358,-0.019786445
-0.3034109,0.008470263,-0.23566078,-0.0067902682,0.021849316
-0.4664426,0.32268393,-0.2094658,-0.02231336,-0.050070547
0.2288485,-0.0755765,0.6748226,-0.006720532,0.057477377
-0.052300494,0.021648722,-0.22226004,-0.0004946203,-0.18368906
-0.3236549,0.097191244,-0.17522092,-0.022839446,-0.068946645
-0.25700423,0.29728597,-0.20579588,-0.013544366,-0.07567108
-0.4486897,0.21642469,-0.18754476,-0.017912852,-0.044403274
1.215288,0.0841927,0.614817,0.008652229,0.063998446
-0.38026628,-0.15696394,-0.24527073,0.0044649304,0.12867795
-0.022488274,0.17229797,-0.18003288,-0.005116296,0.13559142
0.080964014,-0.002545665,0.4341838,0.0019063626,-0.020548057
0.19760104,0.1941559,-0.1575999,0.02546573,0.11912681
-0.45917368,0.04959291,-0.24483824,-0.009387118,-0.017063051
1.2811531,-0.12548332,0.73766166,0.008441551,-0.07205556
0.10252735,-0.27054837,-0.21447858,0.014063672,-0.2194628
-0.3986121,0.20298986,-0.2468523,0.0005229792,0.037443068
-0.38859937,-0.18831523,-0.24377939,0.027303122,0.04043167
-0.45754713,-0.25420406,-0.22915246,-0.021957338,-0.22999114
-0.38923472,0.1251409,-0.16251057,-0.032993205,-0.052105222
0.10643392,0.12943164,-0.17595753,-0.018439168,-0.15347153
-0.791551,-0.21984237,-0.2426103,-0.0017587991,-0.13957855
-0.7297696,-0.37894687,-0.25547004,-0.011551269,-0.07588084
-0.29166344,-0.022102674,-0.26432815,-0.0057200575,-0.19165918
-0.8285894,-0.41340768,-0.27360556,-0.012136623,-0.25180858
-1.0463412,-0.1940882,-0.26720142,-0.009754133,-0.15712993
-0.54421973,-0.35196942,-0.25995955,-0.01389483,-0.22035274
-0.6347764,-0.059052013,-0.2508204,-0.0002496009,-0.14263356
-0.037581634,0.21236084,-0.19333601,-0.009856836,-0.04630829
-0.36583847,0.070810504,-0.20179608,-0.021692134,-0.066648506
-0.97209513,-0.39384857,-0.28756973,-0.009877594,-0.14136626
-0.66713905,0.05765963,-0.24741095,-0.01305181,-0.03335805
-0.7514242,-0.25169295,0.32012102,-0.017130628,-0.077212885
-0.7070548,0.19330555,-0.23781681,-0.009505891,-0.08898968
0.0077321124,-0.07568836,-0.2314392,0.008066915,0.037471596
-0.6586789,-0.26051906,-0.24945137,-0.010613115,0.15454622
-1.0959457,-0.38047045,-0.25774273,-0.013934958,-0.22860034
1.4782554,-0.12912358,0.7856237,-0.0020630853,-0.076957755
1.2769982,0.07539541,0.7257281,0.011767742,0.036645677
-0.3650281,-0.31201887,-0.21584657,0.0010396242,-0.047366843
-0.5762266,-0.11232595,-0.25095603,0.010400379,0.1429215
0.04134259,0.1684174,-0.15773682,-0.004428395,0.02419192
0.7433318,-0.035578877,0.6231124,-0.0092068855,-0.0054555675
-0.31990725,-0.1785375,-0.17322576,-0.011790683,-0.16108947
-0.86881036,-0.0784082,-0.24277107,-0.008764103,0.22380778
-0.8510674,-0.41461936,-0.26187223,-0.014527201,-0.28323776
-0.32930267,-0.49952033,0.25852096,-0.016786143,-0.17169577
-0.2836573,0.22507218,-0.18426868,-0.016880315,-0.05087441
-0.82022685,-0.058077756,-0.23726371,-0.019204695,-0.10680038
-0.7299327,-0.23583387,-0.2787242,0.019446718,-0.0025538318
-0.72116256,-0.026071459,-0.24630252,-0.017947558,-0.011364345
-0.67337334,-0.08322306,-0.2600961,0.000401671,-0.09899384
-0.38036183,-0.017612679,-0.23886892,0.0102922525,0.25628516
0.94851154,-0.04784506,0.57275593,0.00218488,0.0923885
-0.302153,0.038674813,-0.21069662,0.0051881904,-0.37214205
-0.38465825,0.48722425,-0.23094624,-0.00040309574,-0.058998536
-0.2668529,-0.15617281,0.393548,-0.016235387,-0.16890444
-0.05162482,-0.14478302,-0.20882048,0.019784983,-0.30803907
0.39751187,0.21618994,-0.14664906,-0.013339916,0.066798106
-0.2574691,-0.28943464,-0.25540298,-0.00017158687,-0.24090408
0.5227505,0.20894091,-0.16220032,-0.011128381,0.0019805315
-0.7271499,-0.05077711,-0.28140384,-0.011067416,-0.03615796
0.25563592,-0.018666442,0.61488354,0.036433272,0.09026732
-0.52330565,-0.1275587,-0.25100935,0.018691873,0.26267675
-0.5324694,0.25874525,-0.22116268,-0.011624495,-0.06304522
-0.6645915,-0.022031479,-0.24852037,-4.8189075e-05,-0.09164144
0.34913734,0.08076771,-0.14857793,-0.019961888,-0.042253494
-0.75033677,-0.3478932,-0.23834668,-0.013531243,-0.10976926
0.11939789,-0.076490834,-0.21576709,0.00888704,-0.15626888
-0.614206,-0.34303036,-0.29144907,-0.008809757,-0.1615431
-0.60006326,-0.0009087296,-0.20857671,-0.008646341,-0.038978063
-0.48344424,-0.008028954,-0.24105337,0.020733396,0.19524197
-0.5745021,-0.3973137,-0.24718426,0.0015748055,-0.26372737
0.501794,0.28186303,0.38314527,0.0027399266,-0.057648424
-0.85434496,-0.28144735,-0.24926366,-0.010954272,-0.25422323
-0.3604353,-0.1281615,-0.23196857,-0.015552294,0.32064453
-0.081348106,0.28870544,-0.15077107,-0.013061373,0.036143284
-0.8044251,-0.23887247,-0.24836744,0.0096433405,0.036573738
1.3622998,0.013585463,0.77630883,0.0071376665,0.062754266
-0.22266237,0.33047614,-0.2244073,0.0019321577,0.026831549
0.23101667,0.25480542,-0.18093756,-0.011006476,-0.09246159
-0.5981441,-0.3113017,-0.24775001,0.017910074,-0.02214228
0.7983379,0.010815992,0.5283597,0.009419044,-0.0177488
0.046006855,0.14381483,-0.19103074,-0.009202467,-0.09194546
0.9087109,0.013931631,0.6633372,0.007598607,0.039466772
-0.86455154,-0.3098043,-0.2452388,-0.012999702,-0.22944137
-0.9829457,-0.2854684,-0.24900268,-0.022272773,0.065096125
0.36347422,0.15024795,-0.18443115,-0.0050153723,0.07109531
1.3395692,-0.017151665,0.7771862,0.004279934,0.010569379
-0.5060749,-0.096224934,-0.2520394,0.006715841,-0.02819969
-0.29733983,-0.2574804,-0.27165738,-0.00982911,-0.26314798
0.32132787,0.1823556,-0.16897686,-0.012999492,-0.0023395633
-0.764388,-0.034962658,-0.25327784,-0.0043809954,-0.1761601
0.55810636,0.18155408,0.5772848,0.02703704,0.2247699
-0.48825186,-0.060537845,-0.2323438,0.0075727478,0.14930858
-0.96319914,-0.089674,-0.2442381,0.010065131,0.011043757
-0.6010875,-0.32001093,-0.258025,-0.0060281353,-0.2889848
-0.6320295,-0.46062732,-0.26278985,-0.0121386275,-0.26843858
-0.0798832,0.36655486,-0.19037566,-0.01529664,0.21924482
-0.22197257,-0.036493316,-0.23228708,0.021507611,0.32008326
1.5293651,0.17464429,0.64302665,-0.0010539894,0.061457314
-0.23862824,0.03889843,-0.1723455,-0.025444642,-0.25413725
-0.5440086,0.04339837,0.34491402,-0.01028317,0.091308914
-0.41612843,0.094582364,-0.23343301,0.0007014675,0.025815977
1.3561791,0.076073155,0.6416389,0.009996377,0.10526049
-0.8586845,-0.37770048,-0.29143927,-0.012390012,-0.2444446
-0.123672046,-0.08530469,-0.23761533,-0.006053555,-0.27434644
-0.05495839,-0.062103003,0.51721364,0.00044671353,-0.11690222
0.1025954,0.12603131,0.39376625,0.0100710625,-0.047064092
0.45615658,0.19639556,-0.13263702,-0.019380692,0.022292074
-0.74751145,-0.44432095,-0.23001377,-0.0083032,-0.25167328
-0.928473,-0.48095056,-0.2493395,-0.0070206923,-0.23500463
-0.6642284,-0.07934674,-0.23186025,0.011946701,-0.02326011
-1.0300679,-0.2593659,-0.29501885,0.005176038,0.09720643
-0.0068288343,0.32885134,-0.21093477,-0.010263182,-0.10114513
-0.12760381,0.13011985,-0.22753504,-0.02582455,-0.0649432
-0.74310446,-0.3429027,-0.25400227,-0.010116384,-0.098342024
1.3349254,0.033286273,0.57872695,-0.0076104547,-0.089502126
-0.70704746,-0.088265926,-0.2776093,-0.0065624607,-0.066269286
-0.44197106,0.1261179,-0.25455177,-0.010444607,0.012253683
-0.37781388,0.09094437,-0.24228539,-0.0016303558,-0.14836422
-0.17313372,-0.07951828,-0.20307977,-0.016718153,-0.091144316
-0.37560463,0.20221375,-0.23433584,0.009296246,-0.0015329383
-0.4903004,-0.14529657,-0.26421747,0.0014392291,-0.08027637
1.0763686,-0.073491886,0.7681068,-0.010271747,0.061587423
-0.7280771,-0.30430493,-0.28991708,-0.015105112,-0.11532607
0.038832176,-0.36977175,-0.16089676,-0.0013467874,-0.17052002
1.27955,-0.009287156,0.7267491,0.01800507,0.05475312
0.040848155,0.48758903,-0.16755597,-0.004954118,-0.09370593
-0.15940866,-0.16126873,-0.19638969,0.024082834,0.14175166
-0.7316713,-0.10262237,-0.27991292,-0.010255199,-0.21363491
-0.5039629,-0.023233932,-0.23780012,0.021895133,0.28183392
-0.24837983,-0.14752242,-0.2468919,0.012233385,0.05183499
0.07195073,0.13483456,0.3806154,0.012374274,0.08601647
0.4838644,0.060392585,-0.13856052,-0.021726217,-0.22766429
0.38542435,0.25881544,-0.14410043,-0.005084045,-0.042857092
-0.65583867,-0.50500256,-0.2652497,-0.017462004,-0.2972109
-0.7600341,-0.29490358,-0.26819292,-0.017149523,-0.04677865
-0.9374352,-0.34778962,-0.29474035,-0.011928341,-0.24488313
-0.62619007,-0.33563855,-0.28182903,-0.0155702345,-0.05992517
-0.44010583,-0.19161995,-0.20683491,0.0022402958,-0.08932342
-0.22340845,-0.043655556,0.39249822,0.027378565,0.03884336
1.067144,-0.08907902,0.76644707,0.008761537,0.04654906
-0.43522036,-0.40860626,-0.2474151,0.0030528256,-0.2568254
-0.57302576,-0.12267194,-0.24325685,0.022635404,0.11279578
-0.40185195,0.2546817,-0.22801684,-0.0076716817,0.1430375
-0.41378355,0.018427657,-0.25461024,0.0010315287,-0.057677496
-0.43947688,-0.18696183,-0.27711987,-0.012683217,-0.21156551
-0.549994,-0.37578374,-0.25647736,-0.0116614215,-0.2245957
1.2085385,0.07542625,0.72073096,0.0045286296,0.06560007
0.17264567,-0.03701313,-0.20629515,-0.017140308,-0.07234407
-0.87062246,-0.46863762,-0.28237194,-0.009916055,-0.12939909
-1.2041634,-0.38121065,-0.26043624,-0.014515212,-0.0010950982
0.41691187,-0.08520492,0.4608302,-0.010557247,-0.21563756
-1.0137413,0.084945515,-0.22810349,-0.012575415,-0.11686929
-0.46551186,-0.25730228,-0.22168237,-0.01795655,-0.20159152
-0.1817297,0.29880917,-0.22906168,-0.0062653315,-0.14729339
-0.40977454,-0.019763313,-0.25464746,-0.0057773134,-0.128666
-0.34207296,-0.1739932,-0.21408255,-0.0068262005,-0.21527007
-0.31341508,-0.1388028,-0.22915857,0.015570618,0.25017735
-0.81922686,-0.3416979,-0.25639597,-0.013584059,-0.07038202
-0.79783964,-0.09750645,-0.21924369,0.016723603,0.25078422
-0.6644613,-0.16819878,-0.25842595,-0.013559162,-0.080708146
0.28914616,-0.0002290344,-0.15770043,-0.0007896094,0.053224847
-0.49984977,0.20257482,-0.20378396,-0.001111658,-0.06266637
-0.39398724,-0.20963702,-0.22290261,0.018951789,-0.20781186
-0.11414325,0.03991547,-0.2127336,0.017165596,-0.14715168
-0.59832364,-0.1911437,-0.22950129,-0.01783146,0.21415445
1.1873119,-0.06281534,0.708372,0.013726797,-0.07293506
-0.82189274,-0.13934001,-0.2601809,-0.012964363,-0.15260553
-0.42804727,0.027626792,-0.22785926,-0.01388508,-0.11858107
-0.5335468,0.13973366,-0.2367581,0.015772441,0.13823311
-0.33690038,-0.11285368,-0.2193987,0.012808066,0.14178109
-0.21181227,-0.18019143,-0.26102382,-0.009762046,-0.21726827
-0.33907032,-0.15592867,-0.25962815,-0.013074526,0.12633905
-0.42016724,0.1716684,-0.24579856,-0.022074034,-0.10149032
0.14434367,-0.11436125,-0.19476771,0.009865856,-0.17489962
-0.9970635,-0.3975459,-0.303202,-0.013391352,-0.21833178
-0.28906065,-0.016321033,-0.23489137,-0.0037505603,-0.061843954
-0.7644518,-0.27968028,-0.264399,0.020217363,-0.0078054303
-0.78254145,-0.17674021,-0.28889856,-0.010974765,-0.22602914
-0.53974277,-0.3720415,0.3166294,-0.02937834,-0.05958391
-0.027268948,0.27161652,-0.22693346,0.0220784,-0.065374054
0.45580953,0.28129387,-0.14349452,-0.01310618,-0.06574709
1.0654045,-0.003932043,0.6932986,0.016855817,0.035425078
-0.5260827,-0.057378594,-0.2246637,-0.014759013,0.013622002
-0.39384022,-0.021163039,-0.26226684,-0.012019354,-0.02476128
-0.6567745,-0.0051263203,-0.23489918,-0.0019694841,-0.09991363
-0.4829871,-0.010801861,-0.24717309,-0.012177252,0.07971206
-0.6530297,-0.50134,0.30267254,-0.016781157,-0.18150283
-0.43723702,-0.10309142,-0.2526679,-0.00018458255,0.1382764
-0.39609146,0.06757919,-0.23504458,-0.0054869093,0.092150025
-0.41424266,0.17790979,-0.25466326,-0.0071046464,-0.04838104
-0.34870005,0.21901053,-0.24359865,-0.0029334843,-0.0019857278
-0.43441996,-0.06672596,-0.22478291,0.024050804,0.28010952
0.8687136,0.04741617,0.59233433,0.0072243824,0.018759577
-0.11354371,0.017841397,-0.20752914,-5.8944337e-05,-0.18062674
-0.49625528,-0.13640875,-0.25878176,-0.012759454,0.28706595
-0.27589667,0.034720484,-0.25589108,-0.0114806825,0.0019199173
-0.46404853,0.20140256,-0.23101152,0.00089786807,0.21950015
1.5666515,-0.12256212,0.8695311,-0.0003054454,0.064407766
-0.8867262,-0.45305005,-0.28804815,-0.014362084,-0.19944093
1.451565,-0.037810393,0.8181368,0.0041700113,0.08695627
-0.6033973,-0.18269831,-0.2381694,-0.013131425,-0.083770685
-0.03726107,-0.074319586,-0.24139777,0.013279581,-0.21743566
-0.5859548,-0.055201534,-0.22919007,0.02717128,0.19872727
-0.5827158,0.17579232,-0.2625983,-0.011026617,0.06044085
0.5957055,0.24305154,-0.1360587,-0.01148746,-0.105795324
-0.18079455,0.06315057,-0.20773561,-0.018670432,-0.2033334
-0.46264082,0.18361178,-0.22509259,0.006542559,-0.065937854
-0.2831617,-0.03460584,-0.20430797,0.020158773,0.186598
-0.8594451,-0.46978143,-0.2746112,-0.012473892,-0.30942458
-0.53467846,0.09915028,-0.23880368,0.0040933555,-0.041795146
-0.91501147,-0.46357313,-0.23889647,-0.011743829,-0.23040147
-0.05920035,0.058998536,-0.1965988,-0.0069265277,-0.029159317
0.3443225,0.042030394,-0.13181631,0.012013275,0.12304261
-1.0998545,-0.5102196,-0.25641298,-0.00037958194,-0.21136974
-1.0393976,-0.2754166,-0.25866958,0.00015592226,-0.19079356
-0.2902353,-0.032100864,-0.22216523,-0.0105046285,-0.0017681476
-0.45564142,-0.10450329,-0.24249609,0.011322886,0.22503951
-0.40427443,-0.049582873,-0.23932861,0.011721715,0.23726282
0.23385197,-0.07281801,0.57885516,-0.0074707107,0.00808553
-0.52506477,0.2542596,-0.24637125,-0.003594499,-0.14538136
1.2590632,-0.08565392,0.75982976,0.018588403,0.076672845
-0.34070152,0.21655859,-0.23190711,0.008697458,-0.077222966
1.4377695,-0.061791006,0.8389263,0.003239011,0.012490865
-1.0367502,0.2410839,-0.23806234,-0.008777047,-0.12685303
-0.4643972,-0.19358392,-0.23253772,-0.017541418,-0.16029903
-0.551911,0.21857557,-0.24136394,-0.011303822,-0.013683923
0.19953835,0.1556891,-0.16175793,-0.008973181,0.027921423
0.5890974,0.3889475,-0.1471413,-0.01438791,-0.056295563
0.23871927,-0.036218353,0.52337694,0.0108055305,-0.15222746
0.04278603,0.23098192,-0.16010672,-9.514019e-05,0.10719715
0.49550378,-0.041975282,0.43810478,-0.02650798,0.0032232064
-0.46517196,0.30072415,-0.22688621,-0.012641171,-0.005194789
-0.10006498,0.1071671,-0.22054693,-0.0078144,0.097763546
0.15747131,0.081644565,0.33600408,0.016029438,-0.0676021
-0.5831364,-0.01928965,-0.28101304,-0.011020636,-0.25266215
0.12802522,0.59836185,-0.1855039,-0.006844892,-0.03000149
0.068033226,0.054438084,-0.19332066,-0.004458113,-0.041969232
-1.0237771,-0.2347171,-0.28255355,-0.014425409,-0.2101103
-0.71451575,-0.07255271,-0.20861703,-0.01765613,-0.24765345
-0.5315192,-0.10370191,-0.22764808,-0.019240431,0.18071593
-1.0594956,-0.19014429,-0.27437705,-0.0042486126,-0.151957
-0.49536407,-0.08472359,0.38843322,0.0003408813,-0.070705585
-0.2898312,-0.037890904,-0.21231185,0.015484281,0.26397353
1.1478177,0.0426682,0.6209372,0.0058105513,-0.08490831
-0.8610796,-0.4149586,-0.25717926,-0.015046457,-0.3092343
0.49994758,-0.03479997,0.6012095,-0.0058322726,0.0178022
-0.40992147,-0.011358088,-0.22228684,0.019078478,0.33287156
-0.11019419,0.19636537,-0.1625913,-0.010509976,0.0061295778
1.2132648,-0.0033592083,0.6646177,-0.00096406136,-0.008351831
-0.29684585,-0.029007107,-0.22736958,0.008221742,-0.20406201
-0.48559773,0.04224319,-0.23444383,0.009416176,0.023466222
-0.380903,-0.07093112,-0.24070585,0.009982985,0.18651475
-0.30552205,-0.10987273,-0.24369943,-0.0026488928,0.19326252
0.056607373,0.1594525,0.4934311,-0.005657318,-0.045339063
-0.6156506,0.004152066,-0.2508038,-0.0039788336,-0.19709024
-0.7477386,-0.52199084,-0.25632855,-0.01722767,-0.2808461
0.11963878,-0.10953609,-0.17530027,-0.007949752,-0.11125202
-0.0054194187,0.002816245,0.54818726,0.04268509,0.1292159
0.03738772,0.23354046,-0.16897395,0.016287735,0.13091046
-1.1297646,-0.48711625,-0.2446538,-0.007768657,-0.18979956
-0.24621876,-0.18449464,-0.25763848,-0.018991224,-0.15000023
-1.0099583,0.019332822,-0.22819844,-0.014996614,-0.10881694
0.074584454,-0.0015874375,-0.11872655,-0.014493538,0.123442054
-0.36229277,-0.11808431,-0.23841098,0.009059701,0.18607551
-0.13964081,0.06071465,-0.20454617,0.0012367493,0.001523884
-0.7570345,-0.16834392,-0.2690641,0.0082214335,0.20333377
0.004420631,-0.34839937,-0.21220067,-0.009971042,-0.15894787
-0.3797461,-0.30142465,-0.22915345,-0.010031723,-0.33094096
-0.4269503,-0.2284849,-0.2673256,-0.014483377,-0.27163693
-0.42939115,0.20694536,-0.20771761,-0.014409973,-0.056474626
-0.25466773,-0.14939573,-0.25253475,-0.01370829,-0.2550123
0.20798947,-0.2985074,-0.15023872,0.0013152463,-0.1494919
-0.8669772,-0.4655827,-0.2872595,-0.014424611,-0.24002434
-0.08906983,-0.025571045,-0.23899634,-0.0192468,-0.0045111952
-0.5840166,0.0863139,-0.24558234,0.01002226,-0.17032664
0.060844928,-0.19984166,-0.20754498,0.009656949,-0.11723673
-0.5582742,0.06428339,-0.25455293,-0.008317172,-0.07999605
-0.6128363,0.087358154,-0.24244338,-0.0033278565,-0.16523066
-0.4318996,0.24238491,-0.2000246,-0.014047647,-0.14744222
0.34210864,0.19288681,-0.17025493,-0.0145554,-0.048387334
-0.3288634,0.13735259,-0.19740553,-0.023308683,-0.1402782
-0.7454312,-0.37593603,-0.2513118,-0.014417171,-0.105817676
-0.11129328,0.120247565,0.34814134,0.007194128,0.21882714
0.54073876,0.11977925,-0.15190527,-0.016777627,-0.02728788
-0.1003851,0.26159304,-0.18945272,-0.015831454,-0.15432893
-0.18021835,-0.07911776,-0.24870573,0.030531429,0.19967724
0.3417957,0.10657215,0.53036016,0.030882455,0.1742759
-0.9924751,-0.09864491,-0.29056993,-0.0098617,0.063383855
-0.59655094,-0.027359905,-0.26878217,-0.005699368,-0.068078265
0.9430722,-0.010402357,0.7173101,0.0009589117,0.048709653
0.30183583,0.15172815,-0.18339741,-0.007609552,-0.063040175
1.0625256,0.027257115,0.6088995,0.0061262897,-0.19415274
-0.3298533,0.018553728,-0.21371733,-0.034244083,-0.31202927
0.25409138,-0.020336304,0.38167152,0.0021734056,-0.0059103435
-0.40953463,-0.24083683,-0.22430235,0.0028527176,-0.2133378
0.12139663,-0.017498342,0.45666164,0.002919804,-0.050563287
1.235458,0.028896762,0.7162265,0.020257128,0.10520116
-0.5422101,-0.013944235,-0.25925583,-0.011835025,0.16509584
-0.5695123,-0.29528463,-0.26478645,-0.014763264,0.005347562
-0.3125168,0.035423975,-0.23211895,-0.027056325,0.24190684
-0.51623386,-0.36017573,-0.2812535,-0.0135801295,-0.24986283
-0.7776472,-0.28508738,-0.22174338,-0.009642048,-0.2232729
-0.8286371,-0.25215,-0.2922617,-0.015888706,0.12519531
-0.5529888,-0.21443586,-0.21925399,-0.0040088817,-0.006605285
-0.6776948,0.33643097,-0.25838256,-0.013477253,-0.072397284
-0.5160405,-0.0904804,-0.26217183,-0.016860869,-0.10671946
-0.49800494,-0.01776676,-0.22891442,0.016777404,0.35495415
-0.44886258,-0.0780887,0.3275093,0.01809038,0.09351242
0.10917459,-0.033347324,0.3775768,-0.01065898,-0.111351356
1.0798223,-0.008192623,0.7338057,-0.0122320205,0.0041405912
-0.5870941,-0.14454964,-0.27978054,0.0074667996,-0.111797236
-0.72009593,-0.41725698,-0.29773793,-0.011871843,-0.17407809
-0.45394608,0.2096735,-0.24166672,-0.011848328,0.07952926
0.4191641,0.17856005,0.43811917,-0.0036545596,0.0050401455
-0.058523152,0.069711685,-0.21147701,3.9951876e-05,0.016509006
-0.4562263,-0.2532078,-0.25024197,-0.02091614,-0.20936945
-0.9161702,0.18112072,-0.2422793,-0.0070797685,-0.025615565
-0.21670386,-0.13737233,-0.25684333,0.018380411,-0.12128852
0.5897233,0.16850294,-0.13661063,-0.012992473,-0.008436928
-1.1594348,-0.4257331,-0.25714433,-0.010154424,-0.27805662
-0.59583056,-0.28833017,-0.25253692,-0.010878757,-0.09841624
-0.8436615,-0.091030076,-0.2508493,-0.022019701,0.1448401
-0.6111693,0.068154424,-0.23211238,-0.020464774,-0.20052788
-0.86930466,-0.0675911,-0.28160626,0.008480746,0.01876185
-0.80108094,-0.46758658,-0.2957552,-0.009376052,-0.1418596
1.3055128,0.09522277,0.720672,-0.002721833,0.074640974
1.2078753,-0.018263306,0.7264776,0.020317342,0.10450987
-0.12425272,0.24375786,-0.20058289,-0.030541904,-0.15120876
1.3001717,0.16257276,0.6504158,0.0066723325,0.12053072
-0.53519076,-0.067528516,-0.28598803,-0.0027306902,-0.05547216
-1.1288978,-0.39666975,-0.27329427,-0.012149949,-0.15349364
-0.77146596,-0.41006458,-0.2403608,-0.015006784,-0.12059954
-0.51084757,-0.011928993,-0.23867667,0.006838604,0.2507675
-0.81435674,-0.032740697,-0.24718042,0.00091767963,-0.052786894
1.1925156,0.036486145,0.6662957,0.00632358,0.073300466
-0.8430906,-0.1588344,-0.28651372,-0.005289454,-0.24008182
-0.27068034,-0.014955753,-0.19890612,0.031617615,0.39558735
-0.075869024,-0.023807881,-0.18874535,0.026645485,0.118602775
-0.7696179,-0.50613266,-0.26891568,-0.010377725,-0.2334172
-0.07650898,0.27752957,-0.19008802,-0.013714846,-0.038641777
0.079107136,-0.12215227,-0.19775958,-0.010453742,-0.23147592
-0.6594475,-0.3611314,-0.2841947,-0.014521973,-0.25882566
1.1289878,-0.036198806,0.70175225,-0.015459139,-0.05379651
-0.64144313,-0.19935139,-0.25216216,-0.0054490212,-0.23984908
-0.8807003,0.02404778,-0.25058225,-0.011760665,-0.08904805
-0.7246374,-0.38179982,-0.26074767,-0.012746509,-0.12585184
-1.0409452,-0.46021724,-0.2808059,-0.014207419,-0.13685547
-0.87309873,-0.12054859,-0.2766836,-0.009647652,-0.11955305
-0.4116332,-0.03461839,-0.2220656,-0.018225817,0.013399383
-0.5799772,-0.3765833,-0.24639398,-0.017212689,-0.30798692
-0.15865296,-0.069584176,0.43734324,-0.0032123271,0.042104308
-0.11369663,0.23616453,-0.24220134,0.0020047112,-0.089335404
-0.106860094,0.14520377,0.36737138,0.009565373,0.024277002
-0.7207225,-0.07530621,-0.28353876,-0.0051558004,-0.2169365
-0.6586639,0.13908926,-0.21952951,-0.009222529,-0.20067695
1.3400575,0.09414454,0.51339436,-0.008477119,-0.18752664
0.2268023,0.18034615,-0.15746896,-0.008632228,0.054493766
-0.42270073,0.16838485,-0.23078993,-0.012195381,0.08768612
-0.42459315,-0.1670767,-0.26703566,0.014141045,-0.20438135
-0.36293852,-0.14243096,-0.27016643,0.031765323,0.16166364
-0.6162572,-0.3627892,-0.28480434,-0.010423631,-0.033603
-0.6719592,0.007779824,-0.2496831,-0.004207494,-0.18593507
-0.6516672,-0.17469041,-0.26095375,-0.015936218,0.2583189
1.3784248,0.09471646,0.7251391,0.015984584,0.1473469
-0.5575867,0.17505603,-0.25370988,-0.00792582,0.027620878
-0.6882386,-0.2989514,-0.27163333,-0.007821317,-0.21010926
1.4171762,-0.1655636,0.79658914,-0.0019154474,0.09034547
-0.3342973,-0.013931983,-0.24378216,-0.017307773,-0.14829898
-0.7696041,0.24824245,-0.23042552,-0.017230205,-0.100163445
-0.6532352,-0.145098,-0.2501099,0.0005614937,-0.2500142
0.58679724,-0.01092915,0.5286617,0.011477017,0.014705563
-0.5454202,-0.30499992,-0.24776432,-0.003960136,-0.33286092
-0.5541828,-0.10739466,-0.24205865,-0.0066157756,-0.0051522255
-0.19316852,-0.046675447,0.39725235,0.034019202,0.08152089
-0.5106538,-0.25641546,-0.28283295,-0.008676953,-0.10040874
-0.18294302,-0.07982399,-0.21862286,0.03400161,-0.13926595
-0.5018645,-0.1410195,-0.22980548,0.002179391,-0.14487639
-0.61830276,-0.5356777,-0.26597434,-0.0138725545,-0.25656286
-1.1340225,-0.044531886,-0.259331,0.0013346202,-0.069720976
1.0688528,-0.01983563,0.6854229,-0.00070702704,-0.09539012
-0.5596887,-0.19037217,-0.23995331,8.082902e-05,-0.24058634
0.11427718,-0.01786703,-0.19853477,-0.0040389127,-0.077599615
0.9960365,0.03808145,0.70418775,-0.00433283,0.011338505
-0.6769217,-0.5346955,-0.2708322,-0.012680726,-0.28600803
-0.62174594,-0.20838495,-0.25087819,-0.008099651,-0.19426866
-0.49312407,-0.060352214,-0.23600316,0.022205992,0.31358665
-0.46003157,0.019587174,-0.25465795,-0.0067043668,0.012610849
-0.097408846,-0.018740073,-0.21099123,-0.0012531406,-0.17619991
-1.032561,0.030711176,-0.23819429,-0.011231558,-0.18063429
0.3580337,0.27148312,-0.14677726,0.011591946,0.23417301
-0.62744933,0.08719508,-0.25194234,-0.016669516,-0.11281876
-0.25034866,0.12721877,-0.20078602,-0.017137617,-0.062078666
-0.39292222,-0.17389384,-0.26059583,-0.0038979708,-0.05427794
-0.4570725,-0.21809033,-0.26813087,-0.010426463,-0.2718569
-0.68313587,-0.22603711,-0.23852237,-0.010437317,0.16032104
-0.43878478,-0.25837788,-0.24867378,-0.014982612,-0.21445224
-0.6517424,0.06278755,-0.23971438,-0.009483205,-0.20264786
0.15769562,-0.020768354,0.5235945,0.023293503,-0.14808615
-0.42597392,0.013521055,-0.23958564,-0.011988459,0.18871231
0.004286235,0.15296346,-0.19603118,-0.012559043,-0.15007277
0.32549754,-0.19151482,-0.1946837,0.010618177,-0.08754582
0.103538655,-0.08290401,-0.15730712,-0.0033574407,-0.23070867
0.60675687,-0.012651829,0.61238676,-0.01287924,-0.051917545
-0.602561,-0.10400082,-0.20951983,0.022130376,0.32565242
0.4057528,0.20552875,-0.16429448,-0.014394009,-0.17996424
-0.71845734,-0.440774,-0.24559593,-0.0013695641,-0.13147722
-0.46588796,-0.35555127,-0.29104146,-0.014066488,-0.26835775
-0.59194946,-0.15515852,-0.2749008,-0.01038249,-0.08357368
-0.47900128,-0.17644326,-0.2774263,-0.014073478,0.0025439553
0.9357182,-0.03831326,0.7158207,0.0037202025,-0.051178407
0.17222036,0.025107672,0.45038512,-0.009995522,-0.06745084
-0.5835558,-0.0042425133,-0.2511008,-0.009223618,-0.0546088
-0.28568977,0.3265855,-0.20888132,-0.0015645928,-0.32611355
0.4995962,0.19612974,0.5051331,-0.0039204396,-0.083140194
-0.39148358,-0.2340019,-0.21331547,-0.010445455,-0.27147973
-0.7360831,-0.4594738,-0.2859187,-0.011701442,-0.2575851
-0.50591016,0.055283807,-0.27130914,-0.004903509,-0.064116314
-0.27353993,0.31322747,-0.220648,-0.007472107,0.20738277
-0.51289237,0.20998721,-0.1772427,-0.022467744,0.005463115
-0.90016574,-0.35699198,-0.27161795,-0.0125995735,-0.11105345
-0.58052987,-0.44864592,-0.22192714,-0.019198794,-0.17267531
-0.61429936,0.04483719,-0.22331266,-0.010025457,-0.22298905
-0.8552073,0.05539506,-0.24654774,-0.008490401,-0.12450758
-0.570505,0.21463475,-0.2313404,0.003477932,0.033651717
-0.06415761,0.0840399,-0.17824648,-0.029952256,-0.24070145
-0.008046538,0.16478169,0.3780325,-0.008588057,-0.014536416
0.6658295,0.23543255,-0.14696386,-0.010553932,0.15661983
0.6299992,0.22206928,-0.11602644,-0.00910617,0.06840984
-0.43191662,0.09364195,-0.22990061,0.0004291993,0.15472597
-0.40567875,-0.039170485,0.3632713,0.023362419,0.04757901
-0.2413068,0.07965066,0.39638144,-0.015636481,-0.00078610796
-0.8649534,-0.21456304,-0.25022426,-0.018586773,-0.11125828
-0.02608557,-0.11515027,-0.17563584,0.0036733109,0.03734159
-0.78793514,-0.29840565,-0.24963678,-0.019701516,-0.036217596
-0.3302091,0.14088105,-0.22265437,-0.006816672,-0.1629086
-0.5447739,-0.03816127,-0.24213481,0.0053305314,0.21562909
-0.34842902,-0.10880485,-0.20866661,0.015726462,0.20770119
-0.43829137,-0.09077356,-0.27690503,-0.009107058,-0.21302299
0.007978643,-0.16191486,0.72551996,-0.007874319,0.016344279
-0.24925667,0.28826928,-0.23647726,-0.006216673,0.014786443
-0.37702408,-0.23488812,-0.24944584,-0.018178442,0.025854303
-0.007558248,0.037722725,0.45886892,-0.005694274,0.028743101
0.6641925,-0.09653282,0.74293315,0.0020881305,0.03269407
-0.6440989,-0.25013205,-0.26451424,-0.010160823,-0.22336632
-0.2744957,-0.059460815,-0.20742515,-0.012035672,-0.06693327
-0.6232942,-0.16374502,-0.2657924,-0.013136795,0.13169563
-0.7516944,-0.14939284,-0.23300754,-0.01652263,0.21171968
1.3147632,0.061719496,0.76053107,0.0054403963,0.031524327
0.11013193,0.16199677,-0.17782527,-0.012025375,-0.06898104
-0.60929865,0.043359064,-0.28356656,-0.0049421126,-0.022473576
-0.97699875,-0.1557034,-0.26542825,0.014540767,0.20782559
-0.6174233,-0.21926211,-0.23872115,-0.016342795,0.15347296
-0.6995825,-0.53792197,0.25979078,-0.01928585,-0.2032368
-0.436903,-0.071197554,-0.21565938,-0.011201913,-0.08712264
0.5067906,-0.057488196,0.45108408,-0.025723528,-0.032738987
-0.1737237,0.098315716,-0.20513684,-0.017457996,-0.1004086
-0.76122856,-0.18223575,-0.24273396,-0.018034022,-0.11112386
-0.5132986,0.03987427,-0.24384375,-0.012413732,0.12753208
-0.6855914,-0.29708767,-0.29543188,-0.01143061,-0.19556054
-0.5649171,-0.28267142,-0.27787662,0.0021853996,-0.111999646
-0.3913871,-0.055943634,-0.21682183,-0.017758189,-0.14160523
-0.49445784,0.2732095,-0.22383505,-0.011086191,-0.14303634
-0.44505364,0.37622523,-0.2108548,-0.008989791,-0.101995684
-0.547934,-0.04836321,-0.23790169,0.023207443,0.2626297
-0.5608114,-0.38612416,-0.29528657,-0.012228985,-0.26371247
1.1566913,-0.015102285,0.7597525,0.00048752571,0.058546275
-0.5120649,0.45101297,-0.20763269,0.00858183,-0.06973824
-0.3758592,-0.093334556,-0.23673232,0.014480239,0.07841012
0.06509919,0.09551328,-0.20209481,-0.007885582,-0.008797795
-0.3354926,0.30684984,-0.2317744,-0.0019460523,-0.18001981
-0.048247986,0.047473717,-0.15445977,-0.0090895295,-0.021021696
-0.89803046,-0.20236272,-0.2531513,0.012095218,0.053276096
1.0874066,-0.06879647,0.72479546,0.0037763186,-0.06266727
-0.3108418,-0.06950835,-0.23822428,0.018202912,0.23085016
0.6980598,-0.14716016,0.69032437,-0.025780471,-0.09054521
1.0450037,0.15526812,0.5897991,0.009371597,0.08917692
-0.6770431,-0.4316604,-0.28877807,-0.015185372,-0.25880325
-1.1343466,-0.44234708,-0.28339246,-0.012075441,-0.17345479
-0.6578266,-0.18283734,-0.19331741,0.015763044,0.32141608
-0.6111714,-0.10858504,-0.28667212,-0.0133242225,-0.2301023
-0.325764,0.006235116,0.39040354,0.027924787,0.024810122
0.4090902,0.21825972,-0.13136712,-0.004372945,0.010417705
-0.4977974,0.17950508,-0.20425259,-0.010875961,-0.17073885
-0.30724764,-0.18039992,-0.16778803,-0.011054765,-0.21207456
-0.35670772,-0.11207911,0.41841444,-0.013178656,-0.20292982
-0.81419945,-0.34274864,-0.30198473,-0.011293719,-0.20433372
-0.055659015,-0.18296129,0.41872317,0.022910397,0.048144247
-0.20859255,-0.13317673,-0.17800733,0.0180654,0.19207849
0.1549792,-0.23903278,-0.21530278,0.0008940529,-0.14982241
-0.49060938,0.0779733,-0.2451865,-0.0059549687,0.13865238
1.6705551,-0.19467708,0.7754689,-0.006044719,0.056518864
-0.38973704,0.48404828,-0.21497048,0.009304978,-0.018808762
-0.5590066,0.12509768,-0.24305418,-0.0035119455,0.123768225
-0.59208786,-0.44688508,-0.23238902,-0.007787764,-0.26556227
-0.5041529,0.0024429355,-0.22441427,0.013948668,0.2223146
0.5516474,0.08848302,0.579063,0.01362076,0.07796687
0.6367844,0.33209145,-0.137241,-0.012314737,0.14393528
0.016743904,0.26542893,-0.18915878,0.00036833278,-0.03361067
-0.7663206,-0.058052655,-0.25259072,0.003166133,-0.22842042
1.4711627,-0.14445192,0.71825653,0.0010834886,0.0891464
-0.07327593,0.0072894413,-0.14822388,0.04148811,0.11747414
0.41714907,-0.22776337,0.6497276,-0.013825748,-0.11243494
1.2979174,-0.077876516,0.8537867,0.02533501,0.062663004
-0.31845436,-0.05043766,-0.22349654,0.027401272,0.29259056
-0.34547633,-0.07233356,-0.25177428,-0.017122215,-0.13507661
0.13585918,0.14064556,-0.20166536,-0.004209607,0.004077504
-0.8418329,0.18767495,-0.22642535,-0.015988532,-0.12465133
-0.19523951,0.21070455,-0.20304933,-0.008151775,-0.364979
-0.35624543,0.0029235422,-0.23831645,-0.007212692,-0.11424985
-0.038373694,-0.012042193,-0.21582085,-0.0055004936,-0.05528881
-0.48788586,-0.28760082,-0.23519385,-0.014063913,-0.20565629
-0.62778676,0.090434425,-0.25872055,0.0033366894,0.17720102
0.60622644,-0.07862637,0.75599885,-0.011010927,0.03116481
-0.21702725,-0.12346963,-0.2376213,-0.013316605,0.037432536
0.7155853,0.04487179,0.51214725,-0.010041849,-0.06650152
-0.4596012,-0.2550048,-0.2771389,-0.010495418,-0.15376799
-0.51986325,-0.016443001,-0.24464524,0.007338361,-0.23732755
-0.5028661,-0.033289716,-0.20174855,0.01407499,0.29613525
-0.37962702,0.014651325,-0.23418278,-0.013554484,0.07105196
0.56952876,0.055458326,0.55113596,0.0267355,0.043336827
0.1266304,0.059438318,0.39602676,0.0056397133,0.09072217
-0.020193007,-0.040829677,-0.23511463,-0.015650168,-0.19546808
-0.59768796,-0.3421261,-0.26638776,-0.018609509,-0.009275546
0.07662369,0.21143863,-0.1882208,-0.021311887,-0.044452813
1.0033704,-0.018833997,0.6597483,-0.008400167,-0.0006862518
1.0225558,-0.020713078,0.67872006,0.018719863,0.075978495
-0.46312472,-0.13090172,-0.23436238,0.002569587,0.32854155
-0.12260626,-0.03883882,-0.21245621,0.02347174,0.28314054
0.16032974,0.14234392,-0.17611508,-0.016872909,-0.07994767
-0.5034508,0.09498814,-0.26264408,-0.003647361,-0.025980271
1.0763893,-0.010387727,0.68541193,0.0067359894,0.06935989
1.2888882,-0.098427214,0.79117435,0.0027036374,-0.006362288
-0.49079505,-0.19227308,-0.27528894,-0.014984807,-0.14523047
-0.60617155,-0.32251996,-0.26964325,-0.023528451,-0.074392565
-0.96509,-0.10896986,-0.2562918,-0.002686736,-0.07367926
-0.7722246,-0.41889924,-0.2831808,-0.013044248,-0.27227905
-0.24914037,-0.06947775,0.3341665,0.043216646,0.08984525
-0.6822755,-0.38919878,-0.26469347,-0.012884328,-0.2174078
0.41783407,-0.1535399,-0.13282356,6.8908557e-06,-0.2896021
0.8914934,-0.027300445,0.6851038,0.0044256668,-0.07518276
1.1315572,-0.023564849,0.6805609,0.0037237895,0.046820026
0.3511942,-0.0862188,0.6273135,0.0074765324,0.00015267404
-0.71692604,-0.44711223,-0.25591102,-0.013052719,-0.2283629
0.009211293,-0.118727885,-0.17309089,-0.015949816,0.11321784
0.19311145,0.24075186,-0.16530183,-0.004140256,0.11904238
-0.5664632,-0.1814684,-0.2681075,-0.014847962,-0.22840726
-0.42695656,0.18313698,-0.19403662,-0.015091466,-0.2869741
-0.61644286,-0.1081099,-0.24934568,0.020281268,0.27291906
1.2397823,0.06714401,0.6068777,-0.0019055593,-0.056280136
0.85632825,-0.08812824,0.47191763,0.0011822823,-0.67952406
-0.500789,-0.2493645,-0.26319444,-0.014663009,0.01787696
-0.63861805,-0.36579356,-0.26168743,-0.014746485,-0.30446228
-0.7603208,-0.35061428,-0.2339406,-0.01789564,0.0028578183
-0.7801181,-0.35960436,-0.32199478,-0.011876682,-0.11054593
-0.705709,-0.29231632,-0.29044235,-0.0129605085,-0.018350733
-0.46231326,-0.49799177,-0.25026366,-0.01986545,-0.30999714
-0.2013619,-0.18851236,0.23579535,-0.024414483,-0.08414772
-0.6429884,-0.035097953,-0.27365923,-0.01173376,-0.19120532
0.020158581,-0.31753153,-0.23187822,0.0015942962,-0.21203007
0.7139036,-0.01861546,0.67796814,-0.0008676136,-0.002544005
-0.39973772,0.09684952,-0.22486699,-0.007729551,-0.22951038
0.11290745,0.024284873,0.4159374,-0.0064946814,-0.062921114
-0.13722934,0.15629978,-0.20512326,0.0012217537,-0.11623754
1.4596971,0.19267675,0.60269755,0.005450209,0.0017614472
1.0958202,-0.080956176,0.78738827,0.009611161,-0.024315452
0.63105595,-0.02537658,0.5798645,0.013915447,0.08198258
0.27514973,0.33907637,-0.14925055,-0.0017591659,0.23030597
-0.6474471,-0.48379314,-0.26669574,-0.015508687,-0.2484137
0.06323048,0.5615504,-0.16316222,0.009482418,-0.06898163
-0.49132162,-0.05428827,-0.26098397,-0.018195046,-0.18107505
-0.62719285,-0.4474246,-0.27761945,-0.015825927,-0.29083562
-0.5155274,0.26018426,-0.23483841,-0.0040011774,-0.054036025
-0.83033246,-0.04995061,-0.23490344,-0.010017943,-0.0032008735
1.431002,0.017093454,0.77805287,-0.0020139886,0.10394453
-0.32807827,-0.0244037,-0.21427166,0.0010179225,0.026537752
0.04746331,0.004209278,-0.11887081,0.014658133,0.1427883
-0.7179088,-0.18427442,-0.27416962,-0.01057877,0.056920055
-0.69692045,-0.31921303,-0.2798437,-0.0116891675,-0.32710907
-0.49190503,-0.21676768,-0.2524593,-0.011331315,-0.24732941
-0.33440882,-0.091448024,-0.23761022,-0.012285244,-0.11778888
-0.3413912,0.06607844,-0.23296386,-0.005611942,0.013606558
0.22347535,0.04748346,0.47894597,-0.0026993118,-0.103469156
-1.0215664,-0.18439688,-0.2553873,-0.0046002343,-0.104361065
-0.5115664,-0.2582351,-0.29635233,-0.01105392,-0.1350592
-0.3024669,0.10120417,-0.238439,-0.0038318206,-0.08881749
-1.090775,-0.38739443,-0.27303043,-0.0036605236,-0.34650326
-0.76746505,-0.122074105,-0.2483635,0.014526065,0.2150468
-0.86478025,-0.08831988,-0.26806477,-0.002736539,-0.08837058
-0.12451199,0.12465749,-0.22529839,-0.008401763,-0.13771518
-0.43366107,0.27246267,-0.23769401,-0.006661257,-0.01655364
-0.51584196,-0.3001157,-0.26274484,-0.010584889,0.014348258
-0.45937493,0.124812275,-0.22923121,-0.0063440343,-0.026501955
-0.5612255,-0.18045089,-0.24635547,0.012953625,0.06996851
-0.86945933,-0.26958174,-0.24644339,-0.0027774894,-0.09609732
-1.0083615,-0.24641438,-0.25851756,0.0009770198,-0.2620339
-0.12799513,-0.058512405,-0.19277427,-0.008762179,-0.025964174
-0.69066983,0.14728804,-0.24007533,0.020865472,0.13047785
1.1398102,-0.047280543,0.833805,0.020387048,0.030844683
0.5779572,0.20587908,-0.1657096,-0.013887671,-0.037354495
-0.6263891,0.09397025,-0.27045032,-0.008257262,-0.10436618
-0.63157,-0.44973427,-0.2546675,-0.013774049,-0.22915395
-0.12895232,0.22261359,-0.21820161,-0.009935977,-0.14780487
-0.6747512,0.21938308,-0.24295543,0.0100349635,-0.16530252
-0.08394579,0.29690653,-0.19035774,-0.004105815,-0.08183725
-0.34974036,0.1546327,-0.19611111,-0.01751251,-0.14315054
-0.34773278,-0.1556876,-0.20590979,-0.029647507,0.33419654
-0.5140975,0.17475379,-0.23694892,0.017486356,-0.06665467
-0.4038721,0.16175964,-0.22853571,-0.01697863,-0.20043181
-0.4305881,-0.06956313,-0.24972644,-0.012861369,0.064801395
-0.2684315,0.17347518,-0.22979434,0.003106899,-0.027490702
-0.4627239,0.09950164,-0.21857582,-0.01346288,-0.2003446
-0.7703858,-0.06437721,-0.23418587,0.017683562,0.27258012
-0.6256807,0.31333175,-0.21363895,-0.0018782692,-0.097992115
-0.42249545,-0.026337503,-0.24375515,-0.008431977,0.13509564
0.5512,0.08728493,0.5904029,-0.009432476,0.03377585
-0.46013784,-0.47267202,-0.2455343,-0.015622562,-0.24547783
0.28780803,0.23391767,-0.13484982,-0.0062732957,0.065081194
-0.500571,-0.34748042,-0.27650684,-0.004556329,-0.21064694
0.51612014,-0.047966912,0.616489,0.006989014,0.035233766
-0.54287905,-0.13703209,-0.2510599,-0.035321128,0.2166259
0.07557659,-0.12066743,-0.22894175,0.00094099576,-0.2536549
-0.94009346,-0.36189422,-0.29930148,-0.01072637,0.022405371
0.50319725,0.076578125,-0.09963827,0.029264811,0.21248849
1.0873461,-0.009971231,0.7000762,0.008096138,0.008677752
-0.68088776,-0.0019713475,-0.27163705,-0.0075490596,-0.0883391
-0.96849215,-0.4577153,-0.2550745,-0.0068777027,-0.16263327
-0.90614015,-0.4128891,-0.31657937,-0.013470592,-0.14916267
0.36514455,-0.030150807,0.52004635,-0.008931118,-0.11620636
0.060547918,0.08637344,-0.2140956,-0.007524521,0.059221305
-0.8758561,-0.14160228,-0.25565112,0.020392086,0.09691832
-0.40251875,-0.045166273,-0.23996568,0.017697752,0.26102817
-0.75812054,-0.28012046,-0.24065267,0.018158361,-0.010937694
-0.46609586,0.09761927,-0.23819791,-0.028632289,-0.049011488
-0.44553167,-0.045261983,-0.20873876,-0.0162307,0.023759678
0.42481264,-0.1644729,-0.1481475,0.015803216,-0.050744373
-0.68867755,-0.1455725,-0.27263078,0.011583637,0.18088052
-0.5209652,0.09383638,-0.2316868,-0.008206266,-0.17294829
-0.04508677,0.41299888,-0.19309035,-0.00022578775,0.21301651
0.99390143,-0.110746205,0.76011926,0.024514666,0.041285787
-0.47629562,-0.40173668,-0.26510766,-0.013415723,-0.2635592
0.54104006,0.1254409,-0.14075552,-0.01115256,-0.059226774
-0.5667862,-0.15438095,-0.2523973,0.012139572,0.2048569
-0.35901546,0.21248898,-0.21912426,-0.007727526,0.13615762
-0.073137514,-0.20906805,-0.24900067,-0.009873259,-0.04813599
1.0092934,0.07740287,0.71047485,0.013777437,0.103765555
-0.3747472,-0.006754041,-0.23788337,-0.01423852,0.21609133
-0.42900133,0.24666594,-0.22844446,-0.0022543368,-0.06475217
-0.7318224,-0.16137168,-0.2237325,-0.017348345,-0.19365168
0.09259496,0.17980397,-0.17944889,-0.008296254,0.030831765
-0.7283859,-0.16551147,-0.27360508,-0.0109976,-0.22011547
0.27496925,-0.13601632,0.63372946,0.021472882,-0.06368135
-0.8307526,-0.17478351,-0.24610391,-0.0051870616,-0.1841793
1.2593449,-0.024855103,0.7366632,-0.0029227235,-0.097285666
-0.69302106,0.310506,-0.22371061,-0.013576729,-0.08544327
-0.6741383,-0.36299714,-0.25834924,-0.007101708,-0.26734605
0.16942585,0.21633005,-0.15530354,-0.02183196,0.019973932
-0.51124275,0.09272347,-0.25780004,-0.0076091834,-0.1539941
-1.1487073,-0.45885593,-0.24473691,-0.0049738856,-0.26411316
0.3888627,0.24265343,-0.17115691,-0.0019955589,-0.1141441
-1.0064974,-0.43338802,-0.2500641,-0.004167019,-0.24988979
-0.4591672,-0.028021134,-0.24515101,-0.009172486,-0.16151324
-0.08522828,0.261634,0.3884135,-7.641665e-05,0.0919424
-0.24489947,0.026047753,-0.21549447,-0.013667902,0.059351455
0.8143603,0.024606459,0.66924214,0.0020414651,-0.0064167976
-0.1344862,0.2098726,-0.15783384,-0.027028905,-0.020979589
-0.7451365,-0.17461517,-0.22821532,-0.002012018,-0.2517094
-0.9730106,-0.48909,-0.2587994,-0.012187892,-0.2535196
-0.7531844,-0.03300624,-0.21993737,0.017684724,0.1768493
-0.66912705,0.023657834,-0.22377601,-0.025650583,0.16234012
0.15345314,-0.012252629,-0.20178665,-0.0023211464,0.018307675
0.58501995,0.20973045,-0.16584122,-0.013809857,-0.038082693
-0.5139709,0.14732768,-0.1765482,-0.016647367,-0.20054498
-0.3477299,0.022117367,-0.2655051,-0.009372831,-0.027487151
-0.5854389,-0.10384215,-0.26110557,-0.0065277917,-0.079214126
-0.8532946,-0.11334946,-0.2474601,0.025837915,0.18965608
0.39848572,0.046885464,0.64504254,0.0064359275,0.060649216
-0.27244353,0.07842173,-0.2124614,-0.008467787,0.08676904
0.42329636,-0.03368519,0.61499333,0.0072505935,0.10917081
0.43819818,0.101517566,0.52242494,0.002249599,0.13530001
-0.7799359,-0.38809264,-0.3044954,-0.011340177,-0.14571021
1.4586831,0.106440745,0.60904324,0.0006862951,-0.014613138
-0.44207194,-0.1304799,0.3544984,0.004100632,-0.009776909
-0.75919956,-0.0019512349,-0.25781724,0.006991931,0.09605551
1.1111071,0.053694118,0.6591939,0.012763742,0.06588214
-0.5249155,-0.13196743,-0.29610756,-0.008546313,-0.085687466
-0.42291668,0.01683917,-0.2395794,0.0049010785,0.26886094
-0.03135304,-0.29817522,-0.2345346,-0.014148979,-0.2942725
-0.59577644,-0.17956512,-0.25546947,-0.024145963,0.15962142
-0.14479086,-0.11171411,-0.23008153,0.011592663,-0.055518635
-0.674897,0.008157909,-0.26652685,-0.009178938,-0.026313234
-0.82793707,-0.051863518,-0.25909367,0.0083174845,0.20126571
-0.3933462,0.04046287,-0.23191424,-0.0010498086,-0.009628706
0.06569685,0.057013836,-0.19968499,-0.007318777,0.05759982
1.2405494,-0.10206782,0.79298866,0.0073767956,0.0372373
-0.6125511,0.2921786,-0.23581313,-0.0019035079,0.065939635
0.29403967,-0.102151446,0.6601753,0.006500882,0.050920654
-0.8074917,-0.15171006,-0.3020223,0.007871445,0.06865261
-0.48492643,-0.24963962,-0.25698262,-0.00904309,-0.16857979
-0.4325668,0.08716211,-0.20848623,-0.016537864,-0.08343613
-0.009769571,-0.046844285,-0.18632174,0.0054473965,-0.04504289
0.94981813,-0.04283376,0.6719644,0.016403468,0.06510094
-0.4170592,-0.09352324,-0.2058287,-0.020586709,-0.16993548
-0.6059062,0.20872194,-0.2533981,-0.007017839,-0.025479104
-0.5457341,-0.29770836,-0.289261,-0.019054893,0.109501705
-0.49140403,-0.35413468,-0.2780054,-0.013171008,-0.23734431
-0.7159505,-0.3148593,-0.26744694,-0.02067447,-0.02567276
-0.32472232,-0.08048707,-0.24901688,0.0044804383,0.028632926
-0.4440016,-0.09757183,-0.25974578,0.0027856648,-0.2649735
-0.97568786,-0.06288575,-0.2508232,-0.0060502766,-0.13884008
-0.17363732,-0.13242087,-0.19857457,-0.012289766,-0.18422008
1.0844221,0.063182026,0.7009565,0.019550316,0.07496037
-0.063346125,0.072136484,-0.15780784,-0.030020578,-0.16973887
-0.87359023,-0.37655208,-0.24432462,-0.0021580043,-0.23081273
-0.5546053,0.013063193,-0.24853608,0.012551205,0.33182946
-0.43529972,-0.17496194,-0.2790884,-0.011382105,-0.19141667
-0.43752974,0.5041386,-0.21318145,-0.0027074888,-0.020867122
-0.8962854,-0.09056981,-0.25820267,-0.003947482,-0.12405107
-0.4864007,0.26095498,-0.21001293,-0.011946346,-0.10211959
-0.6502885,-0.13871439,-0.29130667,-0.010304052,-0.14147528
-0.5894332,-0.19671647,-0.2823603,-0.005624805,-0.028765036
-0.7703893,-0.40918636,-0.2581268,-0.012802511,-0.2014227
0.59304595,0.21583329,-0.1650175,-0.014035068,-0.020629633
-0.43944806,-0.11083542,-0.23896563,0.024655208,0.23836365
-0.54451436,-0.383077,-0.2550381,-0.0040113972,-0.17462659
-0.11797544,-0.2184145,0.5847419,0.004055269,0.030505542
-0.5138432,0.13527896,-0.261467,-0.0076099792,0.012108367
0.5849091,0.15629391,-0.1394357,-0.013786447,-0.012539657
-0.9272197,-0.378109,-0.2521524,-0.013544219,-0.2366066
-0.9716135,-0.081984915,-0.28444067,-0.0114802765,-0.11367722
-0.900063,-0.033823807,-0.26940945,-0.010358091,-0.09969389
-0.2837678,-0.016063768,-0.23275448,-0.010839488,0.06907302
-0.49014297,-0.37408027,-0.22196671,-0.009940534,-0.14827237
-0.5791017,0.06133071,-0.23208334,0.022981215,0.042323526
-0.98503894,-0.40416867,-0.26995662,-0.016746014,-0.03684918
-0.53861845,-0.23136212,-0.25544357,-0.00053586834,-0.055075724
-0.9043365,-0.48426136,-0.24736592,-0.013734358,-0.10971384
-0.23804757,-0.31950206,-0.22609349,-0.011102354,-0.375302
-0.0013593591,0.08276005,-0.23722664,-0.005439947,-0.18489635
-0.5486308,-0.07970506,-0.22599356,-0.01057631,-0.0047970186
-0.71921086,0.25103202,-0.22775207,-0.015743406,-0.11222473
0.119371,0.208394,-0.15442155,-0.014626592,-0.047975045
1.2409426,0.075006664,0.7545599,0.009228636,0.058456127
-0.82579863,-0.30223736,-0.29535544,-0.01417841,-0.07477106
-0.40453988,-0.049665317,-0.24718954,0.009443842,0.17731088
-0.58948535,-0.18735392,-0.24594857,0.0008940853,-0.09578922
-0.42352742,-0.08007075,-0.24323982,0.002137329,0.19072759
-0.4326396,-0.34779698,-0.2596,-0.018154103,-0.1038111
-0.45957527,-0.05298929,-0.24597976,-0.019556368,-0.18068324
-0.8433252,-0.20238198,-0.2546997,-0.010227222,-0.10528464
-0.9822085,-0.33938217,-0.28711256,-0.014980771,0.036932662
-0.37157947,-0.19543545,0.30674118,0.0057908036,0.053796187
0.82815504,-0.09531987,0.5384453,-0.010422716,-0.23512411
-0.40872195,-0.14496706,-0.2720416,-0.015535241,-0.07589759
-0.36388656,0.037653062,-0.25551248,-0.014934969,-0.17694998
-0.62079304,0.12000502,-0.26673898,-0.007460334,-0.019704906
-0.3319667,-0.10414213,-0.25252903,-0.0015058732,-0.084790036
-1.1019685,-0.315589,-0.25457856,-0.0020295018,-0.12292313
-0.8582301,-0.08795353,-0.2309716,0.02202952,0.01191136
-1.0143005,-0.50444126,-0.26713905,-0.012258787,-0.2330916
-0.7340134,-0.49143136,-0.28263864,-0.013640385,-0.2654703
-0.9113156,-0.22570947,-0.25796476,-0.004243971,-0.1447941
-0.40309685,0.038661253,-0.22915311,-0.008256758,0.105181314
-0.10725724,0.08886307,-0.21593124,-0.004871892,-0.13246685
-0.9534719,-0.050430894,-0.26963192,-0.013474349,0.11539295
-0.5678874,-0.37860084,-0.25812635,0.0028423201,-0.25483802
0.09036009,0.17994256,-0.18566479,-0.010521731,-0.048524074
-0.33078593,-0.10744388,-0.22901435,0.014887614,0.25910085
0.16911861,0.16926663,-0.16255733,-0.008706977,0.04127051
-0.4677851,0.0021735854,-0.21071935,-0.014122546,-0.016279986
-0.29015443,0.32876942,-0.20460054,-0.007876517,-0.019828372
0.5598712,0.2349958,-0.13969892,0.017243924,0.1432476
-0.36699477,0.01081854,-0.23099045,-0.009598246,0.14787546
0.0025670966,-0.11493689,-0.18135291,0.0021403264,-0.050275262
-0.6126289,-0.2624668,0.36208737,0.013144935,-0.04496234
0.15701595,0.0037831971,0.5376892,0.03372323,-0.095894784
-0.83819175,-0.11986131,-0.23352768,-0.03308395,0.19262673
-0.43164715,0.0010693464,-0.23846953,-0.012976073,0.24589267
0.014950464,0.34726605,-0.13990992,-0.0091071455,0.10307875
0.97540843,-0.11803987,0.7118801,0.010038017,0.010368808
-0.76706153,-0.45844898,-0.257314,-0.010114924,-0.18823555
1.1439674,-0.04627593,0.7015094,0.012134439,0.024049724
1.1932657,0.16278768,0.61368316,0.011796255,0.13456535
-0.82745063,0.05073897,-0.25669658,-0.0023529693,-0.095681466
-0.55259776,-0.006152049,-0.24589466,-0.0036682936,0.15642348
-0.37383628,-0.044028953,-0.2381888,0.013938505,0.29366535
0.8856591,-0.019318212,0.5976481,0.021935508,0.0439533
0.42472097,-0.1486062,0.41874146,-0.009250829,-0.731495
-0.45463482,-0.14992414,-0.27312192,-0.012209814,-0.19067566
-0.4949795,-0.03233293,-0.25097466,-0.012485823,0.04526643
1.0583267,-0.014050082,0.6715311,-0.011485242,0.013965231
-0.27434456,0.33782533,-0.22031601,0.0020532785,0.07509425
-0.94613737,-0.3722168,-0.2729526,-0.013732333,-0.21312767
-0.6600115,-0.18499446,-0.26245597,0.002105832,-0.2201717
-0.5944909,-0.1405043,-0.24784218,0.021059243,0.25701603
-0.39186144,0.4168697,-0.21501772,-0.005699074,0.0070469147
0.6008098,0.18734224,-0.13406517,-0.01307879,0.0067312564
-0.3970908,0.38064617,-0.24389869,0.00039730407,0.002591226
0.122095615,0.32769114,-0.1760246,-0.015353449,0.010132526
-0.7061467,-0.47419015,-0.2712458,-0.015274331,-0.28588495
0.39996296,0.12832713,0.5568814,0.0020164864,0.080976345
0.13758603,0.078542575,0.41964644,-0.002184995,0.022371631
-0.2765851,-0.04839607,-0.23868813,0.011614397,0.13817161
-0.26168326,0.19154385,0.42860007,-0.011167577,-0.022204412
-0.27151468,-0.00982721,-0.22383074,0.015058123,0.2901626
-0.094960734,0.28297213,-0.15766487,-0.028211616,-0.014763344
0.28417078,-0.07011718,-0.19303313,0.007459718,-0.044084836
-0.92802113,-0.524847,-0.25991696,-0.015352435,-0.279541
-0.27999416,0.07008757,-0.23056775,-0.0044920817,0.075064756
0.23752849,0.09517878,-0.1617722,-0.019833121,-0.058607135
-0.562039,-0.32099,-0.27080172,-0.003963078,-0.04540364
0.45716864,0.03580132,0.5700594,0.0019287672,0.07438074
0.905286,-0.11484126,0.64081216,0.0046399646,-0.039836936
-0.65055203,-0.60195124,-0.2577232,-0.011258657,-0.2960166
-0.31410047,0.37050888,-0.23397276,0.009336363,-0.12270762
-0.3645978,-0.17720199,-0.2035971,-0.022500409,-0.22272699
-0.5427067,0.045999173,-0.27550682,-0.0040399437,-0.06133174
1.4556762,0.212915,0.6020683,0.006867389,-0.0061223106
-1.0909092,-0.35831165,-0.26861462,-0.0030514726,-0.2004532
-0.5916041,-0.2410757,-0.22329316,-0.0026084557,-0.25670308
-0.036040694,0.3964708,-0.1678826,-0.01535302,-0.10120021
-0.71753204,-0.22435887,-0.22207019,0.005792781,0.1721709
1.371918,-0.025143038,0.7769544,-0.0016985051,0.058882445
-0.5781614,0.21564162,-0.26375937,-0.0060856356,-0.12350613
-1.0350612,-0.4158798,-0.2270898,-0.00074528274,-0.17831464
0.067804046,-0.2789608,-0.21219064,-0.011797376,-0.18255323
-0.7317722,-0.20440891,-0.2408813,0.0192354,0.091336936
-0.7699693,0.008635517,-0.28162748,-0.0077736983,-0.040532585
-0.25281313,-0.02952857,0.40095964,0.022591367,0.087185234
-0.27707154,0.063130304,-0.24570587,-0.012809493,-0.185879
-0.8546502,-0.39624605,-0.28104305,-0.011509618,-0.16452776
0.59017265,0.20978457,-0.16580619,-0.013893346,-0.02732363
-0.9861129,-0.29772392,-0.2981403,-0.008588781,-0.20006168
-0.96184087,-0.41727236,-0.26818943,-0.010380461,-0.17304572
-0.3459805,-0.059411224,-0.18823697,-0.013234064,-0.075089864
-0.975338,-0.3650493,-0.2842862,-0.007932686,-0.07945257
-0.22350281,0.024201483,-0.20343517,-0.03546612,-0.33609366
-0.40299413,-0.455965,-0.23160575,0.015774922,-0.29908365
1.5714172,-0.18711248,0.87396187,6.916677e-05,0.051081654
0.07143966,-0.07620327,0.42683446,0.023038827,-0.019788714
-0.51469076,-0.27745596,-0.26952183,-0.015076857,-0.24994022
-0.74117696,-0.42623955,-0.28536144,-0.011642074,-0.16949804
0.33491257,-0.105132334,-0.26588032,-0.008801637,-0.048245795
0.57403713,0.15815096,-0.14628766,-0.014042553,-0.022551332
-1.1468942,-0.18256381,-0.22778518,0.008470249,0.33157262
0.26735437,0.089313254,0.5148512,7.544272e-05,0.06511771
-0.2717049,-0.17228404,-0.2073839,-0.011659792,-0.099599175
-1.0725033,-0.44509295,-0.263359,-0.0057042083,-0.20997901
-0.7909089,-0.44168413,-0.2992987,-0.009259379,-0.19501662
-0.9374961,-0.49554828,-0.25554672,-0.012535381,-0.25811002
1.6194546,0.12254394,0.64646155,-0.00078114425,0.11624396
-0.432678,0.40194827,-0.21167769,-0.011538741,-0.05400421
-0.34431437,-0.1388422,-0.21668911,0.018272284,0.08351314
0.14891024,0.017936783,0.38634497,0.007037024,-0.07497019
-0.88580984,-0.11602083,-0.2740447,0.0134891365,0.14396478
-0.46324766,-0.036891952,-0.22684623,0.01359163,-0.07162519
-0.6462788,0.009947278,-0.24654643,-0.012107985,0.08489803
-0.2468976,0.017674511,-0.24960774,-0.0068357154,-0.14859724
-0.31348202,-0.047603875,-0.23165834,0.015892906,0.22765762
0.13740881,0.12726437,0.40101004,-0.010332649,-0.055368837
-0.29437542,0.0695512,0.4029344,-0.0091093965,0.08031545
-0.23233965,0.3087794,-0.20835432,-0.0010760638,-0.0155423395
-0.36379758,0.0010014104,0.41112784,0.0023690779,0.097064674
-0.4247047,0.14375457,-0.23591201,-0.009025069,-0.1894731
-0.043260984,-0.39917982,-0.18353765,-0.01671739,-0.112803385
-0.68331635,-0.032990493,-0.24440515,0.020383477,0.17674719
-0.96592194,-0.16112846,-0.25711584,-0.015399188,-0.127905
-0.7373997,-0.28403774,-0.24429297,0.004516203,-0.14659773
-0.50517,-0.03426333,-0.26724702,-0.008247247,-0.070311494
-0.35156617,-0.025082659,-0.2378667,0.0009865821,-0.11506083
-1.1470698,-0.48472443,-0.24477342,-0.0034533488,-0.13938163
-0.43676326,-0.06251683,-0.24375696,0.019887008,0.1991908
-0.7852471,-0.38675308,-0.26407212,-0.01227065,-0.24000116
-0.4655309,0.1907596,-0.21664113,-0.01227453,-0.066536576
-0.41909727,0.035792742,-0.2094556,-0.014412872,-0.020726472
-0.067294866,0.27417448,-0.21973532,-0.0011467584,0.013427622
-0.48653015,-0.16320787,-0.27259216,-0.01182228,0.029427398
-0.3082139,-0.30376253,-0.22612299,-0.008508538,-0.25713906
-0.6768319,-0.4076439,-0.2927084,-0.011854544,-0.12229266
0.09398151,0.023217488,0.42602482,0.025483983,0.09057329
-0.773305,-0.4235668,-0.27505338,-0.01445821,-0.24961565
-0.7520789,-0.48321193,-0.2774038,-0.014917431,-0.26274043
-0.3871377,-0.28636095,-0.22474183,-0.0054018297,-0.2190533
-0.7608657,-0.19894332,-0.26102912,-0.011350341,-0.23658367
1.2314512,-0.039995186,0.6735801,0.012430683,-0.10285555
0.5869672,0.21054117,-0.15509279,-0.010324576,0.04134474
-0.34913373,0.14268595,-0.1840418,-0.02776856,-0.10472985
-0.26454693,0.23531142,-0.23215118,0.0072147218,-0.035070833
-0.21754456,0.21726984,-0.21461338,-0.0030160237,0.013658685
0.39529693,0.25161618,-0.18375432,-0.009660966,-0.13336653
-0.65402186,-0.16821033,-0.25010833,-0.023545936,0.25396103
-0.8008698,-0.27671495,-0.24986924,-0.0037873185,-0.16004658
-0.28553292,-0.25538787,0.39654943,-0.02252201,0.0001355093
-0.5956826,0.11301087,-0.25599945,0.006713852,0.06347356
-0.6436129,-0.12545745,-0.2249424,-0.014397146,-0.035092123
-0.63303536,0.24522692,-0.24175297,-0.015041676,-0.12058674
-0.67803055,-0.13083951,-0.23563117,-0.007723514,-0.15893939
-0.8359999,-0.3827776,-0.25701103,-0.0053151157,-0.25183567
-0.8032506,0.12866089,-0.2416205,-0.009238688,-0.059511125
-0.5187993,0.0055625634,-0.26185852,-0.012892156,-0.18969677
1.2554754,-0.01536586,0.64237255,-0.01727543,-0.040979415
-0.4558135,-0.15806788,-0.23078105,-0.026132861,0.20118448
-0.8659048,-0.37392572,-0.31207126,-0.009124838,-0.03082639
-0.58582944,-0.18183011,-0.23407215,-0.007873122,-0.095849805
-0.62074727,-0.06350195,-0.22266427,-0.0063345227,-0.062379442
-0.3485341,-0.23574579,-0.22949846,-0.004565857,-0.19162868
-0.66629165,-0.0016656546,-0.23285504,-0.0072519174,-0.054982334
-0.7417444,-0.4461173,-0.26908675,-0.017168924,-0.2204103
-0.41710633,0.08122687,-0.21223053,0.028740373,-0.0036123982
-0.58971894,-0.28646845,-0.30503282,-0.01149464,-0.1472544
-0.8254481,-0.3577805,-0.25028735,-0.008484205,-0.2086466
1.189013,0.0140700005,0.6078787,-0.00036446238,0.023759874
-0.027431063,0.1618853,-0.18051124,-0.005283567,0.14150465
0.47936854,-0.022558315,0.62921184,-0.011080089,0.102777235
-0.1313304,0.11204483,-0.1798214,-0.035433073,-0.34003967
-0.71651214,-0.5403937,-0.2662382,-0.015188338,-0.27847576
-0.58150345,-0.1267172,-0.22536033,-0.020017078,-0.20286931
1.459348,-0.11835042,0.8421934,0.00068181334,0.053704735
-0.38683522,-0.14693153,-0.2249637,-0.0013318276,-0.103475116
-0.94309425,-0.32381248,-0.29264346,-0.014221545,-0.08234206
-0.97693384,0.117890105,-0.23245794,-0.011733718,-0.06281502
0.14029744,0.18019101,-0.19301099,0.018619824,0.20099482
-0.35593402,0.21688123,-0.22589365,-0.017073562,-0.1602318
0.47291115,0.061101973,0.6630722,0.013654704,0.11945888
-0.5934764,-0.08821096,-0.2514097,0.013771903,0.26487815
-0.6773138,-0.17809172,-0.21264023,-0.03391851,0.28604862
-0.6261914,0.28708798,-0.23729222,-0.012834974,-0.13911662
-0.37413418,0.29343522,-0.21462177,0.0017164357,0.21668085
1.1367294,0.056743942,0.72053736,0.019282002,0.08646346
-0.9439364,0.15654089,-0.23359892,-0.012466952,-0.107534334
-0.28929314,-0.14519773,-0.21552832,-0.017689263,-0.20659412
-0.060053576,0.18462099,-0.20686927,-0.016944861,-0.23939687
-1.1535816,-0.17328028,-0.22050497,-0.0070054205,-0.16183841
-0.37042308,-0.02583979,-0.2182191,0.0077148653,0.14903042
-0.44247195,0.17186497,-0.23745334,-0.006013983,0.12145254
-0.04555139,0.25725543,-0.1728863,-0.0279224,-0.10496884
1.127411,-0.0632976,0.7067759,0.020299532,0.026171727
-0.87201434,-0.4621502,-0.29123864,-0.012783669,-0.14761701
-0.7461828,-0.33372757,-0.29205376,-0.01577022,-0.099608764
0.1208841,0.10381647,-0.19972362,-0.013508655,-0.032495067
-0.62659943,-0.40720636,-0.29000738,-0.014267094,-0.17648591
-0.5221962,-0.2294234,-0.25320807,-0.0028610649,0.009667704
-0.37664202,-0.07249217,-0.2388368,0.00931757,0.06749547
1.0793909,0.052358232,0.70799476,0.013941846,0.06794466
0.09918256,0.17207079,-0.19179025,-0.020462899,-0.0174481
-0.84806097,0.08360832,-0.24665143,-0.0030476798,-0.18541811
-1.1585995,-0.27103612,-0.24122891,0.0075952676,0.17290474
-0.24352936,0.37709507,-0.19110371,-0.007417909,-0.09508987
0.43246824,0.24158476,-0.15345342,0.0138665885,0.14125332
-0.15956719,0.2080005,-0.24803384,-0.0024604728,-0.08079757
-0.7741493,-0.35628513,-0.26603067,-0.014726702,-0.08594028
1.0671383,0.0948163,0.61787546,0.01267005,0.11440621
1.4943656,0.020223472,0.6477142,0.0028666826,0.12576582
-0.76000726,-0.5206211,-0.25217888,-0.011907955,-0.20117554
-0.44222057,0.11890488,-0.19919299,-0.017254028,-0.0097648855
-0.66395706,0.04831768,-0.24265316,0.0041667083,0.20606534
-0.5183837,-0.13228564,-0.22314176,0.008780731,0.2668638
-0.09562701,0.27154762,-0.21160822,-0.005094041,0.14855172
-0.44298095,-0.06523662,-0.24126647,0.01752483,0.047018863
-0.6223234,-0.27823654,-0.24279656,0.00025295187,-0.27838492
0.010837332,-0.13758104,-0.23749168,-0.0061557125,-0.23721613
0.3221557,0.10791608,-0.15307897,-0.01819067,-0.050704338
-0.17682767,-0.34640494,-0.26466906,-0.0011390685,-0.22756515
-0.75877726,-0.10355862,-0.21547289,0.009790406,0.2268624
-0.5851198,-0.032792978,-0.27731794,-0.006154134,-0.13726833
-0.31198758,-0.023243118,-0.23072876,0.029646972,0.2137321
-0.39176804,-0.17134139,-0.21177019,0.023731431,0.14482191
0.17485934,0.2084006,-0.18959215,-0.008754966,0.009550975
-1.0782772,-0.38306448,-0.25650296,-0.00044711703,-0.20430318
-0.35994524,-0.13646893,-0.24249439,0.02257885,-0.10354555
1.1780574,-0.06860998,0.74593234,-0.010114167,-0.08134848
-0.38921186,-0.16417831,-0.2301071,-0.02075798,0.14269161
0.053893916,0.1403067,-0.16219366,-0.010985072,-0.4394613
1.0822508,0.0012896508,0.6795622,0.02159807,0.057401523
-0.34383193,-0.06478109,-0.22282603,-0.0047302507,-0.087726414
-0.9639764,-0.38732484,-0.32021147,-0.010446943,-0.123236075
0.22159217,0.013246468,-0.199406,0.021990016,0.20493728
-0.3352926,0.2133725,-0.20694634,-0.014085706,-0.029472822
-0.48975632,-0.18256158,-0.27242112,-0.0105000585,-0.1459249
-0.96989113,-0.06274881,-0.25821736,-0.006051952,-0.085093975
-0.034442823,0.02598071,-0.24405473,-0.007084702,-0.21896283
-0.8176408,-0.44946787,-0.23424526,-0.01604326,-0.18052684
-0.29088673,0.20649259,0.37937254,-0.0030938606,0.10458805
-0.6976769,-0.32301205,-0.24726859,-0.0026140893,-0.0730939
-0.3579282,-0.083680175,-0.24831654,-0.0023206382,0.18168098
-0.115577966,0.24500746,-0.19456568,-0.0045118206,0.12859479
0.25060678,0.08170316,0.43781972,0.0020025414,0.12546544
-0.28663194,-0.045394897,-0.2384937,-0.008682309,-0.023381468
-0.4831161,-0.2687811,0.34115133,-0.014946144,-0.21478012
0.12467794,0.07067013,-0.19583933,-0.0075857774,-0.07025049
-0.30602884,-0.25288174,-0.24785508,-0.010315537,-0.22631471
-0.3868775,0.08438119,-0.23305343,0.0012085512,0.03264273
0.61932516,0.006742335,0.68808943,0.009499902,0.088382505
-0.53556246,0.058884364,-0.2600853,-0.0106884325,0.12386721
0.22889373,0.13695052,0.5527232,0.016866824,0.16403225
-0.24870527,0.063134536,-0.23276448,-0.014381211,-0.0011184996
-0.48276818,-0.07080718,-0.24551378,0.005804998,0.118711755
-0.3795258,0.18896006,-0.20072053,-0.010306911,-0.08236977
-0.036414266,0.2129317,-0.19192916,-0.010015632,-0.040882215
-1.061049,-0.40205777,-0.25746036,-0.01036256,-0.22627093
0.15975171,0.010241484,-0.1726897,-0.0010690009,0.008038474
0.18500324,0.16956986,-0.1454162,-0.0037116914,-0.15181029
-0.7144952,-0.1405021,-0.22371711,0.014620956,0.32289696
-0.48010385,0.07594544,-0.2665586,-0.007944315,-0.045557905
0.923955,-0.032056376,0.6464261,-0.0033518062,-0.013973376
1.3341948,0.058190674,0.75750685,0.01886467,0.09349311
-0.47714144,-0.28436184,-0.27624992,-0.0036416128,-0.101350226
0.28573248,0.24561471,-0.13199867,-0.0020367838,0.15522847
-0.73399085,-0.18681674,-0.28228763,-0.010160747,-0.12907976
-0.16380724,-0.18104127,-0.2676012,-0.011016762,-0.24991187
-0.4657407,-0.033078134,-0.2566601,0.021799494,0.11990838
0.54467577,0.17783481,0.42640397,-0.008331398,-0.09002926
-1.1238165,-0.44607416,-0.25699854,-0.01188585,-0.22072499
0.425878,0.11516634,0.5686212,0.0053857835,0.025349602
-0.6257212,-0.0025663446,-0.27321512,0.009728314,-0.040250387
-0.7538701,-0.3734534,-0.27273655,-0.017933352,-0.24865618
0.2817954,0.23257288,-0.14968514,-0.0050398605,0.13783523
-0.6313615,-0.018962462,-0.24308972,0.016088545,0.1127309
0.647388,-0.022222089,0.6714227,-0.006812607,0.07590879
-0.07668449,-0.18632972,-0.2466523,-0.00076960307,-0.28964186
0.0041085426,-0.28684747,0.5798183,-0.017360438,-0.15115537
-0.44221225,-0.056648273,-0.26185638,0.001729439,-0.0023206011
-0.47512737,-0.057985414,-0.23676221,0.0020418945,-0.2849373
-1.0311531,-0.34587854,-0.2473586,-0.013775064,-0.23361297
-0.26288885,-0.02822981,-0.21495947,-0.011464066,0.27834564
1.2790908,0.092058785,0.69135654,0.0031035296,-0.122435816
-0.24407116,-0.10051573,-0.24689627,-0.011091754,0.19229199
-0.4367991,-0.014908532,-0.23563237,0.012519101,0.053309135
-0.50012255,-0.0105618425,-0.23410152,-0.012948334,0.18443385
0.29651925,-0.08660176,0.55263925,0.0011514826,0.11361869
0.04535622,-0.23850353,-0.17356464,-0.0070401225,-0.05892125
-0.8854118,-0.37275016,-0.29431513,-0.008770811,-0.032293692
-0.34522992,-0.17245601,-0.23413232,-0.0019263863,-0.29832882
-0.45388633,-0.21573314,-0.26529372,-0.014557488,-0.26275522
-0.24775778,-0.08382745,-0.18828022,0.023089249,-0.12525724
0.3922088,-0.06754719,0.597627,0.032340713,0.057186976
-0.07581728,0.26177523,-0.15325363,-0.024624329,-0.05463021
1.4858785,-0.19016135,0.791183,0.0005086968,-0.06882467
-0.5903733,0.06750326,-0.2711952,-0.0011481456,0.15549725
-0.3670716,-0.1726327,-0.22141819,0.0059265783,0.30877775
-0.20969552,0.42253318,-0.19703256,0.0019217012,0.049366437
1.4101148,-0.08447893,0.83035094,0.008201928,0.04376803
-0.03509865,-0.02075529,0.46040758,-0.009123824,-0.13686126
-1.0000966,-0.246043,-0.2630563,0.0108512435,0.12843071
-0.769337,-0.46002355,-0.2853986,-0.0174113,-0.2438231
0.100166626,-0.09903496,-0.19700225,0.0106590185,0.034710567
-0.5663096,-0.17118968,-0.22180982,0.020051278,0.21112591
-0.77605814,-0.37251216,-0.23365259,0.014465451,-0.07173461
0.6053933,-0.080871485,0.7315065,0.024111567,0.08167519
0.74141735,-0.039845556,0.621093,0.01867203,0.044153202
-0.3531588,-0.15219761,-0.22965041,0.010906021,-0.011423607
-0.55920637,-0.098338425,-0.26024458,-0.011851191,0.20250492
-0.2135488,0.22342885,-0.23942967,-0.0041487655,0.050848298
1.4193975,0.057917647,0.70826006,0.005431687,-0.023239106
-0.39936578,0.008883908,0.37315714,0.022603976,0.010241683
-0.19563463,0.35164413,-0.21506603,-0.0063538416,0.3148935
1.1035424,0.031559035,0.54191864,0.005869395,0.005580636
1.0794321,-0.0046984097,0.67096615,0.020401463,-0.1248985
-0.45267302,-0.017707957,0.33972278,-0.012857704,-0.03712613
-0.7371437,-0.37409654,-0.291332,-0.013829861,-0.18967459
-0.0071720136,0.11634605,-0.23082647,-0.009656512,-0.17526443
-0.5817686,-0.1394032,-0.29632956,-0.008633339,-0.0550754
-0.041161783,0.33957765,-0.14331985,-0.013522615,0.093781576
-0.30911738,-0.33544993,-0.27888575,-0.012031354,-0.21702883
-0.31662098,-0.0726154,-0.20653592,0.021222506,0.20003168
-1.0612557,-0.4603545,-0.26310822,-0.0136728175,-0.23693947
1.0581286,0.044695724,0.65890485,0.013373187,-0.050134763
-0.3241447,-0.43821034,-0.20581232,-0.0052834433,-0.29414126
-0.521342,-0.46251976,-0.22939922,-0.0147657115,-0.2843831
-0.98799497,-0.48836565,-0.27466685,-0.010411866,-0.13873239
-0.2921973,0.0011366438,-0.23716395,-0.006750151,0.012198211
0.1105445,-0.34679708,-0.19157095,0.0038278578,-0.14633887
-0.49080002,-0.1320134,-0.2708704,0.011773743,0.1708549
-0.35639796,0.045094274,-0.25422454,-0.008680796,-0.19703089
-1.0974472,-0.51084024,-0.2533123,-0.015306147,-0.23872772
-0.4049469,0.3412821,-0.21845008,-0.0058511267,-0.105743
-0.12801866,-0.20592546,-0.26109368,-0.008092009,-0.31416276
0.8992133,-0.33968052,0.5222608,-0.16070776,-0.064149804
-0.45048377,0.3373002,-0.20340553,-0.0014266849,-0.032020725
0.22702542,0.038165737,0.4428225,0.023218606,-0.03780834
-0.5183517,-0.024157112,-0.1955591,-0.0032472436,0.009120329
-0.8030401,-0.09376356,-0.2524373,0.013052592,0.19492407
0.27869567,-0.24167398,-0.12528056,-0.0051576924,-0.2546345
1.3915884,0.063557096,0.7057417,0.0032266933,0.101222664
-0.0530024,0.25150907,-0.18521495,-0.013874078,-0.050248615
0.480893,0.10896267,0.51815647,0.02341503,0.12524635
-0.3350486,0.011547267,-0.23188734,0.020802582,0.15689568
0.3726448,0.14149581,0.49716723,0.023759034,0.033319093
-0.90151596,-0.053926446,-0.26865402,0.008667943,0.00033584842
-0.5041503,-0.25245643,-0.25456405,-0.020098541,0.038586345
-1.0418373,-0.52121365,-0.28228614,-0.011401312,-0.19981548
-0.7602479,-0.27592984,-0.25560603,-0.011091307,-0.20083648
-0.56554306,-0.30350888,-0.3016306,-0.009820899,-0.103226766
-0.32083827,0.079665765,-0.22663763,-0.016989429,-0.011821633
-0.8002438,-0.11537549,-0.2499749,-0.005803879,-0.18434559
-0.43871805,-0.064315826,-0.2306485,-0.016334787,-0.39266294
-0.45662212,-0.29744768,-0.2385734,-0.015194198,-0.28065306
-0.46404785,0.011038424,-0.28288674,-0.0034690988,-0.07459731
-0.83216476,-0.083575025,-0.25932157,-0.010184251,0.2502993
0.9380799,0.03038278,0.6368053,-0.0016830335,-0.01881174
1.1820976,0.027672278,0.66184765,0.017834153,0.059698183
-0.40640962,0.049080603,-0.23810916,-0.016608536,-0.13776359
0.09242054,0.09221806,-0.116106786,0.009959036,-0.11882975
-0.94622135,-0.17439367,-0.2652745,0.011829333,0.17742445
-0.3241039,-0.1445837,-0.26286766,-0.016354185,0.11258361
-0.43530384,0.13623832,-0.25380844,-0.0032111234,0.003871791
0.6336461,0.06852135,0.52966326,0.0021264055,0.066322975
0.57214445,0.14861953,-0.13845283,-0.012135813,-0.004284736
-0.3784323,-0.026231166,-0.26138923,-0.012828868,-0.08442812
-0.39303198,-0.07287745,-0.22368293,0.009978737,0.017694172
-0.4404026,-0.22042187,-0.2832841,0.0010284144,-0.20831822
-0.6384088,0.01228169,-0.25215814,-0.014323354,0.08427231
-0.41414925,0.238844,-0.22170374,0.012673065,-0.03644131
-0.19193119,-0.11006163,0.52523935,-0.012185177,-0.099060975
-0.14566338,0.14444976,-0.21284541,-0.02988661,-0.25812358
0.17780566,0.21213625,-0.17915055,-0.01172141,-0.008195521
-0.7561842,0.07473104,-0.26129192,0.009423967,0.15292624
-0.47744754,0.13645403,-0.23399122,-0.0067862123,0.11150512
0.09117777,0.29733533,-0.17524585,-0.02360037,-0.015047368
0.8713406,-0.037843812,0.6526098,-0.0013443385,-0.05641994
-0.425758,0.04808827,-0.24848987,-0.012980325,0.16211559
0.46913785,0.20441458,-0.1608081,-0.023981402,-0.018355256
-0.38945866,-0.1044701,-0.23273747,-0.01585844,-0.2613311
-0.3596825,-0.27219394,-0.19742566,0.008745482,0.011775048
-0.3821874,-0.024117574,-0.23296182,0.0077161416,0.28118563
-0.77402145,0.028311716,-0.25103068,0.00811276,-0.056196824
-0.6885521,0.08961533,-0.26530856,-0.009487402,-0.10834379
-0.8103314,-0.2809683,-0.23306632,0.012900611,-0.21991856
-0.07840805,-0.19436638,-0.18312943,-0.017245043,-0.19141689
-0.5576701,-0.018077465,-0.2884321,-0.0083822375,-0.08064608
-0.3938561,0.0044819666,-0.2337761,-0.0043155123,-0.1548379
0.30337852,0.29284436,-0.1265723,-0.0021063667,0.15404677
-1.104801,-0.26646307,-0.26210767,-0.010370053,-0.14112362
-0.4214958,0.06359051,-0.25433514,-0.0060560363,-0.005307495
-0.73881185,-0.25712734,-0.2180275,-0.020155711,-0.02368974
-0.43901655,-0.15885499,-0.2507642,-0.019418906,0.31659633
1.432277,0.1551602,0.6229771,0.0014354388,0.07677148
-0.502952,-0.07539517,-0.22963504,0.021184267,0.26692718
-0.45970854,-0.0009682276,-0.23892525,-0.010754216,0.18326032
-0.71181417,-0.24185908,-0.25986043,0.013237933,-0.046939373
1.0328436,0.13984086,0.6350741,0.018119052,0.061060376
-0.23533714,0.29340017,-0.21802501,0.013842512,0.031553667
-0.1511074,0.031533495,-0.23179479,-0.006397237,-0.016325332
1.3461655,-0.007136017,0.74691534,-0.0009943326,-0.0014297217
0.25064987,0.06033143,-0.14002621,-0.0148446625,-0.07276231
0.3210321,0.13955927,0.5815522,-0.005429568,0.08124329
-0.1043854,-0.23235232,-0.17148377,-0.0072604055,-0.06821417
-0.6585225,-0.29627225,-0.22021747,-0.00438589,-0.2998026
-0.6740611,0.23702496,-0.21242836,-0.016787834,-0.087964386
0.081573784,0.028462268,0.39246115,0.015334468,0.050413787
-0.39283672,-0.075226724,-0.22706349,-0.019514842,0.12410401
-0.030523885,-0.10365624,-0.1743766,0.008850129,-0.024656741
-0.27998477,0.2038778,-0.21401651,-0.0094801765,0.21272549
-0.51674235,0.0023660064,-0.25946322,-0.006302795,0.15144734
-0.07868419,-0.27788657,-0.19290876,-0.012546357,-0.2483798
-0.6835568,-0.067436546,-0.28389668,-0.00829178,-0.033334263
-0.89857304,-0.24024217,-0.27606237,-0.012729406,-0.12893105
-0.38523373,-0.03769166,-0.22264738,0.020691706,0.29403973
-0.12637442,-0.28618318,-0.19613418,0.0069953594,-0.28995073
-0.6157315,-0.3963057,0.26950374,-0.0114013925,-0.12370465
0.22682536,0.016804893,-0.1833557,0.03152958,0.07455396
-0.39786413,-0.08826171,-0.24363703,0.02119561,0.27766138
-0.48110464,-0.16850142,-0.2836545,-0.011145065,0.14754444
-0.3362176,-0.046933815,-0.22468895,0.0032851482,0.13197908
-0.71404976,0.0006020288,-0.2510235,0.01265551,0.122837
0.04605706,0.09175434,0.4469119,0.002487981,0.12658902
-0.8948819,-0.41712436,-0.31760654,-0.012820842,-0.1846407
-0.47239852,-0.114016496,-0.2644079,-0.0034804973,-0.102920555
-1.0653443,-0.08788156,-0.2386522,0.00657818,0.24076666
0.09062049,0.21283054,-0.23891367,-0.0018903355,-0.14384301
-0.15229924,-0.06650774,-0.20474447,0.015121978,-0.003591686
0.56405455,0.124254934,-0.12432607,-0.010565239,-0.031505242
-0.1959358,-0.06556587,-0.190683,0.025108669,0.423307
-1.1481093,-0.29249194,-0.2802873,0.017829143,-0.0074230144
-0.8126786,-0.33775002,-0.27794075,-0.015796827,-0.040966913
-0.9356362,-0.2513077,-0.30397946,0.017301468,-0.010132981
-0.8160529,-0.47979015,-0.27399418,-0.013300911,-0.24908063
-0.27980164,-0.00502907,-0.22502865,0.007352257,0.014516099
-1.0869442,-0.36149678,-0.24801327,-0.011763738,-0.10011191
-0.67262995,-0.26386467,-0.30241576,-0.011497166,0.036254585
-0.6367516,-0.31740078,-0.21126449,-0.014964853,-0.026861096
-0.5349556,-0.2652119,-0.23862402,-0.0024309752,-0.06906042
-0.45923838,-0.097518325,-0.22614165,-0.029510764,0.3028457
-0.50108176,-0.25163513,-0.21035098,-0.010760996,-0.17276575
-0.24916677,-0.09777674,-0.23177205,-0.02114965,-0.10737045
-0.33251834,-0.031163014,-0.23829302,0.009737453,0.18033509
-0.38857606,0.030068804,-0.23347053,-0.013763247,-0.031254407
-0.52540654,-0.13208917,-0.18504147,0.01487853,0.3859804
-0.49234757,0.084805995,0.35687736,-0.0009083054,0.07560189
-0.20385355,0.050491825,-0.23301588,0.020764068,-0.20943944
0.67622215,0.13959341,0.58236474,5.5226672e-05,0.0800898
-1.0888596,-0.34573695,-0.24899104,0.00042456645,-0.117368944
1.4452482,0.0654438,0.66509324,0.0035011994,0.09675351
1.2839873,-0.076870166,0.7601294,-0.007999118,-0.03444315
-0.7060243,-0.41852072,-0.28525653,-0.014823338,-0.21137315
-0.46362078,0.16229767,-0.2430979,-0.011347635,0.028454445
-0.10979062,0.16190217,-0.19842602,-0.027895087,0.04782378
0.2162704,0.19467014,-0.19770148,-0.0016687829,0.056235455
-0.31059948,0.055604495,-0.21035859,-0.008387642,0.054604918
-0.44932526,-0.16648021,-0.258175,0.016676847,-0.09195208
-0.5875159,-0.19226897,-0.21582144,0.017917719,0.14942308
0.10576705,0.0031555765,0.42772347,0.01229007,0.0062406114
0.6689376,0.027953545,0.65846634,0.03180114,0.08883531
-0.36914086,0.07873273,-0.24498226,-0.015321806,-0.11123313
0.49050227,-0.07012127,0.62852377,-0.004999145,-0.05587695
-0.16198882,0.19425455,-0.23215193,-0.003073139,0.061839756
-0.43962884,0.0023128996,-0.2283417,-0.02853179,0.24249898
-0.30992523,0.060654536,-0.19443144,-0.027932167,-0.27688864
0.31850025,0.28030393,-0.1553216,0.011817138,0.12844135
-0.6085298,-0.41462225,-0.2747166,-0.012758773,-0.25792506
-1.0202818,-0.36496815,-0.2572632,-0.012013506,-0.06069725
-0.84627676,-0.352276,-0.29858956,-0.010549136,-0.012103372
-0.08702713,-0.05001133,-0.19209637,-0.015418362,-0.042755242
-0.009929097,0.33186004,-0.19744542,0.019711727,0.2546916
-0.7829464,-0.11771187,-0.24086261,-0.011243896,-0.1037198
-0.3455262,0.0031674104,-0.19458511,-0.012669516,-0.046111807
-0.46261504,0.019244902,-0.24048851,-0.0058610635,0.13700646
-0.38220057,-0.08864154,-0.21335588,-0.020924881,-0.18847425
-0.6854778,-0.023907851,-0.27091974,0.0076214364,0.17099938
-0.15459807,0.30145618,-0.16682579,-0.027169013,-0.0051119328
0.28556624,0.23428224,-0.13497506,-0.006328702,0.05756086
-0.6660834,-0.31170595,-0.24588929,-0.011956768,-0.0073105423
0.5795061,0.21627302,-0.11980756,-0.009333909,0.03757502
-0.27815518,-0.04917754,-0.21773195,0.020385902,0.30832472
-0.45492655,0.03612493,-0.19348986,-0.02206837,-0.124653175
-0.5579708,0.0005849125,-0.24241303,0.0042871805,0.15759625
-0.9144606,-0.50944096,-0.24903545,-0.011647942,-0.26514867
-0.4089012,0.083545014,-0.19859381,-0.027525406,-0.042114593
-0.5230759,0.09392709,-0.22719917,0.0042836294,0.1826374
-0.15394393,0.18360871,-0.2105983,-0.012822068,-0.03341955
0.009237906,-0.014205057,-0.22668645,-0.019420337,-0.09900336
0.70184433,0.25458804,-0.12107373,-0.008973525,0.17132698
-0.28047836,0.007314279,-0.20076281,-0.018822635,0.059588023
0.6883399,0.25842878,-0.10416208,-0.008591933,0.15353438
-0.58264494,0.031725116,-0.23485948,0.002141423,0.19349745
-0.9386976,-0.43675223,-0.2796588,-0.009788285,-0.22676562
-0.58711916,-0.18057925,-0.24379444,-0.011517773,-0.15442151
-0.4080796,0.17825969,-0.17653207,-0.008337656,0.02575143
-0.7656167,0.0014223976,-0.249546,-0.0007714192,-0.050570603
1.3651857,0.09679644,0.62443995,0.0012372828,-0.059492152
0.253118,0.13474192,0.53852105,0.012111388,0.16322811
-0.45015627,-0.12980191,-0.23698574,-0.013390779,0.23331535
-1.1880002,-0.35372162,-0.24005091,-0.013588801,-0.054346964
-0.71579415,-0.10920759,-0.23114309,-0.024415327,-0.10989383
-0.30452877,0.11064884,-0.201025,-0.021870244,-0.18893765
-0.4344296,0.32188937,-0.21470332,-0.012310492,-0.09914
-0.5953028,0.010642774,-0.25602332,-0.011518845,-0.04693159
0.84234685,-0.029321102,0.63868165,-0.005059213,-0.12674932
0.887871,0.08572741,0.67102224,0.0011589509,0.08537979
-0.72847414,-0.42188755,-0.27881026,-0.014861682,-0.2601448
-0.55884206,-0.047537927,-0.21578458,-0.009816972,-0.0418044
1.0332229,-0.049902324,0.72146034,-0.007798795,-0.08025019
-0.215537,0.1836933,-0.23013946,-0.0072983755,0.013750036
0.96345973,0.06815219,0.5903429,-0.019205783,-0.043987602
-0.48061138,0.10146271,-0.23698913,-0.009703566,0.040109735
-0.49006978,0.3271379,-0.2415488,0.0026174802,0.15034051
0.6257296,0.23538406,-0.15642975,-0.014675861,0.15161799
-0.6668326,0.11278434,-0.28911233,-0.006796316,-0.11016405
-1.0076803,-0.44760182,-0.286316,-0.012294277,-0.15686068
-0.32761198,-0.11639742,-0.24103455,-0.017682761,0.17174013
-0.0786433,0.31736496,-0.21162778,-0.007908076,-0.030450461
-0.9146757,-0.17110237,-0.26474732,-0.0007192842,-0.21222407
-0.5990088,-0.19622757,-0.26888576,-0.013979548,0.102853335
-0.7531222,-0.028947584,-0.27623942,-0.011071485,-0.124872044
-0.26579773,-0.11481838,-0.22124055,0.024174131,0.2748207
-0.9896666,-0.38674176,-0.22542344,-0.0117347315,-0.2849865
0.29746443,0.27642834,-0.16241139,-0.013827814,0.0046299985
-0.9395719,-0.49665526,-0.28995854,-0.012229631,-0.17461646
-0.5119083,0.0084664095,-0.27198848,-0.012730407,-0.08717448
-0.44495612,-0.19478065,-0.24517441,-0.011025237,-0.08120795
-0.49961564,0.21688554,-0.20728084,-0.011756426,-0.15634078
-0.65127826,-0.2748658,-0.2953113,-0.0120889405,-0.0727434
-0.5719883,-0.25270355,-0.27384984,-0.009539098,-0.021197557
0.53854084,0.0061486005,-0.19693482,-0.026687928,-0.05770034
0.18421187,-0.21221156,-0.16545261,0.004401357,0.04826355
-0.45455694,-0.23813373,-0.22609034,-0.02318932,0.15325084
-0.6828846,-0.15704542,-0.28539056,-0.012002032,-0.18089454
0.1254561,-0.02176281,-0.19585004,0.002297827,-0.095765084
-1.0284288,-0.48537302,-0.28016284,-0.012047961,-0.14752892
-0.87467384,-0.32864884,-0.30096245,-0.008027555,-0.033801273
-0.4240082,-0.098916315,-0.2497883,-0.014547566,0.21690895
-0.5588426,-0.0470269,-0.2429496,0.012222775,0.083300136
1.0102761,0.029775463,0.6726805,-0.0068302923,0.042196687
-0.5690608,0.05248814,-0.2546915,0.015278377,0.21080072
-0.49237913,-0.1439597,-0.24315082,0.013412742,0.13834874
-0.5351044,-0.16926709,-0.23764935,-0.007710034,0.16512704
-0.13718869,0.050123975,-0.22411735,-0.0025576323,0.107264645
-0.37967876,0.3462953,-0.22944096,-0.007127485,0.21536842
-0.9736094,-0.39464003,-0.27635068,-0.0059995176,-0.088153064
-0.45928195,0.13792169,-0.23566258,-0.016886644,0.12234469
-0.21736278,-0.005220719,-0.21864362,-0.01673267,0.008935827
1.1106955,0.04199334,0.64731824,0.0058297208,0.043662336
-0.6087372,0.2649975,-0.22078025,-0.0015121803,-0.043477573
-0.18014467,0.12613264,-0.23791921,0.0024049508,0.0050761527
0.2621371,0.09219585,0.49792495,0.016124133,0.16533685
-0.6673127,-0.4719289,-0.26709187,-0.011032306,-0.25630936
1.3005016,-0.04744289,0.7490876,0.004742519,-0.054550514
-0.9422999,-0.54162747,-0.24407241,-0.0060547683,-0.314581
-0.12190667,-0.19558556,-0.20841318,-0.015984533,-0.12348722
-0.4302765,-0.2048872,-0.23488338,-0.015568338,0.043133542
1.2301555,-0.14476712,0.7828499,-0.00136304,-0.025425714
-0.23379059,0.07358945,-0.22786427,-0.03121322,-0.302368
1.0945033,-0.05621084,0.6755972,0.012962477,-0.07859531
-0.67396206,-0.1062372,-0.28325373,-0.012749851,-0.076313905
0.3379093,0.18067755,-0.1206741,0.031900905,0.114771515
-0.507944,-0.3317325,-0.27339745,0.0052856808,-0.3208329
0.04594718,-0.1300359,0.58717275,-0.0038781324,-0.08691224
-0.66458774,-0.12177566,-0.24498115,-0.0025123078,-0.08641889
-0.37219796,0.13825539,-0.20635112,0.026927229,0.1934315
-0.5276977,-0.034040034,-0.25712007,-0.004321313,-0.0629311
-0.62317485,-0.5095674,-0.25986344,-0.016868673,-0.31385148
-0.06116887,-0.17150725,-0.2248402,-0.01289,-0.19355226
-0.2955237,0.054261502,-0.24335103,-0.006268953,-0.011378053
-0.93972135,-0.36338076,-0.2863085,0.0058449362,-0.131318
-0.72189885,-0.1574081,-0.2592727,-0.0040019806,-0.20526676
-0.05904866,0.5085547,-0.2031426,0.0062612956,-0.030347746
-0.9304736,-0.4290085,-0.2393947,0.011572188,0.117968775
-0.45881942,0.16051087,-0.24567573,0.003236178,-0.017004132
-0.005441854,-0.10220535,-0.20030086,-0.016179193,-0.068252355
-0.5155915,-0.056683492,-0.2450588,-0.009133251,-0.19818178
-0.33809528,-0.07850993,-0.2440892,0.0107493615,0.25260273
-0.7093503,-0.17204021,-0.25259745,-0.004974115,-0.09938763
0.5867855,0.10495639,0.6216968,0.0026770644,0.09530898
-0.1397744,-0.3217478,-0.22252417,-0.009803176,-0.34287694
-0.6386524,-0.13134964,-0.25657478,0.013803709,0.24794593
0.61620724,0.18553744,-0.11990654,-0.012413335,0.008023476
1.4866145,0.16304806,0.60599697,0.00050682324,0.022808623
-0.3926241,0.0010493286,-0.23466605,0.0101138875,0.19698757
-0.52965736,0.0535126,-0.2540548,0.010872606,0.14339185
-0.65918875,0.037731048,-0.2525161,-0.012945371,-0.19938867
-0.79808503,-0.37511578,-0.28646252,-0.011344644,-0.18076433
-0.40675282,-0.074018925,-0.24251638,0.01722433,0.289607
-0.18958363,-0.23276101,0.26967046,-0.014059428,-0.110353395
-0.49330106,-0.005039515,-0.23752487,0.005159717,0.20695013
-0.096358724,0.3538653,-0.19943126,-0.0054082046,-0.12808424
1.4294579,-0.0036628146,0.65025294,0.0015932387,-0.10071871
-0.52028793,-0.2353583,-0.21269415,-0.009696447,-0.15630436
0.48543787,-0.03338108,0.50654244,-0.0005883025,-0.12847717
-0.49502525,-0.13866286,-0.2452104,0.011285724,0.28005508
-0.50941736,0.4774759,-0.21367604,0.00082683505,-0.016711766
-0.89744586,-0.21846485,-0.2844516,-0.00893214,-0.18243833
-0.67893517,-0.34285232,-0.26418853,-0.013084888,-0.06677756
-0.55429685,0.2803561,-0.19556741,-0.011363897,-0.04166722
-0.6164329,-0.18846875,-0.21227686,-0.016351419,0.16073853
0.6976566,0.0029525273,0.4934317,-0.035761364,-0.118646376
-0.2430208,0.22516567,-0.17154637,-0.024527881,-0.09344912
-0.20293304,0.15963513,-0.17705286,-0.017616753,-0.18259898
-0.96843827,-0.32330075,-0.32127458,-0.011417479,-0.14148135
-0.71816117,-0.022875879,-0.26710197,0.004104523,0.15112944
0.09574773,-0.029657967,-0.16619797,0.0055720136,-0.057293426
-0.38900566,-0.1021131,-0.22517517,0.027585534,0.36902654
1.0740992,0.030826911,0.73804885,0.016550941,0.044203546
-0.56953967,-0.39285678,-0.2440264,-0.0041801822,-0.2788031
-0.7676966,-0.39308316,-0.25956059,-0.0125936195,-0.52873605
-0.32040745,0.2595016,-0.21974225,0.008652212,0.30148637
0.56087893,0.20428565,-0.16421922,-0.015950663,-0.056977354
1.370738,-0.100228764,0.77463514,-0.00020416593,-0.08500623
-0.27191386,0.15885018,-0.20608374,-0.012210662,-0.08840291
-0.015459425,0.37222114,-0.18157925,-0.0104086045,-0.08333736
-0.85241556,-0.09075395,-0.22811013,0.0178762,0.13599417
-0.73686343,-0.11522145,-0.25569627,0.0045844316,0.2613837
0.06935418,0.12378227,-0.1655855,-0.008086301,0.04494134
-0.6121399,0.029544603,-0.25727487,-0.0060107894,-0.13436453
-0.4045546,-0.15429658,-0.22652797,-0.0128885545,-0.14138038
-0.5158519,-0.21601821,-0.28387806,-0.023069795,0.022577971
-1.0533059,-0.45342368,-0.261658,-0.011822857,-0.21811698
-0.76587117,-0.15095599,-0.23972997,0.010752964,0.18205245
-0.3562178,-0.086882465,-0.2186118,-0.0550956,0.16183162
-0.17046732,-0.02313882,-0.23107553,0.011904033,0.14334354
-0.31057036,0.06972,-0.19324484,-0.02143709,-0.027506098
-0.81193006,-0.14202483,-0.24727094,-0.008929711,-0.11743137
0.24620622,0.1973839,-0.1499915,-0.008700698,0.053716898
-0.07543113,0.13793331,-0.18688893,-0.024978314,-0.2329108
-0.7147208,-0.25867346,-0.2326152,-0.006207498,-0.18045297
1.164398,-0.0434516,0.74649566,0.012864232,0.099585086
-0.4250903,-0.060987577,-0.2021468,-0.017352173,0.25451612
-0.65640676,-0.08323145,-0.21435954,0.01647276,0.16163917
-0.48598656,-0.43356037,-0.27361637,0.004292576,-0.28310966
0.30061778,-0.13715151,-0.19928221,-0.007553357,0.022292074
-0.32558116,-0.10391968,-0.23946044,0.012400354,0.18398237
1.4936411,0.02926926,0.7202294,0.0042555435,0.043182798
-0.8588569,-0.48715043,-0.27573612,-0.012368269,-0.29545906
-0.38959372,-0.02642131,-0.23225935,0.009864163,0.17411196
1.2522215,-0.031561896,0.69655067,0.0056166733,-0.017010625
-0.8651537,-0.32306898,-0.29650074,-0.012298804,-0.29743168
0.43286607,0.19634303,-0.1640982,-0.021284085,0.026303526
0.61990184,0.19351195,-0.11982958,-0.009839555,0.036976207
-0.90674675,-0.45480734,-0.2721998,-0.0065921186,-0.22688267
-0.37784344,-0.013374909,-0.23408064,-0.017553922,0.0378602
-0.38745227,0.07937693,-0.24478619,0.001811381,-0.019240374
-0.16628924,-0.15393004,-0.20813142,-0.016757602,-0.13253684
-0.3040259,0.017410967,-0.23292407,-0.008709993,-0.33149195
-0.23756495,0.027954012,0.38857657,-0.012526976,-0.12141694
-0.09970879,0.24599604,-0.2131396,0.00075150887,0.032914523
0.04389879,0.36717808,-0.19958113,0.011588894,0.0842428
-0.14544751,0.21457711,-0.19644949,-0.028893024,-0.17791906
0.49551478,0.017754173,0.47219795,-0.0055118836,-0.1653142
-0.29441804,0.33320594,-0.22109216,0.0048575723,0.1628036
-0.5696057,-0.04185534,-0.25159615,-0.008606843,0.20231648
1.1822981,-0.057213128,0.66659856,0.01932115,0.067082316
-1.1092163,-0.42374948,-0.23925468,-0.0022815792,-0.277901
-0.38732177,0.2978081,-0.2316706,-0.014397252,-0.045243815
-0.83001965,-0.49702162,-0.27551562,-0.0131292865,-0.20228727
-0.50109524,0.2595044,-0.24412772,-0.008767769,-0.043434635
0.6741734,0.250759,-0.14639781,-0.010508056,0.1546329
-0.73175776,-0.13450761,-0.2836895,-0.016518515,-0.06524974
1.4088929,-0.05808803,0.8254188,-0.00070305075,0.012882176
-0.22946262,-0.13065429,-0.16254352,-0.02108977,-0.07014646
-0.37776887,-0.04180787,-0.2394941,-0.013092842,0.20080493
-0.15138079,0.0344707,-0.23245619,-0.0072150347,0.026797852
-0.35266298,0.12646565,-0.22677203,0.030422859,0.16972968
-0.5409063,-0.10568815,-0.22261101,-0.00997282,0.018239165
1.1254414,-0.017828189,0.7043585,0.011071183,-0.106747225
-0.058731142,0.42153898,-0.17184913,-0.009410504,-0.13366646
-0.24346296,0.00084480457,-0.17926158,-0.0111135505,-0.17828265
0.29580083,0.21483988,-0.13571398,-0.0063317847,0.04489829
-0.6955696,-0.13425885,-0.24365132,-0.008112046,-0.13219939
-0.67968583,-0.21314645,-0.24383122,-0.0100033935,-0.23392728
-0.5849984,-0.4310754,-0.26556313,-0.011689106,-0.26086926
-0.25527442,-0.25142118,-0.21504769,-0.011651235,-0.18598264
0.06005549,-0.035319857,0.54247475,-0.0015727188,0.04332669
-0.16492628,0.0090546645,-0.206892,-0.049784668,0.29775342
-0.44676238,-0.0021481384,-0.26178896,-0.014173072,-0.18011929
-0.11589465,0.45576042,-0.19396256,-0.0075540515,0.03222892
-0.4607236,0.058449656,-0.25664964,-0.0020454058,-0.045285374
-0.4450038,-0.27033737,-0.2402096,-0.004916254,-0.107884526
-0.7199014,-0.1922145,-0.2629676,-0.012924718,0.15766582
-0.9883194,-0.46260217,-0.2519017,-0.01379925,-0.23352621
-0.6847574,-0.12968601,-0.2757732,-0.0037390967,-0.23643883
-0.40126124,0.29540026,-0.19601217,-0.026867628,0.0054722717
-0.9186518,-0.35327116,-0.27827495,-0.0011296337,-0.15324612
-0.3525296,0.038884595,-0.20125292,-0.030061554,0.06850247
-0.6853529,-0.3955941,-0.23546293,-0.0043541994,-0.26400864
0.27406785,-0.056005422,0.62434477,0.022479858,0.00969168
-0.5417868,-0.03009476,-0.23778634,0.022178566,0.2740857
0.35082763,0.07363687,0.5886277,0.0034453156,0.038531877
-0.5440057,-0.19949867,-0.24744864,0.0027271006,-0.05791647
-0.3007712,-0.14456978,-0.22572793,-0.017852368,0.2439684
0.20352575,-0.04080559,0.5295679,0.028918479,-0.12902874
-0.728728,-0.26187554,-0.2068793,0.0039064493,-0.22996774
1.0447383,-0.040033937,0.7230324,0.009418758,0.024212904
-0.71697456,-0.47718194,-0.2789439,-0.015737507,-0.2862189
-0.64793855,-0.039213173,-0.2588644,0.014402632,0.16463292
-0.7785211,0.096943706,-0.2404768,0.0047497423,-0.06694393
-0.6243894,0.026165849,-0.2733753,-0.009071973,-0.03950453
-0.5472503,-0.005204003,-0.24292748,0.0067508956,0.11886643
0.32129377,0.32915983,-0.120288506,-0.0019140579,0.24675226
-0.25891,-0.084827796,-0.2214762,0.020621901,0.24699825
0.28932807,-0.21148385,0.68699914,-0.017603993,-0.05752843
0.37318698,0.091112345,0.518887,0.009874659,0.07312348
1.2926738,0.01646177,0.7848184,0.004207102,0.07204662
-0.38757938,-0.06279132,-0.22969188,0.0029947294,-0.05881049
-1.027773,-0.45092252,-0.26611426,-0.009896127,-0.20549522
-0.002835535,0.112082236,-0.19624189,0.002520065,0.0009587081
-0.6410466,-0.2028673,-0.26251385,-0.019923175,0.13031422
-0.27508348,-0.1895416,-0.22542852,-0.0061663724,-0.14078523
-0.6118874,-0.25343797,-0.2583323,0.015177878,-0.007548085
-0.9610163,-0.28774294,-0.2526055,-0.007766569,-0.20650136
-0.444066,0.098762475,-0.20216179,-0.011893896,-0.11915482
0.6834032,0.24227889,-0.13023852,-0.008816365,0.17063133
-0.18556604,0.11972265,-0.19564351,-0.028704688,-0.24891286
1.5152525,0.0750556,0.70846355,0.005740971,0.085493155
-0.26389542,-0.048843075,-0.19902438,-0.0037281336,-0.070343405
-0.268246,0.15408164,-0.1960664,-0.00944381,-0.10514938
-0.3750935,0.13827473,-0.26500753,-0.006935599,-0.089054495
0.8645023,-0.010749215,0.6183587,-0.0012178071,-0.09604082
-0.4340077,-0.041642446,-0.2365508,0.015862314,0.2766401
-0.53450286,-0.015945029,-0.22360377,-0.009287026,-0.057962835
-0.6342464,-0.16446519,-0.2746737,0.0065017478,0.0146250995
0.13092795,-0.020377541,0.38653904,-0.0038915125,-0.03672726
0.2668729,-0.081273444,-0.18266016,0.021055581,-0.08573575
-0.47033703,0.1557972,-0.2154991,-0.0149197355,-0.05669583
-0.2238955,-0.27122188,-0.21328667,-0.010683305,-0.17066063
1.0105175,-0.06251444,0.69945025,0.012452999,0.0103214355
-0.85993797,-0.108622886,-0.23209332,0.013918293,0.27748138
-1.0486063,-0.496715,-0.24862465,0.0016183082,-0.25372484
-0.93885267,-0.3674664,-0.23917738,-0.0021048733,-0.26587453
-0.5888978,-0.07607232,-0.231868,0.0016712975,-0.19553944
-0.5073568,-0.11781439,-0.23021123,0.00095663103,-0.102051914
-0.8067711,-0.19774057,-0.26662645,-0.018341064,0.12387585
1.0774912,-0.05203439,0.7217441,0.007532617,0.012458573
-0.44812778,-0.015995117,0.416498,-0.021300366,-0.03863558
-0.07964627,0.24558103,0.33379993,0.0005324725,0.15709475
0.529576,0.1922459,0.49559245,0.0054653194,-0.046608705
-0.58935356,-0.11063514,-0.25393873,-0.0067561497,-0.047517948
-0.05691907,-0.14073972,-0.19025932,-0.0041693505,0.041459452
1.255161,0.09368495,0.7059413,0.0021204553,0.06825542
-0.4565159,-0.04919236,0.3834278,0.03846743,0.0826059
-0.61912674,0.012005954,-0.26606607,0.012681872,0.19862792
-0.8452382,0.24993527,-0.23824163,-0.013623062,-0.06468746
-0.19883558,0.15476415,-0.21923347,-0.009400891,-0.13953666
-0.63304275,-0.20097047,-0.21167023,-0.029601632,0.05881206
-0.7655208,-0.28177273,-0.24235146,0.0018565364,-0.20110877
0.5973511,-0.15956177,0.5191209,-0.0137885325,-0.18287836
-0.5554955,0.35765842,-0.22390616,-0.0071322136,-0.047349658
0.6725472,0.23449631,-0.14536852,-0.009785796,0.15480845
1.2810106,-0.14862584,0.7368655,-0.0066296514,-0.011231246
-0.87942266,-0.39562947,-0.29526648,-0.009420048,-0.11145537
-0.5732158,0.09002068,-0.26599023,-0.0067537073,-0.11993421
-0.92915416,-0.20740122,-0.2520851,0.009089162,0.065627955
-0.32163423,0.120704815,-0.21892834,-0.024433844,-0.11453962
-0.6923298,-0.17010044,-0.270598,-0.00921652,0.1313101
-0.8874945,-0.47064057,-0.27509677,-0.01103285,-0.17488514
1.0499241,-0.008084802,0.65976167,0.017700298,-0.03495572
0.34705424,0.030569691,0.5611113,-0.0029490585,0.09027196
-0.6822119,-0.13711905,-0.21876824,-0.00052999984,-0.20388803
0.014344179,0.338682,-0.1824423,-0.0137726925,-0.05828626
0.6080286,-0.07122102,0.5555025,-0.003033104,-0.03653127
-0.4843674,0.2722744,-0.25056854,-0.005917406,0.03828274
0.15356632,0.14218779,0.39388844,0.0053872094,0.06153288
1.042922,-0.036326278,0.7076327,0.018179998,0.121982284
-0.25884485,-0.08348691,-0.2051011,-0.0017184378,-0.0874681
0.12016644,0.18960463,-0.17836946,-0.0049454393,0.10235927
-0.6991613,-0.35151076,-0.26367652,-0.014338391,-0.007073689
0.07622315,-0.08350417,-0.19738543,-0.0027798107,-0.16489649
1.1669323,-0.046066973,0.7184347,-0.0028569268,0.0553613
-0.658721,-0.070104584,-0.2650718,-0.008006433,-0.22140904
-0.3580241,-0.34275743,-0.25467047,0.0027656867,-0.19590634
-0.34458655,0.38092452,-0.21761355,0.0052757305,0.29143405
-1.1765777,-0.28634924,-0.26892638,-0.006459506,-0.07455198
-0.33574733,0.10192622,-0.2230868,0.0039703688,-0.09830712
-0.28330055,-0.26748827,-0.16779496,-0.011436868,-0.121960014
-0.84330386,-0.11331643,-0.2459733,0.00659563,-0.26220003
-1.112014,-0.50944865,-0.2608295,-0.013386173,-0.22017573
0.6091661,0.07197399,0.643454,0.033428356,0.13466477
1.2797092,-0.2931178,0.7991995,-0.007943645,-0.1839381
-0.7956817,-0.39060816,-0.30723208,-0.013516778,-0.19272695
-0.5116014,-0.4766505,-0.26522544,-0.014067599,-0.29080915
-0.37805817,0.1827542,-0.19902776,-0.012825149,-0.072995916
-0.043358043,0.15674543,-0.214322,-0.017460108,-0.24048522
-1.1552099,-0.49998453,-0.26579148,-0.015973015,-0.21201959
-0.020475859,-0.06302999,-0.19157687,-0.0030034916,-0.104936235
-0.47077098,-0.07551526,-0.20908399,-0.023872767,-0.1797769
-0.57847786,0.28811347,-0.24261433,-0.013726471,-0.082369424
-0.24818964,0.32236657,-0.22954693,-0.005761853,-0.005926814
-0.5485838,-0.06494377,-0.27488694,0.008629164,-0.004584298
-0.40246993,-0.047458455,-0.21917439,0.022700526,0.32728192
-0.23399027,0.35959232,-0.19455141,-0.012869202,-0.0012561376
-0.24279793,0.20812726,-0.18280825,-0.014207168,-0.20086004
-0.07118867,0.19215477,-0.15876299,-0.026605941,-0.13868363
-0.96353626,-0.31120035,-0.22871768,-0.0002378138,-0.27554482
-0.20385392,0.08448965,-0.23515438,-0.004565867,-0.0031132582
0.29313225,0.25666344,-0.12694664,-0.003106458,0.13022232
0.6161382,0.028335398,0.6767926,0.022193614,0.13928334
-0.49927723,0.18973896,-0.19755667,-0.020273905,-0.183819
0.004474087,-0.047729075,-0.23686178,0.004972499,-0.18872932
-1.0446359,-0.029263996,-0.25868636,-0.00569313,-0.073223844
-0.82723534,-0.28117952,-0.25559467,-0.009722123,-0.2167704
-0.54715073,0.24448773,-0.21320522,-0.014750674,-0.14884438
1.3266569,0.122735985,0.7206068,-0.00020611659,0.086457185
-0.16172351,0.24830139,-0.20886947,-0.0027645733,-0.038187746
-0.6051135,0.12550141,-0.2448172,-0.006291686,0.06756783
-0.84462833,-0.044054724,-0.26299822,-0.015418097,0.04729697
0.56662977,0.20801702,-0.16084825,-0.010792421,0.0238409
-0.3950769,0.25647008,-0.22211026,-0.0015589143,-0.118007325
-0.1031357,-0.12754442,0.36010247,0.0035752035,0.054176114
-0.42714047,-0.1332012,-0.25614825,-0.012791518,-0.09599652
-0.54200137,-0.4582164,-0.2671245,-0.01604116,-0.30445322
1.1047733,0.036794763,0.64658666,0.005031321,0.05650143
-0.44747466,0.08410472,-0.2565647,0.009792527,0.031736504
0.02445403,0.38529304,-0.18663812,-0.015393203,-0.07923749
0.5686162,0.1652137,0.46919474,-0.01184991,-0.0761353
0.14214914,-0.01997403,0.5968576,-0.0049967114,-0.13750364
0.09283606,0.0033514893,0.47824556,-0.011101672,-0.13023569
0.10269361,0.007389943,0.361421,0.0015533343,-0.025313083
0.14540806,0.12975103,0.5808633,0.02632898,0.11734419
0.25379336,0.03233533,0.48517713,0.0008408199,-0.14644392
-1.2129997,-0.33070752,-0.27038842,-0.004987046,-0.15149733
1.2980877,-0.15338087,0.76308274,0.011668168,-0.09343583
-0.38705012,0.09564256,-0.22783878,0.014114314,0.23221512
-0.34346557,0.112003215,-0.21319577,-0.014081222,0.31416288
1.066633,0.026880946,0.71219474,-0.003750585,-0.03477218
-0.46267825,0.49641818,-0.23977812,-0.0045170533,-0.0009240322
-0.60074943,-0.2881672,-0.2696158,-0.013315251,-0.06497658
-0.5594315,0.21794261,-0.22995056,0.010289744,0.03467812
-0.75586444,-0.11242904,-0.2583958,0.020061571,0.2104204
-0.32402298,0.31903157,-0.21144414,-0.0003126678,0.2859171
0.11100695,-0.03204498,0.5096401,0.025261994,0.028147954
-0.7150241,-0.3591231,-0.2299712,-0.01863753,-0.102601886
-0.08521464,-0.008036686,-0.19754907,0.031809922,0.069004424
-0.7628049,-0.5076503,-0.24611795,-0.014232673,-0.25962117
-0.8143574,-0.1290161,-0.2510902,0.009783299,0.19508074
-0.6305593,-0.13464297,-0.21130244,-0.015149496,-0.21715753
-0.33073202,0.11694253,-0.20213401,-0.010207573,-0.16948879
-0.76822495,-0.3506718,-0.22213684,-0.013422118,-0.24520172
-0.111451805,-0.005451368,-0.20149562,0.004038136,-0.022343535
-0.08442651,-0.5368037,0.31551814,-0.014434919,-0.2331023
-0.8846935,-0.26188818,-0.23102961,0.016270949,0.102502175
-0.53459847,-0.22702476,-0.23003934,0.0064814095,-0.19551244
0.63627964,-0.266877,0.6136273,-0.013262345,-0.07735979
-0.8491723,-0.15465626,-0.24448386,-0.010711573,-0.25675312
1.4979788,0.14249453,0.5940197,0.0034177077,0.07482667
-0.6071012,-0.36779416,-0.2646429,-0.012448482,-0.24592578
-0.5559423,0.17310962,-0.21449511,-0.013378517,-0.17487174
-0.67278165,0.038989928,-0.2299597,-0.01642491,-0.17024922
-0.96447694,-0.4845309,-0.26709807,-0.014748348,-0.2032771
-1.0121288,0.19171545,-0.2214566,-0.016505897,-0.104544625
-0.03994714,0.09110588,-0.18804258,0.0071014836,0.078971684
-0.16766532,0.02435011,-0.1984622,-0.03527541,-0.30570588
-0.52553093,0.225116,-0.22740136,0.0031897747,-0.14364241
-0.56271005,0.065255076,-0.18337578,-0.022200959,-0.17802511
-0.9580518,-0.41529208,-0.2803714,-0.014191851,-0.24239333
-0.31241536,-0.2865152,0.600719,-0.021430846,-0.10518358
0.048108313,-0.0853251,-0.19473168,0.03283636,0.044800047
-0.09585335,0.2857093,-0.19670174,-0.012528453,-0.13895054
0.13617766,0.0128008565,-0.14802781,0.009730023,0.00521021
-0.31057468,0.21043353,-0.21617083,-0.015209913,0.025894625
0.58714104,0.18030852,-0.13811912,-0.010331239,0.042805135
-0.42298922,0.017061785,-0.22867215,-0.012529111,-0.14610462
0.6994825,0.01970871,0.5993013,0.00033711223,0.0039070277
-0.7084327,0.40518758,-0.23606735,0.0041811587,-0.11093644
-0.44440627,-0.17377621,-0.21506213,0.020700019,0.16138572
-0.28648388,-0.07713112,-0.24101895,-0.0016501576,-0.20307796
-0.47067395,-0.22291556,-0.27483922,-0.009818515,-0.23305154
-0.15696616,-0.36026168,-0.1721025,0.0070496853,-0.119335584
-0.6268307,0.3408291,-0.22801381,-0.011641032,-0.05595414
-0.35783798,-0.056744337,-0.22208442,-0.010217848,-0.033503212
-0.012863928,0.07736998,-0.21943372,-0.013455607,0.033823203
-0.26597333,0.07811285,-0.19139592,0.008594648,-0.080871604
-0.40928346,-0.04303901,-0.2407788,-0.008193812,-0.19329472
-0.61333656,0.04701864,-0.24811114,-0.015409694,0.11536558
-0.5300414,0.18815708,-0.2389474,-0.010191277,0.0049745794
-0.8346898,-0.24875732,-0.26270708,0.016996548,0.14220412
0.06847082,0.18090482,-0.18414177,-0.015331615,-0.18667465
1.0469549,-0.013144749,0.65011156,0.009904573,0.09884549
0.032087184,0.1685212,-0.1660878,0.013557026,0.03339876
0.15004277,0.16852546,-0.18487641,-0.01543255,-0.073818415
1.0686834,-0.0073522585,0.6681224,0.013452835,-0.10504045
-0.39235204,-0.010953482,-0.2353547,0.010794662,0.10932593
-0.7016425,-0.1117555,-0.2734839,-0.009719654,-0.24737714
-0.5502721,-0.07097933,-0.28001976,-0.005487386,-0.07490019
-0.00010075609,0.07549015,-0.18136148,0.002945525,0.056462675
-0.33985233,0.14560005,-0.21363345,0.014845197,-0.43470633
-0.56727225,-0.023691248,-0.24209774,0.0032480424,0.22236255
0.3731034,-0.027656255,0.36303186,-0.013901314,-0.076492794
-0.123104215,-0.2788418,-0.2659764,-0.008072367,-0.24128185
-0.25978774,-0.07392612,-0.22539496,0.009970756,0.059517443
1.4267596,0.09969042,0.70138276,0.0051608435,0.07195985
-0.4272962,0.18675603,-0.19749486,-0.011980825,-0.27057898
-0.8778386,-0.4306905,-0.28577724,-0.013616302,-0.2553693
-0.7882536,-0.42410663,-0.26529354,-0.012505586,-0.49773604
-0.06956852,0.46847403,-0.17653215,-0.009002291,-0.09186163
0.077859335,0.19271486,0.37724313,-0.00820265,-0.08226347
-0.5440421,0.09656246,-0.24466912,-0.0005911151,-0.036617197
0.53018,0.18499245,-0.17083754,-0.011115605,-0.07059769
-0.36466518,-0.052332494,0.3650356,-0.002223996,-0.026973255
-0.1661061,-0.0381135,-0.22694282,0.0043285023,0.07339561
-0.70988786,-0.2614113,-0.20640504,0.0012362616,-0.10288982
-0.5455188,0.252478,-0.24566388,-0.015452942,-0.13958472
-0.15840311,0.57200754,-0.18946268,0.001579381,-0.022846377
-0.53377414,0.008622742,-0.19965626,0.011415114,0.29988962
-0.82449335,-0.11143089,-0.25908637,-0.0012057992,-0.18255816
0.28824136,0.26907012,-0.13480206,-0.0020134412,0.15776911
-0.04250458,-0.3920844,-0.17471862,-0.0153874885,-0.08851061
-0.54846966,-0.032126974,-0.23982,0.009459621,0.18654487
-0.5398133,-0.033080634,0.35941112,0.0009437371,-0.048757132
0.037713856,-0.08384152,-0.20045927,-0.0091691315,-0.1643115
-0.9708998,-0.47742143,-0.27761996,-0.012688724,-0.18607272
-0.44097358,-0.17352468,-0.22626719,0.020855024,0.13171352
-0.6865267,-0.20591909,-0.24284974,-0.009307954,-0.11237412
-0.059753582,0.22048636,-0.18575458,0.012043564,0.20015684
-0.5369178,0.18260227,-0.22165807,0.009593487,0.21712701
-0.23003075,-0.07876243,-0.22377695,-0.0021520958,-0.2126201
-0.67576593,-0.30282623,-0.32473183,-0.015697611,-0.07798361
-0.49391267,-0.030368593,-0.26944008,-0.011190652,-0.11463387
-0.4968642,0.1271761,-0.23216155,0.0095279645,0.20914084
-0.47722012,-0.26770407,-0.28462508,-0.012352677,-0.08532248
1.1014044,-0.08261198,0.6898883,-0.015107267,-0.025803994
-0.50079244,-0.35572413,-0.26092526,-0.013882706,-0.16999564
-0.61490697,-0.27060178,-0.24603756,-0.0032463945,-0.2959337
-0.52010393,0.2659994,-0.22198725,0.013448228,-0.031913646
-0.025425922,-0.09968496,-0.21185245,0.0021206052,-0.042305276
-0.6638291,-0.29790092,-0.2661753,0.023075433,-0.05428272
-0.7447684,0.11830646,-0.23431921,-0.02377645,-0.106952064
-0.9155916,-0.029716283,-0.27238214,-0.00571511,-0.14469011
-0.15263748,0.027322896,0.41247824,-0.0073306747,0.050606016
-0.4402946,-0.066189416,-0.21327092,-0.014358364,-0.08508778
-0.015844312,-0.2221102,-0.22045091,0.0006271107,-0.06206424
-0.22513561,-0.14314477,-0.21884441,0.007930342,-0.21183324
-0.57057554,-0.28065324,-0.23460798,-0.015032584,-0.14139389
-0.26044512,0.26558307,-0.19717267,-0.016155263,-0.024643464
0.42827088,0.03858834,0.6246879,-0.00413523,0.08010791
1.0259979,0.06722255,0.6958997,0.021946888,0.094330974
1.1896602,-0.02924135,0.7589538,0.00055931695,0.017925192
-0.66577655,0.115837745,-0.28318113,-0.0064050183,-0.042559046
0.071853064,0.04061345,0.44929132,-0.008089162,-0.14937556
-0.5668739,-0.07241704,-0.23304532,-0.0044101328,-0.28824192
-0.6870994,-0.16274649,-0.27288005,-0.012251239,0.21321848
1.3873808,-0.08917589,0.80949754,-0.0011774597,-0.03877849
-0.6181432,-0.034376904,-0.272053,-0.007871768,-0.15050933
-0.2426793,-0.12425494,-0.25275552,-0.012247048,-0.21722656
1.3002383,-0.06690958,0.7576293,0.0059326226,-0.03194751
0.11119516,-0.23897354,-0.18146375,-0.008423962,-0.18616287
-0.6961017,-0.31355163,-0.26781884,0.0036746687,-0.20201498
-0.1319234,0.27294526,-0.1888431,-0.016576111,-0.044039574
-0.3347042,0.21109064,-0.2109787,-0.016536772,-0.06508196
-0.42128345,-0.021704981,-0.23663966,-0.006534589,-0.105527416
-0.5892571,-0.15724866,-0.23185185,-0.009839915,-0.20646332
0.4268941,-0.06284432,0.6676117,0.00054112356,0.044700563
-0.9055074,-0.3366282,-0.2438274,0.0047510075,-0.22217835
-0.49945983,-0.35154277,-0.2790864,-0.01718996,-0.11736656
-1.2083565,-0.5016978,-0.25111502,-0.005762178,-0.21007553
-0.60245657,0.28934523,-0.22165985,-0.009743124,-0.08208983
-0.51063967,-0.20013042,-0.22949451,0.0045641256,-0.2509451
-0.98755205,-0.34250134,-0.29458177,-0.015755221,0.012513356
0.017259125,0.17040543,-0.20223218,-0.021937829,-0.094601884
-0.1993024,-0.030837666,-0.17189278,-0.014267009,-0.055097867
-0.10530018,-0.0025468431,-0.1814122,-0.015064508,-0.07373639
-0.3424773,0.032016918,-0.22712184,0.0044684093,0.17543274
-0.6051608,-0.3704777,-0.26373637,-0.006521442,-0.18588544
-0.30779096,0.19925205,-0.19323392,-0.033936314,-0.14323269
-0.6215768,-0.06666516,-0.20687558,0.026107628,0.29833618
-0.669015,-0.47700968,-0.26985782,-0.015713587,-0.29033512
-0.30122203,-0.049394637,-0.21648052,0.012130627,0.2801377
1.4048071,0.037448343,0.7205155,0.0060232314,0.08522263
0.86002946,0.05206877,0.6278223,0.004498247,-0.016831137
0.19513544,0.05743923,0.4067138,-0.007417663,-0.053084016
0.58442485,0.185345,-0.13407338,-0.009419728,0.04485756
-0.8174663,-0.34784353,-0.25765073,-0.01571969,-0.08914769
-0.6913503,0.11897105,-0.20406778,-0.019317033,-0.07300033
0.96343285,0.024524644,0.6810496,0.011987716,0.0537099
0.2210141,0.20066862,-0.17397651,-0.011404166,-0.040305875
-0.17792714,0.12338135,-0.18370818,-0.017058369,-0.07589896
-0.8736757,-0.25090697,-0.22942095,-0.0022179978,-0.01896969
-0.13998649,-0.20677675,-0.22144176,-0.0036033038,-0.26660123
-0.39435315,0.3029534,-0.19591498,-0.0132863205,-0.016673973
-0.6423289,-0.34610486,-0.24297607,-0.013986438,-0.0677286
0.23672812,-0.116925545,-0.21949011,0.007755797,-0.0051787207
0.21797487,0.15434018,-0.1541208,-0.031805158,0.0122337695
-0.72313195,-0.4969655,-0.2561038,-0.008190218,-0.22297479
-0.25662142,-0.06301825,-0.22601317,0.021221142,0.34351978
-0.9862907,-0.1557649,-0.24869557,0.0075907186,0.29577008
-0.7645955,-0.18155488,-0.30596697,-0.007929852,0.09620746
-0.31613803,0.02874133,-0.24207087,0.0016149445,-0.01454858
-0.34901547,-0.34321707,0.28039566,-0.01508203,-0.14535046
-0.9334812,-0.37954697,-0.29755712,-0.014682263,-0.067919716
-0.21119495,0.07099696,0.40763187,-0.010275889,0.03004608
-0.3592597,-0.1284249,0.43889084,-0.0021943487,0.018182606
0.06544865,-0.061857693,-0.2012392,0.023496997,0.01546889
-0.18255855,-0.18218714,-0.24501476,-0.0021360023,-0.13030125
-0.6966436,-0.14421119,-0.2856486,-0.01771238,-0.22214524
-0.31039196,-0.06517185,-0.22556299,-0.008813032,-0.047245517
-0.8894716,-0.16371872,-0.27899578,0.00061266357,-0.0529956
-0.49267352,-0.03394892,-0.23005545,0.008903703,0.16801953
-0.77184504,-0.35823676,-0.3208278,-0.011627573,-0.16395272
-0.0631852,0.0025573624,-0.21042165,-0.013305679,-0.031107035
1.2164102,-0.105605714,0.73517305,-0.00034580752,-0.05129078
-0.46543366,-0.1560382,-0.2415775,0.0071672206,0.13902432
0.51545537,0.19151634,-0.12326644,-0.011092601,0.03459666
-0.20623046,-0.35606986,-0.23558968,-0.015427741,-0.06975147
-0.21661459,-0.0006806473,-0.20154846,0.019009685,0.27824205
0.47153595,0.02065832,0.43293443,0.01525165,-0.11423485
-1.0351882,-0.46299055,-0.27001324,-0.012398758,-0.16856708
-0.38233215,-0.23242544,-0.18243065,-0.002692302,-0.037273113
-0.53124136,-0.1396101,-0.24423447,-0.010295566,-0.04464792
0.105015025,0.40846437,-0.19059686,-0.0031063752,0.03214847
1.2251325,0.04224093,0.7576312,0.0074317725,0.018627102
-0.40794417,0.057322618,-0.24014203,-0.023548467,-0.06739737
-0.11042603,0.32934988,-0.19468883,-0.0066898884,0.004250379
0.033157554,0.010849218,-0.19271204,-0.0034694176,-0.0984864
0.20302291,0.013288954,0.5545985,0.022928834,0.01897974
-0.022403182,-0.18661341,-0.25667828,-0.0017773416,-0.29712567
-0.9827712,-0.1869075,-0.23855542,-0.014673331,-0.12821178
-0.75680846,-0.44329447,-0.25441217,-0.009274446,-0.31339547
0.06567538,0.066975765,-0.12863442,0.02132896,0.11867849
-0.5702307,-0.2307897,-0.2757412,-0.0013834233,-0.06343111
-0.26754734,0.35533804,-0.19269145,-0.014072221,-0.038966145
-0.49816757,0.35521096,-0.2344389,0.00477082,0.22594814
-0.72668093,-0.39693734,-0.26709557,-0.015110623,-0.14121523
-0.7351986,-0.18698366,-0.24881853,-0.010269546,0.16407692
0.3627085,0.0885258,-0.18301488,-0.0040410156,0.07656048
-0.009883689,0.3777614,-0.166308,-0.017060036,0.04126602
1.2373878,-0.068528034,0.74529433,0.014629416,-0.1025566
-0.59861463,0.08364481,-0.26482174,0.0038132346,0.046681322
-0.52453953,-0.42132556,-0.27345657,-0.01409119,-0.2809265
0.26340723,-0.0051367567,-0.16235337,-0.014765382,-0.01159806
-0.3238043,0.14107175,-0.24040991,-0.00053856475,-0.046004258
-0.33701503,0.017372329,-0.24323045,2.4694018e-06,-0.09930915
-0.41592616,-0.041093443,-0.25222287,0.013351604,-0.22447176
-0.65333784,0.016718127,-0.24615912,0.02627198,0.26434398
-0.49377525,-0.37235853,-0.2441052,0.00021419581,-0.1514543
-0.9374847,-0.48800427,-0.2486943,-0.010658948,-0.30691126
-0.08618155,0.045576356,-0.24105674,-0.008175003,-0.069680415
-0.8517073,-0.05299044,-0.2537897,0.016675338,0.19981377
-0.17819364,0.11899169,-0.19342677,-0.0074944096,-0.052851804
-0.92137915,-0.37520906,-0.24106303,-0.003636664,-0.0976958
-0.5037331,-0.11430619,-0.25800693,0.014275506,0.14608677
-0.4999209,-0.11729933,-0.2560554,-0.016860642,0.16093317
-0.9496035,-0.22178976,-0.25472337,0.011191178,0.13578445
-0.81012565,-0.3682297,-0.2953904,-0.014065992,-0.27750036
1.5501416,0.21706407,0.63382477,0.0036004554,0.11069136
-0.6140227,0.031515542,-0.20024095,-0.03037675,-0.05971663
-0.7735617,-0.20887148,-0.25278354,-0.0075677624,-0.2618036
-0.5500482,-0.09860572,-0.2706593,-0.012542366,-0.0664773
-0.40270263,0.14145434,-0.21463113,-0.014586408,-0.11749989
-1.2274644,-0.3372621,-0.28505433,-0.018039765,0.016571175
-0.4399277,-0.42980474,-0.29118425,-0.014648416,-0.2835755
-0.63313967,0.13911244,-0.26841903,-0.010478018,0.02136707
-0.6284735,-0.3467963,-0.26733747,-0.018737867,-0.075292334
0.024083406,0.097026676,-0.17920363,-0.011416944,0.0321841
-0.18825445,-0.10784665,-0.18584818,0.032219794,0.20277463
0.001979744,0.014853118,0.44356588,0.024264801,-0.045823365
1.4267242,0.004484581,0.77979237,0.0013576194,-0.028397987
0.5022076,0.11256139,0.599219,0.021474894,0.07069695
-0.1678259,-0.20108475,-0.1949244,-0.0146152405,-0.24065733
1.2931275,-0.043683536,0.73144597,-0.0077077677,0.08517638
-0.1510048,0.5072279,-0.21019508,0.0037226607,0.1812388
-1.1420898,-0.47496918,-0.24996166,-0.011910537,-0.25651488
0.17981783,0.029737331,0.46093193,-0.011128723,0.033390433
-0.6463214,-0.04781487,-0.29398817,-0.015474049,-0.083087616
0.06789783,0.15510833,-0.15729564,-0.010901152,-0.4301736
-0.072667524,0.2726328,-0.20741236,-0.0152969025,-0.22467053
-0.70819026,-0.3001462,-0.2616284,-0.01363522,-0.24505588
-0.5949385,-0.18424053,-0.23852386,0.02063166,0.061312873
-0.94391704,-0.47798166,-0.26985872,-0.01296942,-0.3004039
-0.16998802,-0.035192333,-0.2120792,-0.017906928,-0.030074604
-0.41031906,0.05676658,-0.23197094,-0.004105782,0.23000523
-0.49421632,0.18084121,-0.24580511,0.009673905,0.06676241
-0.77839905,-0.38064268,-0.2520176,-0.0058159037,-0.3629216
0.3170172,0.19472834,-0.17501347,-0.009011952,0.032696914
-0.51283383,-0.11440905,-0.25071168,0.016295172,0.14007214
0.9461045,-0.044469167,0.69168454,0.015104317,-0.01663733
-0.93680835,0.13524508,-0.23058294,-0.010210387,-0.13229173
-0.3899354,0.13066559,-0.2550301,-0.013068566,-0.06374245
-0.323803,-0.07571506,-0.24424915,-0.013666666,-0.07453655
-0.40257204,-0.21036981,-0.18799102,-0.0066707307,-0.40368083
1.074536,0.029211985,0.69738895,0.017786307,0.14657018
-0.24390602,0.066558056,-0.22291285,0.00038874662,-0.058613688
0.5710926,0.20752421,-0.16096602,-0.01121818,0.017313898
-0.9164217,-0.15499997,-0.24372815,0.014255473,0.24268092
-0.52521473,0.12820509,-0.22435135,-0.019176412,-0.17864333
0.056961965,-0.013346923,0.5205612,-0.0074977395,-0.11883307
1.4430213,-0.08110059,0.8356946,0.0024516769,0.09507123
0.5887566,0.14981504,-0.12652273,-0.012384727,-0.024684258
-0.6136972,0.036585756,-0.2130791,-0.014500273,-0.17560971
0.24330233,0.07171277,-0.14338507,0.024132274,0.012518386
1.1296992,-0.013410892,0.7140016,-0.019155271,-0.13554794
-0.4679632,0.15763654,-0.26236537,-0.007416201,-0.0143892495
-0.5807893,-0.4042964,-0.25533548,-0.015201147,-0.23088111
0.98240286,-0.016725527,0.64103866,-0.018353093,-0.048290193
-0.59678084,-0.2971719,0.30737862,-0.027860887,0.0028529698
0.25278473,0.041765828,-0.13156544,-0.0069828816,-0.16104905
-0.4334101,-0.07158595,-0.23974733,0.032812815,0.23836726
-1.0581119,-0.32866168,-0.25264394,-0.010303465,-0.08785612
-0.56816757,0.020528637,-0.24466875,0.010645997,0.23800223
-0.70527446,-0.27809414,-0.2704778,0.010081142,-0.03792058
-0.35522613,0.118584834,-0.19514889,-0.02272484,-0.0066465754
1.0380622,-0.040936798,0.72792476,-0.0013439292,0.09669907
-0.7865203,-0.45267043,-0.23716308,-0.010711787,-0.108524844
-0.20455006,-0.013641039,-0.21085078,0.026831824,0.363702
-0.37037513,-0.039531272,-0.24634737,-0.009481243,-0.0145229185
-0.3493961,0.03175305,-0.24177447,-0.004664982,-0.16971245
-0.38323963,-0.054863986,-0.23644216,-0.007489375,-0.10224913
-0.61395454,-0.13943832,-0.27360636,-0.01198415,-0.21177518
0.09825752,0.034028713,-0.14602523,-0.015261145,-0.16604695
-0.29603666,0.06741945,-0.18364505,-0.031030942,-0.26434442
-0.5491839,-0.09271255,-0.2507175,0.015972728,0.33359492
-1.012689,-0.36049995,-0.28417507,-0.011796035,-0.24446651
-0.6648421,0.028107066,-0.20407636,-0.016949784,-0.12626427
0.01771858,-0.11476638,0.32480353,-0.007994886,-0.025567241
0.2567719,-0.026333276,0.60329986,0.053716846,0.12831128
-0.3384109,0.023348823,-0.24544194,0.0063543413,0.014971236
-0.49492773,-0.16975573,-0.26056445,0.021585079,0.23097767
-0.9173824,-0.45753446,-0.28309563,-0.010785359,-0.23230553
-0.3839782,-0.23494518,-0.2175473,-0.013924029,-0.28221467
-0.74508196,-0.42806536,-0.25242668,-0.014401937,-0.25192073
-0.6705883,-0.1410291,-0.2431535,0.008226854,0.0023856256
0.22992311,0.19360031,-0.15711679,-0.008687302,0.0430485
0.34122908,0.22945224,-0.17808649,-0.014101651,-0.053566866
0.03530588,-0.02384817,-0.15382288,0.009912454,0.18927234
0.3056672,0.24526034,-0.14447641,-0.002423605,0.15243609
-0.85245675,-0.2582578,-0.24529201,0.0106944535,0.13833238
0.5864646,-0.022902284,-0.17857972,-0.01113995,0.02402176
-0.14277856,-0.27340177,-0.21616329,-0.017112974,-0.2265274
-0.30420655,0.122873984,-0.18154597,-0.015250676,-0.029370904
-1.0125723,-0.44881496,-0.25456384,-0.012107168,-0.29000363
0.20572354,0.15522256,-0.16529623,-0.008596765,-0.09109838
0.59243923,0.051027317,0.6145818,-0.0012329784,0.09344189
-0.14214355,-0.012408471,-0.18117519,-0.0008020265,-0.040242676
0.44865152,-0.05144803,0.6154128,0.016267752,-0.111844964
-0.5228837,-0.47298425,-0.2542825,-0.015805585,-0.299824
-0.38149953,-0.29958153,-0.2657367,-0.0065085655,-0.21105108
-0.4367092,-0.2045115,-0.26335365,0.024482384,-0.030690955
-0.43454772,0.33514598,-0.22580169,0.009286391,0.2567864
-0.24125448,0.29601723,-0.22366364,-0.022622732,-0.12343922
-0.75387317,0.20504555,-0.25548992,-0.012638075,-0.042175014
-0.5121667,-0.46093473,-0.24292009,-0.015371454,-0.31508836
-0.19296502,0.2025539,-0.22233638,-0.024015207,-0.095686145
-0.42436647,0.2063311,-0.26072192,-0.006358954,-0.035429817
0.09726402,0.29949355,-0.22596195,-0.006643651,-0.13025331
-0.20868102,-0.27959073,0.3712111,-0.007789211,-0.07551383
-0.17568766,0.14069049,-0.22385287,-0.008918412,-0.1179336
-0.6536789,-0.2781658,-0.29981276,-0.008205999,-0.07577755
1.3212168,0.07931142,0.76571906,0.0071612457,0.11884141
-0.07702598,0.22040252,-0.21364945,0.0071847886,-0.14438136
0.004348754,0.047624152,0.41497028,-0.0062602777,-0.026539464
-0.23463754,-0.11050957,0.52964234,-0.011505416,0.057912625
0.06214346,0.013921279,0.5307096,0.003269237,0.113780774
-0.65609694,-0.28203228,-0.29843727,-0.011389171,0.0050472426
1.2736608,-0.025942469,0.74288535,0.022030618,0.08540545
-0.24109054,-0.04440884,-0.24959837,0.0016090998,-0.17857648
-0.87079173,-0.36269537,-0.24590813,-0.005155281,-0.18444349
-0.20505017,-0.06251018,-0.22911021,0.017455239,0.20682532
-0.4166891,0.019724637,-0.25015762,0.007890224,-0.14255509
0.76773244,-0.2427483,0.5149456,-0.08751132,-0.24502063
0.5411493,-0.2158435,0.7557722,-0.019249063,-0.16100761
-0.52641314,0.14189257,-0.26263037,-0.0045900107,-0.07700666
-0.51788837,-0.33559412,-0.26071462,-0.01823398,-0.11154188
-0.32887682,-0.07844036,0.39453298,0.00016920827,-0.023142625
-0.03487009,-0.09725879,0.3072007,-0.023498734,-0.13457137
1.1424819,-0.1144723,0.755337,0.0131708365,-0.031149765
-0.13339925,-0.0226672,0.41724932,-0.009842995,-0.0805218
-0.62383974,-0.09121868,-0.24431606,0.012646018,0.19043842
-0.26193172,0.01967386,-0.21175683,-0.0005514403,-0.4298567
-0.4300219,-0.5406369,0.30567458,-0.016013708,-0.27287424
-0.45025283,0.3570381,-0.22709632,0.004999088,-0.1662375
-0.544245,0.2703106,-0.23408449,-0.007488631,0.17638631
-0.29403752,0.15155709,-0.19289713,-0.012415629,-0.19048658
-0.65585196,0.067469895,-0.25335842,0.0028703082,0.1022565
0.024449028,-0.38618863,-0.16348566,-0.0052553266,-0.2811819
-0.38813993,0.030536154,-0.18770623,-0.015447384,-0.2098187
1.3339815,-0.14960171,0.7185023,-0.0093257185,-0.016933601
-0.43897653,-0.30902663,-0.2725766,-0.0097459955,-0.17246398
-0.34649256,-0.0034442856,-0.24623212,-0.0020933226,-0.15252787
0.18841356,0.31859043,-0.19835384,-0.0006585829,-0.22869158
-0.9516332,-0.50743043,-0.26733112,-0.004435882,-0.17306612
-0.53648275,-0.026081301,-0.27716625,-0.005680426,-0.054432474
1.1727216,0.043367825,0.6561735,0.009209665,0.09915425
-0.52370036,-0.0901062,-0.23783436,-0.013083439,-0.23059143
-1.1399188,-0.27265757,-0.25574434,-0.0009283968,-0.029527625
-0.46631166,-0.12775956,0.33127552,-0.02513763,-0.1613043
-0.4563316,0.01444389,-0.28157955,-0.0069641303,-0.0073853773
-0.6599105,-0.40157965,-0.23955323,-0.011184855,-0.2454702
-0.51354676,-0.23866512,-0.27420747,-0.017930223,0.01942683
0.30169094,0.28317237,-0.17658512,0.019558346,0.24198626
1.3010997,0.065940455,0.77877116,0.01602462,0.13775085
-0.6264283,-0.16929792,-0.271879,-0.011734304,-0.21703732
0.067566484,0.47550246,-0.17685194,-0.00799204,-0.04882334
-0.14656697,-0.039328564,-0.21947823,0.015266586,0.27285385
-0.7177473,-0.52273303,-0.25816637,-0.011944801,-0.29317057
-0.7175606,-0.49152544,-0.27072337,-0.012120221,-0.2560175
0.0107209105,-0.10126056,-0.14931034,0.04020048,0.029306103
0.5574829,0.20416005,-0.15256804,-0.010295677,0.037254304
-0.846239,-0.42294347,-0.27345607,-0.013821434,-0.27322513
-0.7442986,0.003739015,-0.267272,0.00040923012,-0.20755512
-0.43060222,-0.19488312,-0.22438702,-0.007524425,-0.10479273
-0.8745197,-0.033464395,-0.26874703,0.0084333895,0.13728996
-0.8186849,-0.50705904,-0.25777826,-0.01633915,-0.257169
-0.708577,-0.16337007,-0.3089626,-0.012900235,-0.105110146
-0.42566946,0.1097386,-0.2507276,-0.009249651,0.14177552
0.03299045,-0.26640305,-0.21725956,-0.0032445318,-0.2709108
0.18353234,0.0901212,-0.15146752,-0.017438928,-0.07622622
-0.33861762,0.30582532,-0.2341802,-0.016731711,-0.1373939
0.9725612,-0.037843585,0.6480449,0.0027927794,-0.033633336
-0.69924515,-0.07071823,-0.25006583,0.010398767,0.18100065
-0.3640184,-0.055507697,-0.24209051,-0.01172491,-0.09711471
-0.756814,0.027636638,-0.27383065,0.010716033,0.07566304
-0.5305081,-0.14932849,-0.26455247,0.024550004,0.07321485
-0.8255793,-0.012473591,-0.26298398,-0.014461663,-0.043014567
-0.18593344,0.30456275,-0.227768,0.002592817,0.069677666
0.25320062,-0.01497278,0.5790512,0.020388974,0.0035516452
-0.89059085,-0.054057896,-0.25720748,0.0038991352,0.030609973
1.356144,0.07484338,0.6604564,0.0042530075,0.057093248
0.15037504,-0.32916132,0.4475307,0.017649088,-0.01783011
-0.4035954,-0.076989144,-0.2489062,0.010999352,0.0919223
-1.0437015,-0.33548447,-0.29850933,-0.012078898,-0.2003773
-0.8878907,-0.4363754,-0.27607536,-0.005586841,-0.30333108
-0.31276548,0.20757535,-0.22354275,-0.014669819,0.034240223
-0.021884982,-0.16921884,-0.21482855,-0.009789186,0.06463365
0.38244605,0.051939525,0.6061994,0.0051015187,0.026471559
0.45344943,0.1763186,0.5156479,0.00042846566,0.1311198
0.6562127,0.14084741,0.5141033,0.0034447093,-0.10577211
-0.52219886,0.22149773,-0.21967907,-0.016730066,-0.06679877
0.3628883,0.29585403,-0.1256941,-0.0020631403,0.16744998
-0.65408903,-0.4345193,-0.2707162,-0.008199854,-0.257777
-0.4884546,-0.26955095,-0.2816964,-0.017365105,-0.06600799
-0.47697285,0.07835144,-0.23075604,0.01190914,0.1518092
0.022217538,0.40779147,-0.1842351,-0.0091019925,-0.0045303907
0.02149131,-0.05501521,-0.18123364,-0.004943383,-0.034917086
0.086806946,-0.01171668,0.38216358,0.010953801,-0.17058624
-0.25926933,-0.07605438,-0.23057565,-0.005877728,-0.19692189
1.2761537,-0.001927281,0.5599972,-0.013824786,-0.13843864
-1.0640304,0.17746282,-0.23099174,-0.01836764,-0.11708184
-0.11669948,-0.096148126,-0.17215106,0.037016556,0.058000848
-0.40298608,0.2937969,-0.21247101,-0.009874506,0.029079607
1.4746249,-0.16078116,0.7973941,-0.0006154468,-0.07573435
-0.7690848,-0.17360775,-0.28362882,-0.010595774,-0.0055907606
-0.54735184,-0.26111138,-0.2676956,0.0031369408,-0.11313708
-0.922419,-0.0005139699,-0.24242252,-0.0010511931,-0.23502955
1.0033308,-0.03186192,0.698695,0.018847508,-0.057830215
-0.8341889,-0.4661695,-0.27682275,-0.013898203,-0.28291854
-0.43001282,-0.12087792,-0.23730782,-0.014087981,0.27892566
-0.30915308,0.15641437,-0.2346006,0.012401282,-0.10410806
-0.7248785,-0.18641563,-0.24656263,-0.011918914,-0.13096948
-0.864096,-0.4035586,-0.28772658,-0.01149515,-0.15222971
-0.8738432,-0.24067895,-0.29275388,-0.013591768,-0.20773754
-0.15726466,-0.15145743,-0.25748616,-0.012652465,-0.14142224
1.1825728,-0.021848666,0.6602405,0.017496187,0.10212004
-0.2525139,0.17449674,-0.2444225,0.01123469,-0.33315012
-0.19771865,0.20431304,-0.22725624,0.010302719,-0.14688717
-0.2932104,0.45887932,-0.18486008,-0.009965002,-0.04409615
-0.5643952,-0.4717737,-0.25895846,-0.013471944,-0.24211738
-0.26176786,0.09861424,-0.20571962,-0.02708599,-0.07760385
-0.31141385,-0.06478355,-0.20288797,0.025490511,0.39520955
1.477657,-0.036328424,0.595033,-0.009385668,0.01711802
-0.9417541,-0.38641086,-0.26065832,-0.010725455,-0.12366484
-0.62356836,-0.4448076,-0.2734121,-0.013856338,-0.3168591
0.00021845376,-0.102142476,-0.19411944,0.030690568,0.15833555
0.46453053,-0.026316386,0.6711756,-0.009112788,-0.08343565
-0.6013172,-0.4325797,-0.23173702,0.00055372156,-0.23521003
-0.99417853,-0.27872956,-0.25426233,0.0070635593,-0.2671538
-0.68235064,-0.39036912,-0.23909028,-0.013105618,-0.25070614
0.06498855,0.3918733,-0.16882075,-0.011247432,-0.060775537
-0.2232681,-0.19495325,-0.21163434,0.026148105,0.17600341
0.04018655,-0.0678368,-0.234555,0.0057994374,-0.16045831
-0.13797304,0.04005388,0.35786402,0.016129993,0.026295248
-0.6550722,-0.12592028,-0.21491961,0.023172729,0.25609252
0.5926496,0.21281382,-0.16605495,-0.013947992,-0.031635046
-0.8767422,-0.18752006,-0.24575433,-0.010952717,-0.15060374
-0.2556059,0.1198036,-0.18545587,-0.01911417,-0.011589313
1.1907123,0.06564341,0.6208587,0.021027077,0.0629055
-0.33889,0.17201106,-0.21043336,-0.026169917,-0.102301836
0.51842743,0.20998892,-0.1608912,-0.011155032,0.007560678
0.70232004,-0.030638209,0.69891155,0.017282262,0.074813515
-0.60107476,0.06297347,-0.22098863,0.00692921,0.12031434
0.5233026,0.20115067,-0.16633779,-0.014074385,-0.055758324
-0.26443636,-0.22684117,0.35442692,-0.010633034,-0.04622117
0.5383463,0.2858486,-0.16448888,-0.01592256,-0.04758422
-0.37849838,-0.32658225,-0.2306806,-0.0019088173,-0.3464886
-0.24835858,0.019392703,-0.21916573,-0.01867133,0.13955249
0.1007665,-0.20240651,0.5855213,-0.0037714364,-0.28109384
-0.681731,-0.13906099,-0.260318,-0.0064868983,-0.11573301
0.033603992,0.09237222,-0.17042875,-0.015006186,-0.4893131
-0.045807954,-0.013835718,-0.19238818,-0.015466403,0.041017283
0.24601722,-0.20128517,0.6316213,-0.0017770194,-0.18135789
0.44144493,-0.027437462,0.5422398,0.014227428,-0.01759933
-0.82057476,-0.055206094,-0.23339191,-0.012401795,-0.08630104
-0.94900984,-0.31358773,-0.28633395,-0.008872103,0.026867392
1.3850791,-0.08533912,0.7734892,0.007942514,-0.020393081
-0.79079247,-0.35395792,-0.24714017,-0.0002158077,-0.13780583
-0.20700668,0.050813854,-0.21342711,-0.004868597,0.023827035
-0.022570562,0.3693635,-0.19531602,-0.016516399,-0.09019095
-0.6993092,-0.21290357,-0.276616,-0.013000795,0.07621411
-0.43506885,-0.070721194,-0.23044392,0.020065872,0.34293994
-0.20098566,0.08744768,-0.20873858,-0.022109369,-0.19000463
-0.67165446,-0.18101807,-0.21666284,-0.007459193,-0.08819604
-0.51193887,0.16137214,-0.21934189,0.01269662,-0.28074256
1.4129344,-0.06843702,0.85400534,0.004598137,0.08513825
-0.7666464,-0.41631612,-0.23210505,-0.008752173,-0.29372716
0.19961175,-0.042503834,-0.25866705,0.011864628,0.07767738
-0.72808975,-0.09727581,-0.24627256,0.005065186,0.14421688
-0.58961266,-0.18604083,-0.2231235,0.00911259,0.28414437
-0.6615544,0.2668732,-0.22362405,-0.009059408,-0.12825412
-0.47031534,-0.04559447,-0.26258987,0.00082983635,-0.14576223
0.38766924,0.2239647,-0.15120597,-0.014227888,-0.02150008
-0.54487234,-0.45365357,-0.27645692,-0.016582321,-0.25918356
-0.48315078,0.04853881,-0.24712147,0.00021804048,-0.11924387
0.2889195,0.13671157,0.52464783,-0.010700461,0.031315926
1.4399157,-0.038786307,0.82761633,0.0057999166,0.10712014
-1.169171,-0.52583337,-0.2656231,-0.01083749,-0.23528016
0.42613998,0.3562801,-0.16778865,-0.026010146,-0.09089169
0.36126247,0.28800297,-0.12387372,-0.0024966607,0.163966
-0.76014197,-0.41539672,-0.29747537,-0.010470152,-0.22709647
0.8252526,-0.11802021,0.8094839,0.0042687715,0.04920443
1.6269302,0.117363125,0.6443658,-0.00013777777,0.1316715
-0.42549506,0.22300635,-0.2563435,-0.003785697,0.025314145
-0.55600864,-0.33761856,-0.29695636,-0.01046714,-0.24806136
-0.38512522,0.23984255,-0.21200438,0.006483496,0.14497387
-0.63637686,-0.30318332,-0.22868001,0.015410144,0.16204593
0.52191114,-0.04175928,0.67520624,0.0034939721,0.09698545
-0.1069876,-0.35216594,-0.14391485,-0.013855082,-0.09686031
-0.012672043,0.06684484,0.4668732,-0.00973019,0.072165005
1.3115926,-0.04650283,0.6027353,0.00620129,-0.03490917
-0.48982674,-0.080009595,-0.22488064,0.023934886,0.37218928
-0.13377728,0.21663742,-0.12871891,-0.015035853,0.036561094
-0.4059927,-0.11302911,-0.24046162,0.022731649,0.24041712
-0.43529186,-0.009935725,-0.21159972,-0.003642854,-0.01607028
-0.7140151,-0.12572375,-0.27070373,-0.012720719,-0.21244332
0.12426604,0.10304099,-0.15340717,0.027461614,0.13626464
-0.5796348,0.014169835,-0.23755807,-0.013364914,-0.13321961
0.07270142,-0.25812912,0.23739104,-0.035520595,-0.21636903
-0.7745759,-0.025699977,-0.23598848,-0.011716769,0.17648011
0.60281146,0.18988658,-0.1292645,-0.009318695,0.04688696
-0.4748938,0.30544296,-0.22205502,-0.009536668,0.00442436
0.4628201,0.036500707,0.5312498,0.0044406033,0.037532367
1.2485167,0.045034986,0.6159807,-0.0026474001,0.011085128
-0.43419275,0.031088054,-0.26144072,-0.005966938,-0.048666127
-0.11218643,0.031014066,0.36496732,0.0054413844,0.02627149
-0.61504674,-0.22917838,-0.2750761,-0.011232857,-0.105251916
-0.3802611,-0.06342805,-0.24523813,-0.012947445,-0.17591324
1.4898691,-0.16764715,0.9000813,0.0020415247,0.09371524
0.58319825,0.2047518,-0.16138734,-0.01123647,0.030199183
-0.41333655,0.08316112,-0.21860456,0.014672467,0.2708011
0.56679094,0.1824067,-0.09513224,-0.01849805,-0.019248053
-0.7535981,-0.029120002,-0.25015953,0.011846149,0.16963518
-0.75081277,-0.15090533,-0.23825838,0.021815887,0.3092501
-0.3154517,0.06666486,-0.24423638,0.0002182927,-0.096747726
-0.5463976,-0.108308,-0.23253806,-0.022636741,-0.19068557
1.2224963,0.073772244,0.68515486,0.014439836,0.090825014
-0.14763157,0.3595993,-0.19329354,-0.012721604,-0.04551414
1.2218823,-0.023779204,0.7953874,0.008807099,0.13904126
-0.8952623,-0.37560093,-0.2671456,-0.016424192,0.028457316
-0.28638795,0.052816816,-0.22394072,0.0080451425,-0.09447703
-0.604172,-0.24506299,-0.22579387,0.0090254005,-0.08371456
-0.048042305,-0.32087773,-0.23912904,-0.010190458,-0.34481922
-0.8299966,-0.06642538,-0.23373549,-0.017932825,-0.15277497
-0.532431,-0.121956185,-0.22184269,0.0062825833,0.33767077
-0.23687115,-0.059740853,0.34924364,-0.012393117,0.05452006
-1.1163204,-0.4795538,-0.25961024,-0.009076208,-0.24583168
-0.74812627,-0.27611995,-0.29507318,-0.016924676,0.0072272634
-0.46445614,-0.25602117,-0.2550469,0.00039212592,-0.27959403
-0.1554431,0.3434984,-0.17064352,-0.02220771,-0.06421359
-0.35064718,0.16585304,-0.2072489,-0.023858253,-0.10640613
-0.38770124,0.08235301,-0.18101913,-0.0138814645,-0.22519018
-0.34499863,-0.29607695,0.36307815,-0.024412405,-0.11907111
-0.8546325,-0.4689447,-0.28274953,-0.009277271,-0.22562635
-0.42780304,-0.27131733,-0.23507428,0.024217842,-0.09629295
-0.91664046,-0.41525152,-0.29676834,-0.010605315,-0.2230034
0.048828617,0.014421653,-0.23161349,0.0052084355,-0.10939963
-0.28499594,0.11730503,-0.22642735,-0.0077567454,-0.10142194
-0.38333088,-0.13980961,-0.23335245,-0.015443597,0.22224374
-0.5434838,-0.030791387,-0.2690608,0.00911532,0.21765803
-0.3806713,0.22658373,-0.1907291,-0.01740379,-0.033092674
-0.61759347,-0.1329785,-0.24698345,-0.010046082,-0.061435707
-0.39706612,0.30607444,-0.23755156,-0.008066447,0.121119365
0.22792184,0.23612812,-0.13987449,-0.0066158837,0.033102512
-0.5313035,-0.1798703,0.36320844,0.04037615,0.113242
-0.42869622,0.15230158,-0.22759649,-0.021912592,-0.07317794
-0.8617346,-0.27269626,-0.28729022,-0.0042077117,0.017641116
-0.93452615,-0.018130422,-0.25218257,-0.007549229,0.22779883
-0.27407715,0.082832195,0.3627322,0.011452206,0.041286465
-0.52209854,0.3149577,-0.23387815,-0.0066902097,-0.104169406
0.77340704,0.02516606,0.661004,-0.001931062,-0.007238209
-0.5758734,-0.10308309,-0.25116083,0.013902438,0.12604536
-0.67794925,-0.40084288,-0.24917428,-0.00088784145,-0.20184326
1.3188212,-0.0163269,0.7202664,0.016846333,0.07350358
-0.6325836,-0.0766324,-0.2154924,0.01502606,0.31383997
-0.7244454,-0.16863763,-0.24236365,-0.016082704,-0.03749066
0.20089035,-0.069084786,0.5869632,-0.0057919053,0.0075109946
1.4846476,-0.22060801,0.8251309,0.002552269,-0.0961725
-0.39393464,-0.23309106,-0.2698202,0.0011516465,-0.20079388
-0.72626597,0.07348577,-0.21560116,-0.011933533,-0.18298563
1.2981111,0.105040684,0.71461266,0.010309886,0.17404912
1.2328057,0.0024270895,0.78336567,0.010232225,0.050070673
-0.0070237457,0.18887274,-0.18883486,0.02413451,0.083705865
-0.33911908,-0.06377413,-0.21920054,-0.021364903,-0.020287437
-0.13509253,0.23107494,-0.19312547,-0.007286682,-0.15248975
-0.49897113,-0.13072644,-0.22416116,-0.01787208,-0.20919508
-0.42425248,0.03484424,-0.24582037,-0.001295724,-0.21243909
0.30963734,0.25939554,-0.14214297,-0.0024371762,0.17344287
0.21099393,-0.13142604,-0.20422147,-0.011422994,-0.0043315073
-0.38287222,-0.1187237,-0.22777951,-0.012858715,-0.21562517
0.5867643,0.06079121,0.6185316,0.0048541273,0.06529519
0.4628845,-3.4375116e-06,0.5033042,0.021167355,-0.045308027
-0.8394873,-0.11017858,-0.2741819,0.012843218,0.17175084
-0.3811545,-0.010682352,-0.2389526,0.019995715,0.18000688
0.6725317,0.2424535,-0.14701785,-0.0103622265,0.1565262
-0.83376485,-0.33755964,-0.29898608,-0.015089203,-0.07227985
-0.10564187,-0.04993732,-0.2081647,0.0034710171,-0.08705405
0.06340538,0.17734689,-0.16693641,-0.021541748,-0.05665512
-0.6086789,-0.0051080147,-0.2680302,0.014223101,0.14026047
1.3810443,0.021511642,0.78207374,0.0056506195,0.082829155
-0.5012934,0.27145615,-0.20543353,-0.012334928,-0.017450562
-0.5848843,-0.097801566,-0.25435102,-0.0054506846,-0.045774277
-1.0625904,-0.37340105,-0.30698994,-0.009459497,-0.1250937
-0.5838751,0.054849636,-0.25889152,-0.0073929974,-0.18046588
0.062464844,0.09411648,0.42396268,-0.009602876,0.05945125
-0.22390153,-0.32771572,-0.24128798,-0.010742911,-0.23073025
-0.3473831,-0.16425131,-0.2178982,0.0026777335,0.13358909
0.39004406,-0.03550354,0.61846846,0.019816417,0.03647445
-0.5768532,-0.08584488,-0.2432675,0.0070751132,-0.15558232
0.24084918,-0.07329746,0.54212326,0.0027858457,-0.06690251
-1.1434658,-0.41282853,-0.24848288,-0.00017367466,-0.2042825
0.36904377,0.18595229,-0.123976305,0.01452692,0.1833774
-0.33249715,0.2609792,-0.23073304,-0.013747085,-0.18280737
-0.45619527,-0.16950816,0.3999971,-0.029102333,-0.0868342
-0.93498033,-0.3353924,-0.27388933,-0.011191389,-0.053278755
-0.45822036,0.22097467,-0.22500993,-0.010437943,0.075402535
-0.45016605,-0.42413154,-0.26049933,-0.014093667,-0.3055762
-0.34616533,0.1306268,-0.19436048,-0.024335377,-0.017823871
0.96482754,0.075314,0.62427974,-0.0078097563,-0.0047379253
-1.0420909,-0.40085307,-0.29135638,-0.014635032,-0.032411806
-0.8938872,-0.43686444,-0.27127334,-0.014170922,-0.29169813
-0.087410815,-0.10791688,0.453829,-0.009465676,0.05101513
0.094019026,0.2939859,0.36789387,-0.0033609355,-0.08333967
-0.27325484,-0.1114009,-0.22702722,-0.016886357,0.2700203
0.26392564,0.10490278,0.44082427,-0.012199493,-0.061082043
-0.27597892,0.1108707,-0.21964115,-0.010682102,-0.15867108
-0.50672865,-0.034233652,-0.24130793,0.0066554137,0.16529332
-0.6900605,-0.53785896,-0.26743677,-0.015367069,-0.32145357
-0.61402553,-0.40311265,-0.27676794,-0.008218081,-0.2497633
0.42728502,-0.032289773,0.57828057,0.02193576,0.07393119
-0.5157734,-0.15240276,-0.27123666,-0.008014249,-0.16541646
-0.8754624,-0.090294704,-0.2892091,-0.013280252,-0.15353194
-0.59870946,-0.14631782,0.32433626,-0.008631886,-0.04085992
-0.7779468,0.053171735,-0.2372175,-0.0061074374,0.021049166
-0.44274706,-0.0141500775,-0.25406888,-0.012354063,-0.20595244
-0.32744405,-0.10189756,-0.22736886,-0.005287135,0.10168822
-0.97747386,-0.49037808,-0.2766156,-0.014399614,-0.2564883
-0.21750352,0.20037486,-0.21976206,-0.0142221805,-0.09269434
-0.7852877,-0.48263118,-0.26453528,-0.012676371,-0.18636245
-0.48116833,-0.0011387449,-0.24555376,0.0073958,0.22620438
-0.37065715,0.034589637,-0.21158835,-0.021456849,0.04180202
0.15664515,0.0958909,-0.20014767,-0.0044792774,0.08553124
-0.14779316,0.18713352,-0.17282104,-0.013792109,-0.06702903
1.1205629,-0.005668668,0.65684915,0.01003002,0.06682955
0.36785087,0.24179757,-0.124995664,-0.0009996956,-0.09640178
-0.06937118,-0.03294338,0.35244155,-0.005899877,-0.056206327
0.4001021,-0.09167559,0.6459461,-0.0071020466,-0.0012725171
-0.9081013,-0.07094688,-0.2407666,-0.0056867357,-0.16882385
0.18389416,0.15949343,0.4275062,0.0036904318,0.19606528
-0.7796331,-0.26734588,-0.25485522,-0.008909378,-0.20101765
1.4162812,0.11495246,0.5892129,-0.0004949407,-0.020157043
-0.9895571,-0.45443133,-0.2828486,-0.01207226,-0.1709242
0.83532155,5.3817406e-05,0.6665271,0.00087672705,-0.033647932
-1.0251415,-0.15648541,-0.2672156,-0.010481872,-0.18545164
-0.7658397,-0.12981787,-0.26311824,0.0056747566,0.107998565
-0.030444711,0.3430973,-0.18827862,-0.008966403,-0.039898943
-0.94834846,-0.12632467,-0.24287888,-0.020221626,-0.121888764
-0.76109964,-0.5175354,-0.27093077,-0.016604861,-0.26106018
-0.7937016,0.15950055,-0.2153659,-0.015395804,-0.18195352
-0.35798594,0.25498754,-0.22224604,-0.013126912,0.21404368
0.6317331,0.22794944,-0.14282097,-0.009718738,0.11353781
-0.30600506,-0.019634373,-0.23762588,-0.009904533,0.18636496
0.2404303,0.20124245,-0.15479931,-0.008626902,0.05918763
-0.83945143,-0.2590839,-0.23724316,-0.01688736,0.085613765
-0.03755527,-0.09372049,-0.20335375,-0.010727996,0.1295934
0.09917071,-0.009944109,-0.24487211,-0.011336995,-0.22560327
-0.15511793,0.35176572,-0.17729566,-0.032529466,-0.13983989
-0.5745325,-0.12181807,-0.22036362,0.028618867,0.024281127
-0.49262005,-0.0698882,-0.22901438,0.02812232,0.31258422
-0.5841491,-0.13338321,-0.2780687,0.0073599922,-0.005398945
-0.78516525,-0.15725754,-0.22276762,-0.012221679,-0.07127601
-0.55724615,-0.3884249,-0.25020608,0.008274706,-0.28840744
-0.4509295,-0.058349714,-0.23632412,-0.010800281,0.20529713
-0.5683466,0.09908435,-0.24260432,-0.007271949,-0.20428029
-0.04116745,0.066266984,-0.19900264,-0.02874076,-0.31204507
-0.55128396,0.17232865,-0.23963341,0.0058674356,0.25018877
-0.27744234,0.17140856,-0.18506424,-0.020852732,-0.39011154
-0.3904829,-0.09089947,-0.23527601,-0.0031836624,0.012610279
-0.25428337,-0.3568305,-0.22485982,0.0028252471,-0.2471053
-0.9994947,-0.23924558,-0.29403833,-0.009511019,-0.14716339
-0.8169119,0.011353296,-0.26185212,0.004453625,-0.05134816
-0.026357066,0.33371383,-0.14607218,-0.01561561,0.04569653
-1.0908365,-0.4322006,-0.2364765,-0.010913674,-0.1679505
-0.45866245,0.0851666,-0.23394641,-0.0013492247,-0.02518912
-0.72065526,0.21617936,-0.23210828,-0.013224636,-0.15536775
-1.0162675,-0.24796252,-0.21971181,0.012535388,0.13532108
0.015414855,-0.016448213,0.5819344,-0.0076415013,0.045046482
0.1301501,0.014872858,0.48095185,0.006792895,0.019866135
-0.93620145,-0.44185323,-0.22822951,0.0019910997,-0.2289398
0.080132134,0.17705964,0.41111296,0.0056394194,0.19893733
-0.61096734,0.040876497,-0.23921128,-0.017024547,-0.04121993
-0.6447371,0.030918118,-0.23255187,-0.01550642,-0.1602416
1.2258401,-0.030640515,0.78084874,0.021057859,0.07383345
-0.9469194,-0.20188443,-0.23178914,0.015329167,0.23774713
-0.39971593,-0.008051036,-0.24184811,0.013308468,0.0666446
-0.28645006,-0.29230818,-0.25831917,0.0038090362,-0.1692574
-0.29137707,0.50961703,-0.18803376,0.021290641,-0.014565787
-0.012814981,0.06771448,0.40145993,-0.0003278409,-0.07281958
-0.6081765,0.18981297,-0.22824031,-0.005592105,-0.35150075
-0.35396522,-0.113303244,-0.24512154,0.003422215,-0.22204912
-0.6366161,-0.18992832,-0.24388994,-0.009993659,-0.14409156
-0.6027027,-0.3153123,-0.30115896,-0.0117755495,-0.0031310315
-1.02613,-0.38226837,-0.28937837,-0.009424183,-0.11955287
-0.48709285,-0.009512055,-0.26688382,-0.0056085214,-0.030285371
-0.8892119,-0.2635013,-0.2559632,-0.00024695415,-0.12502514
-1.0084144,-0.38800004,-0.30041325,-0.008949465,-0.066297695
-0.35135987,-0.07861607,-0.21097878,0.034228053,0.3509458
0.33511057,0.18565017,-0.15454906,-0.007651805,0.06312356
-1.0700719,-0.45576352,-0.27059606,-0.014993576,-0.20425087
-0.92267936,-0.27552068,-0.2865049,-0.014953559,0.03923971
-0.33358172,0.090469666,-0.2511591,-0.0020500948,-0.03873593
-0.3162198,0.21342054,-0.22054283,-0.0011220836,0.0053964215
0.07326682,0.12584276,0.40871724,-0.0054752985,0.05142579
-0.9177496,-0.18937759,-0.2601322,0.013201224,0.10221979
-0.12393349,-0.023498522,-0.18897113,0.030959532,0.349633
0.30969128,-0.1428491,-0.14815935,-0.018290898,-0.11187628
0.5374538,0.38128048,-0.14611056,-0.012056898,-0.015471821
-0.02718512,-0.2535227,-0.25111145,-0.00027996395,-0.28136218
-0.3546125,0.019990178,-0.18632555,-0.028514586,-0.2706517
-0.9498536,-0.3248819,-0.29485464,-0.012075435,-0.2559913
-0.6864206,0.083710894,-0.24622265,-0.0049719037,0.011298153
-0.36994767,-0.019110993,-0.22183181,0.02776058,0.1004697
0.320282,0.16707061,0.52501124,-0.00060802465,0.15768129
-0.93502355,-0.46679172,-0.25920182,-0.011725712,-0.188594
-0.62328076,-0.38385487,-0.27476642,-0.0067173773,-0.12738447
0.42646286,0.19330105,-0.13632478,-0.006970551,0.010057661
-0.4266809,-0.33111724,-0.22576325,-0.01065512,-0.06703672
1.0324843,-0.024213048,0.68127584,-0.0037083402,0.011516292
-0.42308924,-0.17504677,-0.24801992,0.022290524,-0.039740942
-0.58446145,-0.09516205,-0.2811725,-0.0061079795,-0.1071249
1.3154463,0.009137318,0.7439187,0.01150595,0.04124029
1.3301063,-0.06699836,0.74930054,0.0012076085,0.02554285
0.4648772,0.13705301,0.55834013,0.011405515,0.14186703
0.35554507,0.054225534,0.66169995,0.020149708,0.104940586
-0.57117724,-0.29555508,-0.2982871,-0.012442021,-0.06027463
-0.26740688,0.28144526,-0.21941018,-0.018936522,0.010727773
-0.33964455,0.24020469,-0.20649716,-0.013319641,-0.025398582
0.035093267,-0.1685754,-0.15796168,-0.0031924555,0.04104533
0.13418588,0.20380263,0.37256253,0.0028950428,0.15426314
-0.48993796,0.17446172,-0.2602642,-0.006681261,0.1455994
-0.33905792,-0.13994992,-0.24836151,0.01571784,0.15003261
-0.7501485,-0.3489935,-0.2796642,-0.011269723,-0.26695985
-0.5904353,-0.05646731,-0.26310796,-0.012749054,-0.12139577
1.3382185,0.043487027,0.75976014,0.0037798726,0.049154982
0.023292536,0.3937577,-0.20213807,-0.0064203986,-0.024461137
-0.2795235,-0.10949752,-0.22039206,-0.008713868,-0.07092805
-0.72051877,0.21473244,-0.2330723,-0.011538088,-0.16006726
1.1067718,-0.10635561,0.7412871,-0.01619912,-0.15201116
0.02919498,-0.06203681,-0.19435288,0.007045805,0.024484957
-0.8365294,-0.4767166,-0.26406607,-0.005863637,-0.25115404
-0.85834885,-0.028710738,-0.26332784,0.0061039156,0.12277737
-0.34825358,-0.1564037,-0.22733814,-0.015286784,0.25870517
-0.24093565,-0.0340381,-0.24536967,0.0017664814,-0.07285886
1.0237136,-0.0417389,0.6990071,0.0088750655,0.049524188
1.1934066,-0.022687323,0.6350103,-0.0032232003,-0.0664175
-0.584174,-0.24319464,-0.25173783,-0.014026236,-0.23074202
0.1040364,0.15181781,-0.20061494,-0.0092514865,-0.16360734
-0.35676327,0.17218864,-0.24914783,-0.010550497,-0.06996798
-1.0692093,-0.17886502,-0.24193326,-0.008915142,-0.15616915
1.4156133,-0.21271391,0.83523107,0.0006626481,-0.085847445
0.44603387,0.015510243,0.65849394,0.012312075,0.110515796
-0.49068812,0.29106188,-0.23403393,0.0026708338,0.004836916
0.17596425,-0.19654569,-0.17064081,-0.0013270008,-0.06861882
-0.37057322,0.19673496,-0.16600072,-0.017338054,-0.025942286
-0.39107397,-0.08005048,-0.23626457,0.023846503,0.19601038
-0.15132391,0.07776999,-0.217025,-0.010530548,-0.069813095
-0.7121404,0.012140531,-0.2714637,-0.009449357,-0.04034653
0.5707841,0.2102102,-0.15281545,-0.010358226,0.04157203
-0.30988252,-0.11328603,-0.21722355,0.056238204,0.079475395
-0.23954797,0.20750318,-0.21559793,-0.0055896053,0.07778542
1.0346788,-0.028346997,0.6516114,0.0013677534,0.0700226
-0.7638495,-0.41530302,-0.2840091,-0.00721847,-0.2123654
0.988314,-0.023255344,0.6200694,0.020332668,-0.018194202
-0.6921111,-0.20766984,-0.24140538,-0.016803334,0.26030752
-0.38204455,-0.30442792,0.3724831,-0.020015128,-0.23743246
1.4293548,-0.00095341145,0.5240834,-0.06336688,-0.0911741
-0.3561388,-0.087218285,-0.23279804,0.016596977,0.2475928
-0.6001652,-2.1457672e-05,-0.28876254,-0.0085534165,-0.068368
0.2337466,0.004619412,0.41416943,-0.0029034177,0.0024457863
-0.32845247,0.31948122,-0.22805448,-0.004293105,0.114179514
-0.56425476,-0.20675644,-0.19512516,0.018142318,0.14498805
-0.45084578,0.048933186,-0.24011016,-0.009330974,0.17661102
-0.45567667,-0.13532314,-0.2645607,-0.014303932,-0.2194937
-1.0977046,-0.17748812,-0.24067302,-0.012123551,-0.11586136
0.5778573,0.14491953,0.6009449,0.012104056,0.17567547
-0.24526682,-0.0027754907,-0.23227653,-0.04584132,0.35464504
-0.7332167,-0.27973273,-0.29236725,0.012937242,-0.068769984
-0.3940512,-0.032914333,-0.24151836,0.009907541,-0.003829754
-0.51724154,-0.04977355,-0.2379464,0.013351944,0.2715476
0.070434526,0.38091367,-0.17704865,-0.009704156,-0.09438242
0.10349635,0.16725586,-0.19300278,0.020513417,0.23919985
-0.24766532,-0.02791626,-0.22682722,0.013079021,0.14082591
-0.60089844,-0.3324043,-0.23945257,-0.0118013,-0.20871077
0.10504257,0.18290144,-0.17887278,-0.007894671,-0.12875696
-0.56279737,-0.4505907,-0.26322478,-0.01636738,-0.22812396
-1.0052692,-0.037217956,-0.28566936,-0.009810567,-0.18102145
-0.5122759,-0.31434828,-0.24806187,0.0024757073,-0.2754856
-0.01920888,0.057314444,-0.16501059,-0.024766631,-0.29553622
-0.6602514,-0.03625198,-0.282657,0.009990815,0.024546476
0.94194955,-0.052700933,0.6552543,0.018680187,0.0401191
-0.5857614,-0.20585968,-0.2684291,-0.0062213135,-0.13508506
-0.96098804,-0.35606813,-0.28800154,-0.012430305,-0.072512716
0.30434608,0.23560986,-0.15084328,-0.014572,0.10269795
0.09421051,-0.1381446,0.58588976,0.0037647681,0.06280591
-1.0861263,-0.41820776,-0.24870948,-0.0074318564,-0.15164857
-0.45009443,0.26563504,-0.22236484,-0.008808932,-0.086243115
-0.50980014,0.07581024,-0.23948541,-0.0007877834,-0.12238381
-0.80742013,-0.1361177,-0.25335482,0.007843066,0.23942474
1.1749668,-0.031960756,0.68663245,0.0106897345,0.04418532
-0.037404228,-0.020200964,0.42003825,-0.0046917694,0.1181318
-0.71842927,-0.351543,-0.20856656,-0.017540894,-0.22656652
0.099258855,-0.0002607843,0.4252273,0.019722492,0.053840734
0.14935394,0.15621677,-0.14104804,-0.016250852,-0.13752013
-0.60650694,0.2491763,-0.21723372,-0.018772291,-0.10760434
-0.39930618,-0.059031677,-0.22197841,-0.016525539,-0.15081412
-0.60353845,-0.17107406,-0.22606355,-0.021452432,0.16707227
-0.4128545,0.36393067,-0.22209865,-0.002333903,-0.09401447
-0.36988378,-0.06872654,-0.24657506,0.0078608915,0.0072400896
0.03942863,-0.05622323,-0.19580282,0.0025965965,0.15744057
1.1040338,-0.06677132,0.7401865,-0.005381846,0.005768684
-0.2380327,-0.1936825,-0.23505636,-0.004675174,-0.18268988
-0.9293012,-0.38222805,-0.2460674,-0.00013485894,-0.0918272
-0.78155464,0.09656396,-0.23823449,-0.011130454,-0.18651192
-0.054501154,0.0018957937,-0.19457848,0.00040210877,0.16557497
0.5757585,0.16050205,-0.13016415,-0.012385449,-0.017664464
-0.842324,-0.109204054,-0.27234676,0.011906536,0.17217276
-0.70571065,-0.33249864,-0.30557263,-0.012273809,-0.138621
-0.8488817,-0.19086185,-0.30775186,-0.011801396,-0.06564137
-0.57039523,-0.06859332,-0.2764425,-0.005541443,-0.11428981
-0.45801952,-0.1827021,-0.28448135,-0.009160017,-0.004948467
-0.7951589,-0.36367655,-0.2918635,-0.009681237,-0.22047643
0.8509018,-0.10803251,0.61988115,-0.026194515,-0.10953567
-1.0016763,-0.26880705,-0.2625826,-0.007424045,-0.15407419
-0.80801594,-0.32532498,-0.30793223,-0.007958245,-0.13485268
-0.6945956,-0.03664232,-0.24148892,-0.007870838,-0.15213895
-0.20877028,0.15768744,-0.18067369,-0.020640258,-0.03897428
-0.55022156,-0.431167,-0.26735714,-0.010864638,-0.30804032
0.19506694,-0.010750956,0.4936813,0.025762312,-0.023276392
-0.44979727,0.13345136,-0.22147956,-0.016339116,-0.15635774
-0.492384,0.2143386,-0.24276114,-0.0013151239,0.12431081
-0.04197602,0.2697111,-0.20176916,-0.023769038,-0.053733185
-0.27820674,0.13919987,-0.19884795,-0.02740762,-0.04941871
-0.9491595,-0.16460784,-0.23209247,0.014348114,0.16945705
1.4243679,0.10360582,0.6729901,0.0035262855,0.096746385
-0.3975631,-0.08976198,-0.21033314,0.02830359,0.18482387
-0.50950855,0.057812802,-0.23272623,0.011392885,-0.04141617
1.4456333,0.05918012,0.716946,0.020482725,0.09379986
0.26198226,0.23308511,-0.1400425,-0.0023517925,0.1499231
-0.5078912,-0.2080405,-0.19052364,0.019116629,0.24684605
-0.47234443,-0.108541705,-0.24804732,-0.00745584,-0.082360506
0.5572178,0.14594573,-0.13059211,-0.016870443,-0.12187775
-0.14421296,0.41796663,-0.18138385,-0.007076601,-0.060441636
-0.81290644,-0.23661944,-0.22772446,0.008267316,0.11540598
-0.47654244,0.013422394,-0.24103943,-0.00040517794,-0.15802722
0.34690684,0.062132977,0.6042196,-0.015397735,0.012146173
1.4973644,-0.057993185,0.7348825,0.0017092901,0.09016556
-0.4072432,0.012998442,-0.23774958,0.010538613,0.18787074
-0.7415028,-0.43117875,-0.27826393,-0.013952736,-0.20446178
-0.06322236,0.02276998,-0.21549374,-0.006235034,-0.18884973
-0.69657844,-0.11227523,-0.29151532,-0.0067481897,-0.030224578
0.11404161,0.29652336,-0.22316201,-0.018180732,-0.14520843
1.1674304,-0.02413515,0.6885365,0.005697945,-0.022527745
-0.046952773,0.35590708,-0.16937396,-0.02332407,-0.041615177
-0.6232693,0.0363006,-0.26345217,-0.0053395373,-0.19480132
-0.8911268,-0.19580849,-0.27188697,-0.012191716,-0.230419
-0.078836925,-0.09284769,-0.1912871,-0.01030331,-0.113815084
0.07921082,0.08524688,0.37483045,0.014707186,0.050247487
-0.17444612,0.2304293,-0.19386783,-0.013819899,-0.005727116
-0.33978108,0.13565809,-0.18837199,-0.017812576,-0.10197046
-0.848117,-0.36265042,-0.26827124,-0.01173619,-0.043879237
-1.0090288,-0.47745687,-0.24780288,-0.01358113,-0.3117953
-0.15144631,-0.09771637,-0.22717655,-0.011646615,-0.17403845
-0.40007213,-0.16844034,-0.24562676,-0.008386409,-0.09197351
0.56306756,0.21588904,-0.15983352,-0.0110523235,0.023330785
-0.4056962,-0.24628972,-0.19073963,-0.00046762452,-0.22880147
-1.0032064,-0.35736844,-0.2998936,-0.012315955,-0.0068209935
-0.22130464,-0.16112503,-0.23259577,0.0036228206,0.017515458
0.03914512,-0.025018461,-0.19370925,0.00018473924,-0.05069469
0.47756818,0.14740498,-0.14458853,-0.018538112,-0.036945745
-0.6518516,-0.19767775,-0.23452173,-0.008590039,-0.1291322
-0.07917031,0.15205775,-0.21991004,0.0132375695,0.03292725
-0.034986038,-0.17111976,-0.18544444,-0.0044995444,-0.0829141
-0.16398065,-0.12917323,-0.15496682,0.033201598,0.04021148
0.014084794,-0.35791072,-0.20648435,-0.015176059,-0.17891057
-0.7900329,-0.029531922,-0.24584393,-0.0038961393,-0.07063697
0.012218017,0.23371375,0.3475507,-0.0044623157,0.19963098
-0.19453429,0.4022871,-0.22499534,-0.010235654,-0.053069804
-0.86398256,-0.20127197,-0.29065937,-0.00960177,-0.18637449
-0.07875791,0.37103558,-0.14835875,-0.012286394,0.09449095
0.10790899,-0.21948935,-0.1723145,-0.0088712815,-0.03700936
-0.52168393,-0.0030209348,-0.24619654,0.016314097,0.18209581
0.6156089,0.1902966,-0.1229523,-0.012383841,-0.0096221855
-0.14173858,-0.09901188,-0.22591822,0.013756112,0.19876403
-0.44404647,-0.36004096,-0.25402027,-0.008520019,-0.10954847
0.53052616,0.09734101,-0.25343448,-0.011491791,0.0018444881
0.4523437,0.15129042,0.35298112,-0.010604598,0.028312104
-0.7145924,-0.4404442,-0.28451997,-0.012026938,-0.29244682
-0.8585341,-0.40684208,-0.23167826,-0.0026170714,-0.21730864
-1.1393669,-0.486921,-0.2619043,-0.008007476,-0.16453917
-1.0216268,-0.533708,-0.2524114,-0.00902837,-0.19908646
-0.0371971,0.047022782,-0.24312744,-0.01130336,-0.20667608
1.3874402,-0.0858441,0.87418187,0.0052701607,0.023918845
-0.17825979,-0.01643433,-0.1708585,0.035898264,0.37613443
-0.8254766,-0.45559478,-0.28594902,-0.016907183,-0.29303366
-0.22166789,0.035615906,0.4048888,-0.00038415287,-0.029656904
0.51866823,0.2016299,-0.16588861,-0.014515318,-0.048920978
-0.7919541,-0.084003955,-0.27812845,-0.011864809,-0.03956192
0.6996386,0.2666511,-0.10643206,-0.008110907,0.12192781
-0.13998307,0.13397011,-0.18115707,-0.022547083,-0.24215369
-0.6324897,-0.40732077,-0.2621231,-0.012594005,-0.43946126
-0.99327487,-0.4778168,-0.26512352,-0.013123066,-0.20071718
-0.7130826,-0.01086242,-0.2518454,-0.02186824,0.19888298
-0.48026776,0.035794057,-0.24376023,0.0057048444,-0.18320012
0.016596314,-0.029106965,-0.19700928,-0.014162773,-0.06191946
-0.7958383,-0.15896751,-0.30724785,-0.008414337,-0.03597136
0.30394864,0.005468778,0.51044303,0.018915916,0.0023049442
-0.6397904,0.22220658,-0.20039874,-0.010233308,-0.071456775
1.5254297,0.10284363,0.6064785,-0.0032933112,-0.021060875
-0.14051986,0.15690158,-0.19105627,-0.009228244,-0.065435
0.15869954,-3.882777e-05,0.44234118,0.0022550677,0.0102383215
0.27363285,0.2593924,-0.15934582,-0.0042133415,0.14126638
0.07784228,0.08093708,0.4371448,0.018480591,0.05334452
-0.7525762,-0.096026644,-0.2880865,-0.012986364,-0.08244624
-0.4072266,-0.10814842,-0.2004068,0.023026984,0.2423809
1.3541723,0.06623429,0.7366613,0.0035594252,0.059372276
-1.1410017,-0.41790363,-0.2729065,-0.011833492,-0.24084945
-0.20767319,0.21373196,-0.18951122,-0.009601563,0.031058252
0.45894375,0.18776067,-0.12775403,-0.006332717,-0.12793583
0.5473821,0.14607254,-0.14755668,-0.016635299,-0.07797194
0.3013591,-0.05247758,0.3537794,-0.03608039,-0.1349648
-0.40543136,-0.18814984,-0.2259265,0.021688154,0.19101281
-0.48667598,-0.09019172,-0.23833854,0.006695046,-0.059762105
-0.80006963,-0.066992566,-0.2764131,-0.010087898,-0.055614777
-0.429205,0.071266405,-0.25539297,-0.0056259795,0.04900743
-0.5789642,-0.096141525,-0.22924685,-0.012581732,-0.18165861
-0.6166614,0.19293267,-0.24116923,-0.018855676,-0.20691952
-0.51193964,-0.19345926,-0.27033406,-0.0056571914,-0.087480284
-0.11941472,0.097371705,-0.1952173,0.012243954,0.08027281
1.2550862,0.010246396,0.76433957,0.0040414874,-0.05509206
0.6188439,0.1937971,-0.11962898,-0.0102174,0.037926212
1.078435,-0.068299755,0.7013652,-0.004458031,0.04952145
-0.9380997,-0.2584739,-0.25827336,-0.010553959,-0.2354894
0.25895262,0.054772217,-0.118319005,-0.016386854,-0.050514486
-0.28560188,-0.05090976,-0.17666416,0.024480365,0.3489003
0.17716493,-0.06752064,-0.1294985,0.0028538927,-0.043615703
1.2589487,-0.18164997,0.769281,-0.016224578,0.036084604
-0.10598121,0.27943403,-0.20846014,-0.0046764472,-0.013036334
-0.5228606,0.27787364,-0.23498018,-0.004024212,-0.14533715
-0.84766424,0.043887835,-0.24892902,-0.01149995,-0.13866733
-0.2898857,0.024105407,-0.21058531,-0.03349304,-0.64757967
-0.69432366,-0.41107026,-0.25450295,-0.014095772,-0.19038098
-0.2766177,0.26139683,-0.21334329,-0.013040962,-0.05652585
-0.14265798,0.17510514,-0.15643777,-0.02814021,-0.044254452
-0.29514828,0.19998594,-0.15287665,-0.008902961,0.0023999107
0.30874157,-0.06244412,0.5762756,-0.018918747,-0.1579771
-0.5002269,-0.24190864,-0.2659807,0.01435039,-0.028626198
0.09228176,-0.05011878,-0.2096609,0.017514993,0.058206297
-0.9224312,-0.15646434,-0.2579721,0.0040849242,-0.12607843
-0.3906964,0.09009801,-0.2465754,-0.0026513892,-0.019452903
-0.4827324,0.034441605,-0.24527436,-0.011883233,0.0781373
-0.1349694,0.10386849,0.3635995,0.020349113,0.039042626
-0.49166343,-0.037044156,-0.23380692,-0.0062035834,-0.0074590105
1.248908,0.07055482,0.6503822,0.0045412574,0.14634176
-0.29935977,-0.16181624,-0.22243042,-0.012776999,-0.26501665
-0.6400876,-0.4658412,-0.23614103,-0.0017921207,-0.24476053
-0.24729624,-0.113033876,0.5769187,-0.014540482,-0.16331159
0.29028797,0.36237767,-0.16544805,0.01311041,0.19113098
-0.63129056,-0.06351825,-0.20958695,-0.020590696,0.29100138
-0.70630425,-0.14177923,-0.2616346,0.0072392286,-0.019147422
0.24890766,-0.1095339,0.61668473,0.0011181226,0.06673376
-0.675728,-0.2686628,-0.31439194,-0.008730578,-0.10237772
0.030033313,-0.003287504,-0.15746202,-0.00062138913,0.2164789
-0.51494575,-0.19095337,-0.21949206,0.016976794,0.13849735
0.014909798,-0.2350515,-0.1855991,-0.009582279,-0.1128225
-0.66680074,-0.34388512,-0.278117,-0.02111013,-0.063904464
-0.63904756,-0.24440931,-0.28270757,-0.012050716,-0.22385542
-0.94352865,-0.31803155,-0.28941005,-0.0100746155,0.053066578
1.4863149,-0.015732007,0.62409747,-0.0050634523,-0.10456812
1.1842084,0.0013574017,0.665717,0.0049775527,0.030882351
-0.42444888,0.10581606,-0.22147828,0.009637246,0.06588417
-0.73981094,-0.024705695,-0.23672998,0.0035187346,0.13613817
-0.53786063,-0.26311353,-0.22621758,0.0014819885,-0.32769302
-0.63966525,-0.12369439,-0.25175843,0.021746768,0.09601143
0.20345743,0.2090349,-0.14961936,-0.006840308,0.05038925
-0.11578475,0.17936535,-0.20851155,-0.013867122,-0.17815812
1.5187852,0.17645763,0.63891155,-0.0007316717,0.071579084
-0.38033125,0.1394044,-0.22975214,-0.011122432,-0.110601455
-0.61234397,0.008501533,-0.17677571,-0.026771348,0.05214889
-0.3912309,-0.3713843,0.3451631,-0.011419404,-0.22045454
0.38609013,0.07063413,0.5637393,-0.0012302096,0.06213225
-0.45834726,0.11314595,-0.20575659,-0.017126506,-0.16516617
-0.13034032,0.048777107,-0.21029234,0.024975436,-0.29651365
-0.36805597,0.2306231,-0.22885835,-0.0024757874,0.23642968
-0.6586548,-0.3249998,-0.22415334,0.023108741,0.04960602
0.7025567,-0.08714993,0.6990798,0.0025999765,-0.10966276
0.30406204,-0.09617244,0.52590305,0.0022644494,-0.059000857
-0.63869387,0.0976064,-0.25836167,-0.000383539,-0.10025959
-0.23575124,-0.27574527,-0.19158214,0.029686358,-0.12614763
1.1920084,-0.12609433,0.8581703,0.012529149,0.020209134
-0.5312726,-0.15844674,-0.28167552,-0.01088184,-0.16021991
-0.27105978,-0.120877355,-0.23396365,0.016900081,0.20596242
-0.96624833,-0.1280585,-0.25470084,-0.013271043,-0.10911158
0.00012580678,0.461765,-0.1930246,0.009524052,0.05797514
-0.14284825,-0.3449206,-0.19519424,0.012704805,-0.21052414
-0.18465325,-0.21324126,-0.19681114,-0.01136434,-0.25180113
1.4367499,0.09008133,0.67401147,0.006596362,0.15205184
-0.7162734,-0.18598343,-0.2540954,-0.011401621,0.09959886
-0.6664574,-0.15782486,-0.23574957,-0.0067235595,-0.2697946
-0.4274278,-0.27897298,-0.27549177,-0.010834411,-0.21782765
0.10291684,0.070737846,-0.19706425,0.0038648602,-0.14543532
0.095174156,0.1443545,-0.19218388,-0.003568537,-0.044298474
-0.31711608,0.21510054,-0.24277751,-0.0053512966,0.22296388
-0.2954859,-0.11324907,-0.24388619,-0.011529262,0.19183326
0.63222426,0.1539625,-0.13604787,0.020096956,0.101551525
-0.7621169,-0.06586863,-0.26591995,-0.010459604,0.14101577
-0.5027973,-0.09805842,-0.21656066,-0.012703449,-0.11171928
-1.1181494,-0.423745,-0.25435847,-0.0053914753,-0.18462737
-0.4915661,-0.4490493,-0.26584214,-0.016049875,-0.25716996
-0.392473,-0.06363915,-0.22203603,-0.017753953,-0.23582837
-0.31745458,0.26107225,-0.21595353,-0.016718455,-0.1216221
-0.4409279,-0.12235884,-0.27835432,-0.01507411,-0.18867436
-0.34223244,-0.016947702,-0.22577332,0.0093234135,0.26271176
-0.400728,0.09637264,-0.20286226,-0.013640881,-0.16792874
-0.49028695,-0.19985044,-0.24560887,-0.017459089,-0.12981361
0.007468024,-0.0874505,-0.18206239,0.033513438,0.14673877
0.81231725,0.074640326,0.61477107,-0.0009826209,0.019268297
-0.3665915,0.13605428,-0.20660067,-0.020004936,-0.04054513
0.26264724,0.007380297,0.57782584,-0.004454298,0.013425371
0.593359,0.0496263,0.51422757,-0.0070175026,-0.12872906
-0.52698433,0.08012608,-0.23984042,-0.019675665,0.23467012
-0.47419873,-0.060132686,-0.19152853,-0.019566948,-0.36082685
-0.6625975,-0.27586877,-0.2427089,-0.015554342,-0.028743135
-0.3643149,0.14771359,-0.25216705,0.0037081745,0.014808819
0.3260596,0.25570193,-0.14536382,-0.0068454593,-0.014428603
-0.46979403,0.26801544,-0.25652295,0.00035326672,0.013710773
-0.19599134,0.16473915,-0.155683,-0.022454709,-0.048715066
1.0531313,-0.0020777904,0.71899354,-0.019923154,-0.0017668577
-1.0346075,-0.51800776,-0.2572299,-0.014553411,-0.2669191
-0.9898344,0.004479942,-0.27870783,-0.011317162,-0.16375972
-0.23033756,-0.059444815,-0.25907198,-0.0082677435,-0.17860076
-0.8093704,-0.3459064,-0.2619195,-0.009540715,0.058426447
-0.2612183,-0.03862782,-0.21973473,0.026757177,0.058001116
-0.3180204,0.3057098,-0.22555065,0.0017086519,0.09642877
-0.25468644,-0.35242054,-0.23795247,-0.014562305,-0.22408412
-0.54070073,-0.26701576,-0.30718306,-0.010088909,0.06462287
-0.41154286,0.17298228,-0.22089246,-0.014697561,-0.037080526
-0.490604,0.32878572,-0.24209201,-0.0085999835,0.11933871
-0.31461987,-0.28882587,-0.19368273,-0.004254496,-0.291173
0.5316413,0.20339456,-0.16176015,-0.010638984,0.01537275
-0.4719533,-0.034240745,-0.2521202,-0.001478336,0.0061023254
0.5740904,0.22005281,-0.16336331,-0.014343917,-0.04205967
-0.17086259,0.28846166,-0.21640609,-0.01245,-0.03280917
-0.15820132,-0.16700171,-0.21671519,0.0015291511,-0.2044558
-0.04347719,-0.19180115,0.15281825,-0.029244807,-0.043898635
-0.4087307,-0.28698748,-0.25035965,-0.014517514,-0.22409564
-0.40819204,-0.10154989,-0.24429649,-0.013227411,0.30771244
-0.080534376,0.04007086,0.4002911,0.01771678,-0.00037860055
0.8411001,-0.04299795,0.66865563,0.017689219,0.003366723
-0.072883,-0.1756215,-0.2079709,0.010110933,0.020726552
-0.10191106,0.2739045,-0.16930434,-0.016346807,-0.038256567
1.0506479,-0.0726499,0.7898731,0.008365739,0.04474067
-0.48555073,0.08518846,-0.25316006,-0.000885922,-0.0718387
-0.9800498,-0.20809539,-0.22933123,0.005423474,0.10305881
-0.3993366,0.13387878,-0.25974652,-0.009567821,-0.08047275
-0.36508417,0.18405008,-0.25685552,-2.9623974e-05,0.19151299
0.57586527,0.25278705,-0.12821786,0.033377916,0.22134934
1.2587228,-0.008912448,0.71068764,0.0045085987,0.09728706
-0.7555629,-0.5036765,-0.27739146,-0.011250586,-0.29665208
1.2202907,-0.035040107,0.6839977,0.012577066,-0.0145564135
-0.25641727,-0.030140106,-0.23944478,-0.00036356528,0.16207203
-0.030021165,0.4379121,-0.19290064,0.0021883706,0.19492279
-0.1072322,0.3349506,-0.19116719,-0.006042363,-0.005131807
-0.18980612,-0.057922654,-0.20903109,0.029458527,0.4450656
-0.94884855,-0.32700866,-0.25543207,-0.016358007,-0.017971452
-0.47605875,-0.023413714,-0.2728969,-0.008723278,0.003113423
0.40426594,-0.015173313,0.58677137,0.026868105,0.03641114
-0.4564824,-0.0364392,0.33542624,0.018293886,-0.071899705
0.9865818,-0.05517842,0.6160349,0.010770125,-0.081010126
-0.24737965,-0.20791084,-0.15241332,0.022506312,0.04603061
-0.77654153,-0.059910245,-0.24696185,0.015437996,0.17937215
0.04227823,0.082376696,-0.2014883,-0.01031143,-0.18111926
-0.35954565,-0.1316222,-0.23549414,0.0039132996,-0.22488971
-0.47738603,-0.119385645,0.36631638,-0.028406404,0.0066478043
0.22765258,-0.1067421,0.4888994,-0.00969852,-0.30721036
0.5786498,0.1495445,0.48365906,-0.009695956,-0.03731843
-0.3952469,-0.050170787,-0.24494438,-0.048860397,0.161828
-1.0513554,-0.4140481,-0.24880968,-0.001659201,-0.23500535
-0.92593575,-0.010183712,-0.26104325,-0.014133384,-0.11411978
0.54850674,0.019013997,0.48194405,-5.6071673e-05,-0.10720195
-0.5167507,-0.30963904,-0.27802286,0.011599558,-0.09084247
-0.8880305,0.016099311,-0.2727493,-0.010628829,-0.08260074
-0.6583246,-0.0051094713,-0.23382547,0.0051411125,-0.04192717
-0.5731029,-0.10130863,-0.22119176,0.019890588,0.20002131
-0.5716277,0.034909297,-0.24383844,-0.024358887,0.032267094
-0.4800852,0.3316085,-0.22526407,0.003861179,0.15185916
0.8686803,-0.046638846,0.6854093,0.020726006,0.10819808
-0.76512265,-0.2113683,-0.29508862,-0.0093238335,0.14746584
-0.33855578,0.0083563365,-0.24399284,-0.0074170735,0.12648192
1.1426966,0.008906329,0.78447413,0.018303823,0.04182959
-0.38119042,0.1047916,-0.18809007,-0.01816767,-0.017880397
1.500279,0.14212313,0.5934979,-0.0027912268,-0.060532458
-0.05383821,-0.124995545,-0.17519897,0.010102912,-0.16857174
-0.13062552,-0.275431,-0.25840718,-0.011112312,-0.24361919
-0.06806569,0.3648699,-0.19381174,-0.009501098,0.05429571
-0.52724963,0.061760798,-0.25406113,-0.008593861,-0.18860202
-0.0042579607,0.124294594,-0.19358324,-0.020472512,-0.22279236
0.34304684,-0.006390122,0.5334101,0.001163923,-0.18229687
-0.2556619,0.028017048,-0.21814531,0.0017497835,0.12750976
-0.88435656,-0.11309564,-0.27539775,-0.015633486,-0.24095304
-0.5273999,-0.04572524,-0.25526202,-0.015105129,-0.09916491
-0.29207683,0.09825808,-0.19456783,-0.016609767,-0.13204935
-0.050102606,-0.20976327,-0.14090125,0.0102526285,0.12197055
0.3163328,0.1223782,-0.1836506,0.034965932,0.10731449
-0.35331616,-0.09773319,-0.24420115,0.009828987,0.0037458562
-0.48629558,-0.032770492,-0.25032014,0.013681265,0.33193892
-0.3650138,-0.0034071836,-0.22871242,0.011679882,0.22158167
-0.6541757,-0.10693494,-0.24649748,0.014964907,0.034455564
-0.3904779,-0.04107232,0.36077997,-0.018905066,-0.019894069
-0.14823246,-0.4794538,-0.18586157,-0.01281746,-0.2576798
1.4835484,-0.018615099,0.81268483,0.00046434905,0.07930979
0.15870461,0.009275542,-0.20118201,0.012551332,0.0836152
-0.6529199,0.1857554,-0.23949625,0.0058362056,-0.12310531
-0.5423844,-0.27071136,-0.28179243,-0.004322928,-0.1631604
0.01593871,-0.038943738,-0.17861651,0.023146402,0.065183595
-0.5575897,-0.12321306,-0.24098355,0.011157357,0.24888316
-0.016511839,0.3446321,-0.17772038,-0.015292385,-0.09721274
-0.71501845,-0.15213597,-0.2804515,-0.011420134,-0.15843129
0.22928706,-0.009463191,0.5298954,0.0251108,-0.10979711
1.3134031,-0.026509233,0.71693945,-0.00040492695,-0.0037109344
-0.9404418,-0.4977939,-0.2800295,-0.011017185,-0.18214191
-0.049669653,0.10237532,-0.17132287,-0.0236498,-0.20568262
-0.99793863,-0.1460489,-0.26056445,-0.009087304,-0.054110084
-0.111736536,0.27595305,-0.15747276,-0.0146667855,0.012965917
-0.7153135,-0.13776535,-0.25835663,-0.010979256,-0.220261
0.089692436,0.29563168,-0.1798296,-0.007199574,0.089929834
0.15412974,0.16422899,-0.16297022,-0.009068066,0.027865037
1.1882273,0.12845941,0.61388636,0.009288579,0.10724061
-0.5462889,-0.024005672,-0.2530114,-0.016178347,0.20598416
-0.2292953,0.1598736,0.45477456,-0.010228347,-0.14145014
0.12604022,0.046544142,0.39049703,-0.0067119957,-0.0016228571
-0.36315617,-0.10803836,-0.20198849,0.022338014,0.33093706
0.3501476,-0.09716169,0.63094074,-0.0045672045,0.035642732
-0.29060805,0.12936954,-0.1925541,-0.019384675,-0.03645399
0.24735314,0.35385352,-0.18021289,-0.0009568054,0.17154585
0.10563635,0.049276434,-0.18624511,0.02892027,0.015619927
-0.35682008,0.008387195,-0.22006993,-0.005930585,0.19527724
-0.68367934,-0.37540197,-0.27905273,-0.012447884,-0.1943149
0.4241342,-0.06487472,0.46707454,0.008016496,-0.20961687
-0.6615557,-0.37511012,-0.2922828,-0.013531594,-0.28821424
-0.48571086,0.21200989,-0.23219733,-0.010188283,0.181513
-0.10107079,0.2888515,-0.20611037,-0.01293757,-0.13972813
-0.07085841,-0.06505416,-0.19750147,0.0031444049,0.008404251
1.3337766,-0.13311501,0.8165499,0.00515145,0.057676114
-1.1371065,-0.29084617,-0.27482876,-0.0068812715,-0.12905298
-0.8258009,-0.4596215,-0.24252379,-0.013446202,-0.198403
-0.87007284,-0.52507436,-0.28159937,-0.013805194,-0.20684627
-0.4687672,-0.07525345,-0.25692028,0.020641545,0.17035098
-0.17947485,0.14868765,-0.19561727,-0.0126665095,-0.026278019
-0.5320043,-0.43994665,-0.27073348,-0.013981136,-0.24362935
0.5281151,-0.036534056,0.6558777,0.0019566421,0.072942056
-0.48594135,0.17488907,-0.23148218,0.018524043,0.28031275
-0.50544906,0.49911058,-0.18820196,0.0076961108,0.03841095
-0.9287147,-0.2311514,-0.26998845,-0.018351696,0.13769019
0.5546114,0.050947912,0.5783495,0.0062073376,0.120092705
-0.611799,-0.06218564,-0.252093,0.011877842,0.12428413
-0.47063306,-0.24666484,-0.22621146,-0.014616741,-0.2726531
-0.54838526,0.071688004,-0.23432323,-0.01037844,-0.061222207
-0.9107628,-0.1520176,-0.2642517,0.0020480105,-0.18950516
0.27274233,0.19710173,-0.1681828,-0.017154269,-0.027177842
1.2373962,-0.04738219,0.7740958,0.006613924,-0.14151874
-0.52981263,-0.23703206,-0.2949341,-0.010469679,-0.17406225
-0.04266443,-0.18660024,-0.23640233,0.008769793,-0.113520205
-0.47460255,0.2512454,-0.21582372,-0.011951164,-0.047624327
-0.778571,-0.323487,-0.23924284,0.009802074,-0.1636924
-0.98151076,-0.35895553,-0.2799258,-0.010701412,-0.05076301
1.195279,0.11582914,0.55951357,0.0051997085,-0.12792037
-1.1070938,-0.47129318,-0.24573992,-0.0022096923,-0.07262395
-0.44607306,-0.11329226,-0.25030443,0.0046352567,0.22728193
-0.1354964,-0.21399929,-0.1931088,-0.0023000503,-0.2682706
-0.4798404,-0.19398631,-0.20319349,0.017251167,-0.1337649
-0.58661354,-0.5416547,-0.24590918,-0.007827448,-0.32539642
0.322602,-0.03384949,0.49188486,0.010879323,-0.15541695
-0.63422567,-0.17149073,-0.2243386,0.017095929,0.27243748
-0.5938534,-0.25736418,-0.19886005,-0.0039303806,-0.5095369
0.09857286,0.02871374,-0.18610764,-0.008334247,0.019471647
1.0562035,0.09839793,0.5769968,0.0143644875,0.058171105
0.087920114,0.36718437,-0.17341654,-0.011621356,-0.03356817
-0.6744187,-0.040872294,-0.2527153,-0.0076144715,-0.012929058
-0.6306632,-0.16774203,-0.24348266,-0.02343459,0.1541276
-0.33805695,0.30012494,-0.22267374,-0.0057158526,-0.060843952
-0.3754451,0.054165438,-0.22948894,0.004201979,-0.06720265
-0.84828144,0.18202117,-0.23948507,-0.011721027,-0.12766396
-0.21537672,0.01638802,-0.19458863,-0.024908176,-0.31907666
-0.4008469,0.13236673,-0.23866469,0.007860865,-0.07907253
0.2354744,0.21335526,-0.1489429,-0.003859167,0.13356982
-0.49861535,-0.15021601,-0.25941426,-0.012731653,-0.16507368
-0.009963656,0.16974133,-0.19259946,-0.009446401,-0.02760208
-0.1553042,0.02485289,0.3678043,0.00019797916,-0.037260827
-0.57874787,-0.19363065,-0.22255786,-0.007193087,-0.07932221
-0.4287794,0.22828671,-0.25671837,-0.008733875,0.07517286
-0.48942456,-0.40878615,-0.25691527,-0.01187369,-0.3117539
-0.27341485,-0.16397585,0.3752981,0.048426066,-0.06291359
-0.593811,-0.2607766,0.31181917,-0.00013157167,0.060752094
-0.60617,-0.08716127,-0.25841647,-0.01198901,0.18293682
-0.28304347,0.32721436,-0.21305248,-0.016775478,-0.057684265
-0.9722853,-0.42048472,-0.2815649,-0.010804633,-0.17935914
-0.27428177,0.016615905,-0.21460998,0.010134194,0.2770295
0.029730173,0.14493777,-0.22248538,-0.0024936204,-0.071649015
-0.7118801,-0.22864681,-0.24450637,-0.010240903,-0.24410504
-0.2773969,-0.0061683794,-0.2160974,-0.0018329739,-0.026388459
1.135573,0.10752674,0.5911773,0.0081718825,0.15865293
-0.56991255,-0.2971583,-0.25941747,0.02383622,-0.20832388
-0.2901323,-0.08859883,-0.23227201,0.012901461,0.12588833
-0.4608383,-0.2282478,-0.25780532,-0.007861917,-0.1115391
-0.6437943,-0.22519615,-0.28495568,-0.016491998,-0.18423614
0.22752087,0.10042992,-0.13774751,0.026025657,0.0866626
1.2386525,-0.09541223,0.7281747,0.0020868457,-0.008063912
-0.39259562,-0.049935747,-0.23120208,0.013931461,0.008688016
-0.48843852,-0.25618038,-0.28207257,-0.013013706,-0.26416653
-0.08450634,0.3635466,-0.17713684,-0.009406799,0.029368669
-0.71898186,-0.30078846,-0.24624577,-0.009676487,-0.1657108
0.061565302,0.15731704,-0.17831083,-0.008660819,-0.09581677
-0.63039285,0.16018812,-0.25355467,-0.0072069247,-0.06264843
-0.40698904,-0.2079537,-0.25742266,0.01702197,-0.17974287
-0.1833812,0.08677689,-0.19623987,-0.022876117,-0.26252416
-0.28311303,0.1055982,-0.18793753,-0.01964495,-0.06631973
-0.7578678,-0.13939318,-0.2873795,-0.008797982,-0.1918658
-0.43062896,0.032612257,-0.2677832,-0.014372041,-0.08237428
0.9021666,-0.05601336,0.64760655,-0.00447311,-0.079888634
0.7118196,0.26324522,-0.1349676,-0.008766411,0.1989821
1.2586728,0.005218162,0.7737435,-0.031952906,-0.11938934
-0.13994505,0.21324824,-0.22425875,-0.004353171,0.0435068
-0.91590184,-0.23608924,-0.2709406,-0.021627557,0.1301576
-0.5902847,-0.18969192,-0.26299018,-0.01401162,0.18852036
0.26204705,0.17100123,0.39279476,-0.020192029,-0.028560655
-0.8988992,-0.44005,-0.2355136,0.00018974021,-0.29283774
-1.0652853,-0.35661206,-0.31375307,-0.010642082,-0.14546685
-0.6794516,-0.07755003,-0.29925376,-0.009831166,-0.0623468
-0.43103582,-0.004235568,-0.24208894,-0.023237154,-0.22814986
-0.87359285,-0.21720499,-0.23198876,-0.020530896,0.08497771
-0.2784099,0.17806037,-0.2022859,-0.019776747,-0.024158446
1.5540633,0.1937069,0.61099523,0.003482101,0.101487145
-0.19081213,-0.019584302,-0.24410497,0.0009721741,-0.14551385
-0.58223504,0.2074348,-0.22756581,-0.010813667,-0.012487302
-0.16916424,-0.08093263,-0.18935801,-0.021857008,-0.016143862
-1.0008689,-0.15448093,-0.2596146,0.015921703,0.14385144
1.0458947,-0.014325036,0.75830954,0.017313547,0.046037845
-0.7642702,-0.11564862,-0.25608125,0.017600581,0.19529757
-0.34414726,-0.1590288,-0.24387456,-0.00647885,-0.066393316
-0.43077293,0.31980935,-0.24019223,-0.008182224,-0.08533412
-0.3850408,0.2678192,-0.21866596,0.007860588,-0.114031926
0.5174089,-0.03717482,0.64274067,-0.003216818,-0.045492828
-0.08266329,0.24301997,-0.14504677,-0.011648187,0.02403253
-0.79734856,0.04853829,-0.24640353,-0.00976287,-0.083076596
0.38844076,0.21691199,0.40017277,-0.0052260472,-0.045500524
-0.6854772,-0.19388762,-0.2646569,-0.016420033,0.19258292
1.3852705,-0.09643541,0.749416,0.010903014,-0.18911062
-0.4914938,-0.08733668,-0.21124777,-0.021043943,-0.20947254
-0.60448015,-0.19335555,-0.27892914,-0.007295089,-0.0013729335
-0.52911764,-0.08106029,-0.20297615,0.023878716,0.26677626
-0.8152524,-0.2629251,-0.3123384,-0.0064713294,0.014462363
-0.52263105,0.32030872,-0.24126548,-0.0083249435,-0.11410842
-0.6968546,0.26985875,-0.24409199,-0.011710124,0.15929775
-0.3620556,-0.14815852,-0.23590617,0.009813644,0.20285755
-0.5112876,-0.033597782,-0.24824187,0.011589982,0.21604474
-0.24951942,0.06207273,-0.20987815,-0.016762856,-0.09843141
0.5126098,0.14857551,-0.1467906,-0.018536808,-0.17818257
-0.63016456,-0.23754881,-0.25047618,-0.010176962,-0.22252351
-0.6465061,0.02061812,-0.27157843,-0.007397501,-0.2196075
-0.28782985,-0.3239173,-0.27085727,-0.0126488805,-0.28681806
0.14671727,0.14921588,-0.16603197,0.023764074,0.101327606
-0.9409239,-0.26347038,-0.2768312,0.009190381,0.042223804
-0.6527052,-0.33268705,-0.30022433,-0.012300869,-0.0062562847
-0.3111288,-0.094459265,-0.24168602,-0.01385108,-0.26242906
0.018294672,0.17121926,-0.21476586,-0.018396888,-0.2693581
-0.8492327,0.14993569,-0.22233368,-0.0109830685,-0.1816027
1.056819,-0.02570798,0.6331395,0.012152687,-0.025089245
-0.583911,-0.1274572,-0.25575128,0.023894232,0.22037306
-0.21406862,-0.089832164,-0.22013941,-0.009772297,-0.06779254
-0.8329922,-0.29263985,-0.26315844,-0.010956833,-0.20648958
-0.33718333,0.016816,0.38881928,-0.010119414,0.021455055
-0.9113437,-0.48292905,-0.2744758,-0.014597371,-0.30599958
-0.52755105,0.34384426,-0.21332905,-0.009365962,-0.07378879
0.054164246,-0.001274107,0.4449823,0.006822787,0.024030143
1.5679896,0.19570355,0.62177944,0.0040386165,0.071526706
-0.8472713,-0.48303857,-0.27898198,-0.011649495,-0.24427924
-0.50244266,-0.16550495,-0.23137799,-0.008511455,-0.17835611
0.19058074,0.2750485,-0.1659076,-0.0049438905,-0.11748877
-0.6890588,-0.2335886,-0.24584013,-0.021852665,0.19192193
-0.3324345,0.39733785,-0.20693663,0.009853046,0.14141886
-0.3508414,0.27158567,-0.23684885,-0.015059276,-0.17355189
-0.42946735,-0.0486037,-0.20681155,-0.045469522,0.24220686
-1.0646802,-0.3269795,-0.29853517,-0.009740526,-0.10323635
-1.018586,-0.46111768,-0.28988123,-0.010283204,-0.18396194
-0.55961186,-0.13893038,-0.2420867,-0.008495985,0.16141392
0.24218158,-0.17334747,-0.17962292,0.0063157547,-0.17064878
-0.39020368,0.36762545,-0.21675538,-0.011298808,-0.005125427
-0.4745691,0.23537397,-0.23282191,0.008674735,-0.09911852
-0.47810507,0.09689829,-0.21632627,-0.0113382,-0.1314741
-0.33913836,-0.07713779,-0.19143055,0.025615267,0.35971373
-0.24097511,-0.25130174,-0.22638273,-0.018707944,-0.028279243
1.3805397,0.12195735,0.6674403,0.0057868166,0.10875652
1.2234156,0.07576122,0.70066595,0.016742375,0.07459781
-1.024059,-0.33574188,-0.29559147,-0.0077154385,-0.18365768
0.60635495,0.1903822,-0.12924218,-0.009551393,0.06044826
0.23484887,0.023884324,0.46461985,-0.0018054154,-0.090629846
-0.17557673,-0.04854001,-0.21745554,0.009582039,-0.0866592
-0.7429906,-0.19414724,-0.30454108,-0.014468318,-0.069787
-0.6536554,-0.367922,-0.25534314,-0.011895793,-0.23806438
-0.093386665,-0.102168344,-0.2538164,-0.0058500366,-0.23392265
0.23571447,-0.04082107,0.5629483,0.004801251,-0.025109798
-0.8588636,-0.3963705,-0.24768625,-0.00012824452,-0.18085988
0.18401669,-0.14399841,-0.19256637,0.009238207,-0.12198826
-0.46228334,0.040643547,-0.27706122,-0.007157621,-0.07913921
0.010350985,0.14842612,-0.1752244,-0.011166549,-0.09194579
-0.7416846,-0.3839021,-0.25218296,-0.005529574,-0.16610315
-0.57398385,-0.39625022,-0.22790638,-0.01838956,-0.10613115
-0.8888365,-0.37501898,-0.26570824,-0.011669485,-0.11227302
-0.5676618,0.05384397,-0.22785015,-0.0038615656,-0.03937558
-0.99916327,-0.13498875,-0.26408815,-0.0064584063,-0.11067207
-0.8836386,-0.23257892,-0.30416974,-0.012308353,-0.089783184
-0.71495855,-0.35672665,-0.27749926,-0.013131438,-0.00421596
-0.36791196,-0.065559216,-0.21529175,0.02118396,0.2957964
-0.18934377,-0.16548951,-0.19383225,-0.02137727,-0.109981105
1.2027239,0.07674731,0.6437689,-0.0037691155,0.047393717
-0.6331342,-0.03711026,-0.24235372,0.009509476,0.15722051
-0.88650244,-0.27939427,-0.2713804,-0.011442259,-0.24980745
-0.5260899,-0.082411714,-0.27657393,-0.011300975,-0.23099406
0.2473413,0.30142772,-0.17312403,-0.0062134806,0.0952816
-0.55295604,-0.16023088,-0.22152278,0.016545022,0.208179
-0.65085924,-0.34569153,-0.2534051,-0.013391053,-0.266523
1.5038617,-0.06790796,0.81492,0.0025562039,0.096316434
-0.5623476,-0.017933153,0.38637948,-0.00699435,-0.04268071
0.0609162,-0.03602485,0.42915696,0.018859861,-0.010397734
-0.12230694,0.12507646,0.44320813,-0.00879337,0.04835988
0.1481002,0.20373829,-0.18306601,-0.005141301,0.0749985
0.72336155,0.2773134,-0.104773186,-0.008782216,0.1766784
-0.56363934,-0.41265193,-0.2612627,-0.014356863,-0.28247106
-0.8084853,-0.15897979,-0.27784956,-0.010825025,-0.19786946
-0.19822297,-0.09503962,-0.21694645,0.02917899,0.16992274
-0.521587,-0.06826792,-0.24817549,0.012056224,0.1510274
1.3068541,0.03816095,0.7339939,0.010016729,0.14832905
-0.6337217,-0.1878371,-0.26294816,-0.010239003,-0.09046543
-0.24979004,-0.0052861837,-0.2371165,0.029407209,0.21204478
-0.10777979,0.16137546,-0.18356787,-0.0049941735,-0.05888736
-0.7523977,-0.3234164,-0.27458563,-0.016539142,-0.07655141
1.3478051,-0.0993869,0.8133152,0.008917303,0.09875301
0.47034484,0.058755975,0.5483135,0.0017165611,0.09541675
-1.1195027,-0.2650629,-0.2661617,-0.006595009,-0.09071098
-0.36322957,-0.07355696,-0.23667504,0.019834215,0.20976335
-0.122443445,-0.18642323,-0.20327155,-0.014501378,-0.11976204
-0.52781624,0.03237624,-0.25134432,-0.010265913,0.15562353
-0.041308537,0.059227433,-0.18132482,-0.010257024,0.054506093
1.1215923,0.043660678,0.7120037,-0.004760651,0.032743234
-1.0377979,-0.4445031,-0.29918304,-0.012479421,-0.1721428
-1.0299855,-0.13128293,-0.24233866,-0.011785179,-0.17248972
0.8258816,0.031160533,0.66675663,0.0018907078,0.045255475
-0.53540784,0.043334182,-0.2679366,-0.0055747717,-0.100824594
-0.28332266,0.01251944,-0.21481672,0.027033204,0.26140904
-0.3764782,0.14550987,-0.24351048,0.002241708,-0.17165348
-0.077923365,0.200873,-0.14046794,-0.011553122,-0.059619803
-0.17804268,0.0044500967,-0.21396789,-0.015896032,-0.02447222
-0.38880682,0.12700315,-0.2254488,-0.0052100783,0.0038188994
-0.15348221,-0.17675844,-0.18554296,-0.020804623,-0.100708045
-0.9563316,-0.35177353,-0.24197184,-0.011645805,-0.2458552
0.6822511,0.24170369,-0.107153535,-0.008620167,0.1332182
-0.46365595,0.09567781,-0.26606795,-0.0040766476,-0.05093487
-0.05260611,-0.34515443,-0.23198391,-0.010014945,-0.34672573
-0.26887476,0.14668384,-0.23782516,-0.0037447065,0.041236073
-0.40825543,-0.12021159,-0.25279585,-0.0056684758,-0.08735056
0.4418529,0.09825547,0.5516281,0.027857447,0.07956868
-1.0823603,-0.47737753,-0.25553414,-0.011724386,-0.25515273
-0.7307151,-0.2443676,-0.2577509,-0.00944843,-0.110162616
-0.67327076,-0.19067289,-0.25851697,-0.010890642,-0.4846605
0.12502894,0.19153264,-0.15826386,-0.025688577,0.0076700007
0.9278377,0.010012442,0.66767186,0.007481291,0.040646117
0.35971144,-0.0036277864,0.62787575,-0.001919182,0.024419079
-0.24795164,-0.0145686455,-0.19641629,0.02765313,0.08711835
-0.23654188,0.12809229,-0.18357,-0.0089292135,-0.17058726
-0.33282033,-0.13354957,-0.23243135,0.01204605,0.13442951
-0.19302945,0.27874663,-0.20450172,-0.013499243,0.04117378
0.3410296,0.23102838,-0.14733505,-0.014748908,0.13430442
-0.91247576,-0.42159647,-0.27963096,-0.0036592437,-0.11711809
-0.06110824,-0.19865899,-0.19302686,-0.0153350225,-0.071365446
-0.8916249,-0.15329668,-0.2622182,0.0022435242,-0.2492117
-0.7214499,-0.010919703,-0.25339225,-0.0020035706,0.12632921
-0.46968174,0.092322536,-0.23162973,-0.00074239075,0.13610925
0.11808164,0.12779698,-0.23474386,-0.0009225118,-0.15753458
0.05862462,0.39054048,-0.21919705,-0.00510116,-0.10792486
-0.16436364,0.012583686,-0.20578195,0.017709587,0.26323324
1.0315586,0.09389996,0.6117056,-0.0007838725,0.109012425
-0.27008024,0.24220797,-0.17669134,-0.018845763,-0.1401723
-0.70103425,-0.00853041,-0.23917897,0.0070585366,0.13655867
0.365463,0.17351797,-0.18419108,-0.022596516,-0.0622225
-0.572953,-0.26960862,-0.26290387,-0.016629841,-0.12067156
-0.5019189,0.022244565,-0.24969743,-0.00982574,-0.11436322
-0.6796315,-0.37150416,-0.3022939,-0.014605723,-0.21879211
-0.62962705,-0.3367893,-0.26228827,0.0036330135,-0.089224786
-0.44817016,0.4178277,-0.23608409,0.0030077072,0.2264685
-0.416963,-0.0321138,-0.26115292,-0.016145304,0.12611786
-0.45167476,0.123551086,-0.20131376,-0.018262317,-0.15593658
-0.90198904,-0.2688023,-0.26124495,-0.007350651,-0.036362186
0.3070335,0.23479643,-0.13986404,-0.0022991989,0.16745004
-0.48114854,-0.08231892,-0.24088198,0.003652716,0.20363608
1.339665,-0.18195914,0.78927374,0.0023949742,0.06209157
-0.49603555,-0.5010133,-0.2444448,-0.016350612,-0.55778986
0.5624391,0.12526573,0.4154797,0.0018087885,-0.05959775
-0.1645366,-0.09698363,-0.22194417,0.009365576,0.011436904
-0.50208485,-0.08927953,-0.29931447,-0.006375038,-0.13451675
-0.20168309,-0.07514465,-0.22724918,0.007575317,0.11269012
-0.25983146,0.19856648,-0.2166236,-0.012552593,-0.26543432
-0.5889267,-0.24003755,-0.2897411,-0.0131155215,-0.047971856
-0.15131496,0.40767026,-0.19762447,0.00057894643,0.17617811
-0.2836756,0.107174575,-0.19609106,-0.019660594,-0.2283206
-1.0319668,-0.4803584,-0.2523497,-0.010626167,-0.16379046
-0.7261939,-0.008282272,-0.2476829,-0.008853184,-0.039458357
-0.8994063,-0.52412796,-0.2604782,-0.016662287,-0.27436036
-0.5596241,0.003789883,-0.27011284,-0.00930759,-0.011800749
-0.16511084,0.013947306,-0.20134898,-0.011102922,-0.17385717
-0.11020005,0.11310464,-0.20910084,-0.017139193,0.09286469
-0.47556978,-0.10318501,-0.23733124,0.02382569,0.16271254
-0.71720904,-0.29921418,-0.2710111,-0.012471666,0.017390165
-0.47339237,-0.072614364,-0.26091805,-0.01720663,0.15758286
-0.35258758,0.032218017,-0.23610315,0.00047716033,0.2705117
-0.02946643,0.14846551,-0.18693952,-0.0053451154,0.07776749
0.62036675,0.14074655,-0.15523747,-0.022861948,-0.14001298
-0.5181545,-0.37932554,-0.2680249,-0.015158853,-0.27380732
0.13255471,0.065895244,-0.19402196,0.020676153,0.09408944
-1.041758,-0.34981033,-0.24267182,-0.006371323,-0.4086844
-0.83172923,-0.31824628,-0.24693756,-0.012618026,-0.21725638
-0.29892167,0.19846673,-0.20291543,-0.014121306,-0.06330222
-0.3641699,0.1488627,-0.19754615,-0.022605736,-0.10228271
-0.32000548,-0.07922559,-0.24882643,-0.00090384134,-0.21297538
-1.0150087,-0.25259244,-0.28090143,-0.015212707,0.106721394
-0.36962596,-0.1191115,-0.25969964,-0.020250468,0.014638045
-0.76722544,-0.20296326,-0.25387883,-0.015661074,-0.23541655
-0.5161496,-0.17423818,-0.24257956,0.00718711,-0.2917328
-0.95886827,-0.43823263,-0.29888552,-0.010548969,-0.09928226
-0.22702625,0.19758785,-0.2125625,-0.021964435,-0.0739152
0.27468938,0.2568681,-0.15922053,-0.0041579334,0.14524397
0.17663352,0.07912324,-0.15804197,-0.023515884,-0.05545925
-0.6026888,-0.076039925,-0.23774551,0.025551727,0.16584149
-0.44557536,0.2888109,-0.22248891,0.010307485,0.19970596
-0.9080794,-0.1780007,-0.24399921,-0.014599047,-0.20726582
-0.08802752,-0.24787399,-0.26594338,-0.0006299028,-0.27879637
-0.4447166,-0.05174161,-0.2593142,-0.009058403,-0.1785294
0.01133446,0.0940928,-0.20053771,0.003290078,0.14814247
0.12085369,0.19620505,-0.19321989,-0.0061616367,-0.103367716
1.3261849,0.06513902,0.69410115,0.017017405,0.05996082
-0.5798726,0.10682328,-0.198509,-0.014221545,-0.19538666
-0.49129125,-0.304304,-0.22682284,-0.014702264,0.09270878
-0.8250549,0.19300455,-0.2156311,-0.017592026,-0.11015224
0.68935376,-0.11023686,0.7501457,-0.005101109,0.08495522
1.164952,-0.04680028,0.69098854,0.015851077,0.050811414
-0.8568327,-0.45043582,-0.28965735,-0.010879675,-0.17970249
0.036805965,0.11004385,-0.16805555,-0.024627568,-0.060599685
1.3284811,-0.006769602,0.5722687,-0.0034095082,-0.102735676
-0.33946633,-0.3309491,-0.2127743,-0.018061936,-0.250527
-0.75325984,-0.35121012,-0.29492047,-0.010473331,-0.1076383
-0.7443865,-0.48748666,-0.2530589,-0.013835363,-0.27769828
-0.3727371,0.029491168,-0.23437998,-0.011709234,0.16769746
-0.86238486,-0.07207301,-0.25505355,0.0019631526,-0.09222856
0.65427667,0.26157364,-0.11313899,-0.008725755,0.07458988
-0.4350335,-0.025748366,-0.25111204,-0.011363411,-0.22519834
-0.22155006,0.107112035,-0.22382106,-0.027600465,-0.27954167
-0.38787344,0.30235785,-0.24190034,-0.006098344,0.19887902
-0.18001188,-0.01961638,-0.22541611,-0.011379091,-0.10687014
-0.41829738,0.10266329,-0.22459845,-0.024684615,-0.07595068
0.33093497,-0.027929533,-0.19049513,0.009782162,0.0019530542
-0.6702229,0.04956728,-0.26460993,-0.014233552,0.03687068
0.40401638,-0.08053598,0.5704028,-0.017477788,0.03196296
0.30475008,0.27656567,-0.12729615,-0.00187896,0.144476
-0.19296947,0.1725214,-0.1750886,-0.015321521,-0.013896336
-0.67951834,-0.3997421,-0.2721471,-0.009355251,-0.24924165
-1.1746207,-0.27751252,-0.25805962,-0.0020684025,-0.15492067
-0.44179913,0.07326802,-0.23997848,-0.004754753,0.05360313
-0.47912794,0.08236451,-0.23817514,-0.000365705,0.15219122
-0.29080355,0.2812249,-0.21205232,-0.00799411,-0.056421496
-0.4048118,-0.13457392,-0.22773795,0.017895628,0.13915892
-0.58519953,0.022191178,-0.26767462,-0.00601388,0.20401868
-0.83272004,-0.44987747,-0.28766724,-0.017056093,-0.20539083
1.2683858,0.08563057,0.7001876,0.0034167464,0.09483822
-0.27595162,-0.16940072,-0.2604831,-0.01063659,-0.14220496
-0.6734352,-0.15910016,-0.2990823,-0.0067720693,-0.09281826
1.3231165,-0.12282699,0.79938173,-0.0011441964,-0.027836496
0.008779176,-0.029700965,0.4883306,0.01569089,-0.20051344
0.39320546,0.03124463,0.63180906,-0.0025798692,0.0037667677
0.35425735,0.15781635,0.5611843,0.010090896,0.15655966
-1.0828139,-0.46175346,-0.2478388,-0.015208311,-0.25011146
0.042729586,-0.11204041,0.33420596,-0.015021497,-0.00071626855
-0.1868688,0.3363099,-0.19587226,-0.023525765,-0.118474245
-0.007366127,0.022409838,0.39007074,0.018613856,-0.012264107
-0.5321528,-0.09863917,-0.22780305,-0.0033215268,-0.10954663
1.2514149,-0.057916183,0.72684383,0.018721446,0.048041724
0.57635015,0.17338842,-0.14645246,-0.013984905,-0.02359189
-0.8965988,-0.33849797,-0.2880187,-0.007876848,-0.16255094
-0.5697949,-0.19876982,-0.21652566,-0.0019551762,-0.4823304
-0.7624267,-0.33256343,-0.28101727,-0.015843526,-0.056887787
-1.0268925,-0.2903806,-0.28707817,-0.0076419543,-0.24756265
0.36798197,0.22956811,-0.17752467,-0.013121421,0.002165052
-0.24122065,0.07402324,-0.21827456,-0.013267889,0.29463267
-0.5253325,-0.032834504,-0.24166137,-0.010816424,-0.0047702994
-0.86670434,-0.19158497,-0.27571997,-0.008044678,-0.04526234
-0.52870184,-0.09930114,-0.24785386,0.018084122,0.04562817
-0.5627093,-0.35793102,-0.2630006,-0.0130230505,-0.23820852
-0.7911065,-0.5126484,-0.24610391,-0.01654389,-0.3111249
-0.4122999,0.3542391,-0.22991976,-0.007857563,0.2084299
-0.58617353,-0.017098948,-0.28174254,-0.0044007204,-0.07782083
-0.1593472,0.33045036,-0.211814,-0.01293675,-0.11084454
-0.14028807,0.16109155,-0.18078014,-0.023830697,-0.08562387
1.286795,-0.091159165,0.841648,0.0049502454,0.09638821
1.1316116,0.15581189,0.5484958,0.0074751126,0.14861931
-0.43861365,-0.15683389,-0.2694595,0.0061965385,-0.017867524
-0.40407762,-0.11690663,-0.23303108,-0.013068898,0.3348714
-0.3945774,-0.17741482,-0.2457565,-0.016063517,0.057583757
-0.31844687,0.21387592,0.36159325,-0.0008021635,-0.1032582
-0.072253324,-0.2997138,-0.2431956,-0.005940765,-0.36037296
-0.061293714,-0.06084256,-0.1765063,0.010478146,0.051438443
0.5047256,0.047305927,-0.12563275,0.04352189,0.20124051
-1.090058,-0.4284178,-0.27250507,-0.014441973,-0.1063481
1.0142249,-0.071454465,0.6742199,0.0019482438,0.080354854
1.2140558,-0.18632841,0.8417304,0.007341726,0.0016432805
0.42637578,0.19810839,-0.13812831,-0.012887113,-0.065102905
-0.32604972,-0.045757335,0.31047615,-0.011163201,-0.04499808
-0.10273483,0.21510866,-0.1976689,-0.013577058,-0.029312141
1.1852694,-0.0053748856,0.69491345,0.014361121,0.07258774
0.33870777,-0.06456352,-0.15302184,-0.0130068315,-0.2219979
-0.13859451,0.003003254,-0.20906846,-0.0029952028,-0.21422924
-0.46658975,-0.086312234,-0.2362691,-0.020937119,0.17609207
-0.7549329,0.019881463,-0.25064114,-0.013491882,0.050752547
-0.36516345,0.024142677,-0.22560522,-0.0170624,0.046233416
-0.40727866,-0.2659088,-0.2559564,-0.008995337,-0.10196161
-0.24946874,0.09530447,0.3992301,0.025143877,-0.030675193
-0.7818425,0.24488877,-0.26292926,-0.012208522,-0.07442922
-0.46731693,-0.2555728,-0.2243862,-0.013529512,-0.2560041
1.3540938,0.112344876,0.5713931,-0.0062909327,-0.05766907
-0.3548892,0.27921122,-0.17963079,-0.025288671,-0.05394412
1.144608,-0.062188357,0.69842523,0.018944748,0.05745365
-0.45116624,0.3948754,-0.21430457,-0.00031409552,-0.040320046
1.3559142,0.0024644919,0.73166436,-0.010680699,0.03195065
-0.31203175,0.016424863,-0.24434486,0.004999195,0.15838534
1.1059948,-0.047157902,0.6818528,-0.008235052,-0.10228565
-0.41770044,0.027709626,-0.21807866,-0.011449037,-0.1377331
-0.3805415,-0.24985695,-0.2526915,0.0044848006,-0.13885143
-0.00027592288,-0.013583175,-0.20460528,0.0042585535,0.024289778
-0.41676214,-0.095347255,-0.21383642,-0.010968306,-0.04169327
-0.5296916,0.009401858,-0.27139607,-0.0051074973,-0.036745656
-0.55865645,-0.43872228,-0.27897367,-0.013246505,-0.30790195
-0.5447104,0.15653901,-0.22822975,-0.0029811943,-0.025582468
-0.82717705,0.09944877,-0.25295925,-0.005078297,-0.095215745
-0.08368959,0.197545,-0.20214637,-0.012499513,-0.06305056
1.2330552,0.072350025,0.6279936,0.005259723,0.05044971
-0.8245551,-0.3127164,-0.30225572,-0.008328763,-0.03864256
0.13644677,0.12909186,-0.11605847,0.018698882,0.06801461
0.57570827,0.21724573,-0.15234774,-0.01051979,0.03621575
0.26795256,-0.014485266,-0.17014001,0.011029067,0.069195084
0.08916411,0.21954267,0.2923724,-0.006687022,-0.08543769
-0.101213716,0.2138001,-0.16818607,-0.0103768,-0.3977468
0.14158547,0.20921881,-0.17442103,-0.010626795,-0.07717371
-0.07223726,-0.09864369,0.4041856,0.023342256,-0.019038882
-0.38769904,-0.16346148,0.41033155,-0.0008552391,-0.22676937
-0.33721793,0.040983558,-0.19885333,-0.030277923,-0.2907943
0.13571692,0.06220761,-0.16096051,-0.020301066,-0.16188374
-0.61434746,0.11214969,-0.2710533,-0.009621913,0.040669844
0.5840889,0.21548246,-0.16107981,-0.010497988,0.031180307
-0.5784211,-0.12350882,-0.23673746,0.008583991,0.015894512
1.3369794,0.034798596,0.78393406,0.022609372,0.07557143
-0.3328881,0.018847974,-0.24400735,-0.0020234352,-0.091412544
-0.61053485,-0.36681226,-0.27460277,-0.014061255,-0.24884471
-0.37792298,-0.15098204,-0.2725612,0.0010702508,-0.062309276
-0.6380861,-0.46708107,-0.25640348,-0.013049867,-0.33888847
-0.83148384,-0.08024193,-0.2615353,-0.013335638,0.20034048
-0.69929606,-0.39400974,-0.2847873,-0.01027146,-0.14849284
0.3069041,0.19456086,0.38408682,0.0061050626,0.0947575
0.11736897,-0.03630426,-0.12532583,0.04558654,0.19347237
-0.22976221,0.16666849,-0.19666846,-0.029397745,0.016872512
-0.44768432,-0.43157378,-0.24520622,-0.014444135,-0.21814935
1.1019087,-0.00571982,0.7362042,0.0045848237,0.0026792502
-0.049327694,-0.26993465,-0.22839962,-0.009590684,-0.05776233
-0.5846018,-0.4449656,-0.27206877,-0.017122071,-0.2623163
-0.5896841,0.02922221,-0.26754853,0.0019212579,-0.10786864
0.30204332,-0.057362292,0.46370932,0.014654126,-0.043267448
-0.39784425,0.104021,-0.23774004,-0.01073101,-0.08430378
-0.33224258,-0.015284337,-0.22060426,0.015906129,0.41194025
-0.16837259,0.09547904,-0.1878765,-0.025861066,-0.06888908
1.4937551,-0.10583221,0.9013622,0.0054900665,0.06788122
-0.5078506,-0.19361606,-0.21417378,-0.002560622,-0.18853498
-0.04199423,0.07721108,-0.19821593,0.000833564,0.0039750272
-0.48685315,-0.37546033,0.26865745,-0.020896794,-0.17167981
-0.9482746,-0.1867848,-0.240621,0.013439903,0.18948121
1.3619823,0.020185824,0.6995072,0.013803191,0.1273164
0.16766874,-0.2080684,-0.16633055,0.0076192855,0.007912611
-0.13469936,-0.056595758,-0.24386093,-0.012846567,-0.27037653
-0.3881223,-0.074157596,0.351594,0.016966106,0.050286897
-0.13338119,-0.071414575,-0.1662134,0.012749447,0.038855936
-0.98184437,-0.26235288,-0.24656424,-0.019822778,0.05192724
-0.21692425,0.08697286,-0.2246591,-0.0033381586,-0.10036028
-0.7200679,-0.41086906,-0.24910398,-0.010282874,-0.120834455
-0.8071185,-0.36119846,-0.2683642,-0.014658295,-0.06956018
0.48516974,-0.18504956,0.554281,-0.00094276445,-0.09153585
-0.31673405,-0.07353396,-0.252477,-0.00875709,-0.13332608
-1.1741383,-0.5310524,-0.26561907,-0.010564634,-0.14688706
-0.4590041,0.16698022,-0.24248752,0.0015381104,-0.023467585
0.6053203,0.06080019,0.48446232,-0.0437248,-0.037866656
0.44439936,0.12570092,0.50824124,0.02510281,0.07004059
-0.6290957,-0.27305308,-0.25699362,-0.0060072336,-0.033080895
-0.10246182,0.34784678,-0.16819544,-0.020008128,-0.060817275
0.57113063,0.21037294,-0.15282427,-0.010379981,0.04109331
-0.9940493,-0.52014464,-0.25587475,-0.011052315,-0.27318054
-0.39218366,-0.042681176,-0.23373623,0.00879536,0.058967415
-0.31410787,0.17424798,-0.19059701,-0.016404163,-0.1240429
1.1658295,-0.1356639,0.7055996,0.000515847,0.036695573
-0.5139581,-0.060808577,-0.24004318,-0.0069781346,-0.050367616
-0.31844464,-0.25090337,0.43474618,-0.017240103,-0.036719713
-0.37176588,0.06110394,-0.23479977,-0.011092072,-0.2465626
0.9283849,0.05568096,0.58570176,-0.07173594,-0.089457124
-0.45180145,-0.113271095,-0.25762388,-0.014209383,-0.22775082
0.39566892,0.1629743,0.5936775,0.0034349125,0.18177694
-0.4975884,0.010966406,-0.24549063,0.0060459236,0.19680567
0.61516815,-0.022744307,0.6317388,0.013703729,-0.05239519
0.59337294,0.20305592,-0.13766623,-0.0095872,0.054896086
1.5705588,0.17111002,0.61790717,0.0017526236,0.081061445
-0.178002,-0.061402496,0.47686443,0.0036615233,0.038568407
-0.8195158,-0.012116799,-0.26457486,0.006391449,0.106687695
-0.16834596,0.28806844,-0.20801404,-0.019021751,0.053079575
0.030203769,-0.29110366,-0.20846066,0.009118782,-0.18398564
-0.659107,0.03716527,-0.19778784,-0.026603393,-0.20457105
-0.22675851,0.13019006,-0.22509505,-0.00062687974,-0.022864781
1.1246297,-0.06852451,0.697899,0.01875532,-0.014543097
-0.8138944,-0.43213245,-0.27155736,-0.013432556,-0.25863755
-0.7894186,-0.23718302,-0.26334083,-0.012576653,-0.2782273
-0.44540834,-0.06406083,-0.24680084,0.0088294465,0.1898571
-0.99125624,-0.47268844,-0.25689042,-0.014327731,-0.16778
-0.7937459,-0.25953194,-0.28956103,-0.010315707,-0.21955769
0.29791325,0.013913602,0.50738907,0.013281336,0.020018462
-0.7085165,-0.435794,-0.2643687,-0.012554119,-0.31829527
-0.5836609,-0.3502277,-0.26158923,-0.006963456,-0.12050174
-0.47642162,-0.190354,-0.2721415,-0.006848851,0.07257986
0.05113794,-0.10600769,0.5306755,0.02504678,-0.15080589
-0.62338126,-0.5314747,0.28277537,-0.027487613,-0.2216213
1.334189,-0.033453155,0.77615726,0.002261592,0.01694375
-0.4230894,0.1401524,-0.23025906,0.0041924547,0.102887884
-0.9563778,0.033321105,-0.23854634,0.007506662,0.19106397
-0.2540439,-0.0061518205,-0.2443369,-0.0075254003,-0.21001922
-0.7876033,-0.32706472,-0.23724808,0.021140398,-0.029802853
-0.3876971,-0.10143506,-0.24043298,0.012427887,0.0854145
-0.60970014,0.038907804,-0.23396759,-0.011506038,-0.044702586
-0.05235094,0.001725317,-0.18861495,-0.009382277,0.023190662
-0.029561145,-0.15283066,-0.24209356,-0.018272411,-0.12999271
-0.18878615,0.0436124,0.41505373,-0.0065311436,-0.060575843
-0.09230391,-0.18760118,-0.21735454,0.0015935227,-0.11437731
-0.40623936,-0.022328386,-0.23476815,-0.010951658,-0.104460314
-0.45947462,-0.06638327,-0.23649365,0.0015727533,-0.057456765
-0.59201425,-0.013290843,-0.27650687,-0.008636866,-0.10814912
-0.46413767,-0.3332982,-0.25678617,-0.011459109,-0.21178165
0.50389624,0.27057737,-0.115617916,-0.004240227,-0.022592548
-1.2194823,-0.5061563,-0.26498118,-0.01242726,-0.17223507
1.1610739,0.007948758,0.7162892,0.0021155009,0.0063410983
-0.5132825,-0.09150355,-0.24199903,0.004311919,0.18008056
-0.3230889,-0.05635298,-0.242934,0.013293496,0.112303756
-0.71726906,-0.07774548,-0.21689802,-0.0031882594,-0.20006558
0.12099603,-0.033682454,-0.21255952,-0.015333878,-0.06001696
0.12703049,-0.17313106,-0.15617935,-0.0077099255,-0.14953572
-0.46223962,0.31104547,-0.23135665,-0.008202767,0.28441715
-1.1504512,-0.39622673,-0.24689195,-0.010427639,-0.17185773
-0.36195993,0.14025298,-0.2174067,0.0073338104,0.08690399
-0.5462303,-0.048602056,-0.22741666,0.02199948,0.1027149
-0.6735928,0.07449745,-0.26168305,-0.014074768,-0.104740575
-0.3690199,0.10914894,-0.18259269,-0.02372963,-0.039344683
-0.62844986,-0.46274537,-0.27663073,-0.013149661,-0.30070373
-0.5808001,-0.36160254,-0.28550303,-0.014959996,-0.2674323
-0.5067308,-0.10834952,-0.22301699,-0.013696247,-0.09574936
-0.4611907,-0.12990911,0.32460076,-0.025248973,-0.07784539
1.0662698,-0.047516994,0.6838212,0.0014493959,-0.0669158
0.14458758,-0.08755102,0.53876853,0.012286529,0.011579663
-0.43813586,0.11519594,-0.18614241,-0.015493574,-0.11231147
-0.5324286,0.15307812,-0.2204923,-0.021998322,-0.25323272
-0.7330665,-0.2680707,-0.28449073,0.019983929,-0.07519193
-0.5629505,0.09424291,-0.24511777,-0.007202341,-0.21697396
-0.084744595,0.3595,-0.20956466,-0.005769881,-0.017119428
-0.5366317,-0.055116087,-0.26043063,-0.00498147,-0.25147954
-0.06895102,-0.010848402,-0.22764696,0.00016905693,-0.18486568
0.6527141,0.025558317,0.67073244,0.03516946,0.16715427
-1.0598178,-0.07617618,-0.2668308,-0.010225271,0.09282225
-1.1432993,-0.4396644,-0.26109207,-0.012547178,-0.16134633
-0.011142767,-0.2656747,-0.21069692,0.00407806,-0.02463074
-0.4716045,-0.2043968,-0.26521948,-0.011965395,0.02483824
0.20781821,0.26092383,-0.16138366,-0.0022009294,0.17791517
-0.13604072,0.370121,-0.22626832,-0.0026025595,0.13457343
-0.52216977,-0.08762768,-0.21624325,0.018674433,0.35814372
-0.28050524,-0.1242974,-0.23867983,-0.008009631,-0.18639906
0.24016756,0.221655,-0.14619344,-0.002311835,0.13277335
-0.5820237,-0.37620783,-0.2401678,-0.012699736,-0.24527568
-0.5416794,-0.20743997,-0.21298353,-0.0041384604,-0.24782695
-0.54438066,-0.059192862,-0.26331526,-0.010268718,-0.123016834
-0.7867721,-0.452332,-0.29153013,-0.008642503,-0.15765621
-0.4341988,-0.04691734,-0.22987977,-0.007801627,-0.02150461
-0.5743322,-0.3100883,-0.25936562,-0.012322409,-0.060145967
0.07707423,-0.10759677,-0.18305847,0.015664943,0.14385147
0.17672214,0.19815907,-0.17157158,-0.009347251,-0.0125853345
0.9184035,0.0381645,0.6452039,0.005833494,-0.0033177647
-0.6699975,-0.09938355,-0.24345379,0.018395107,0.2471638
1.163263,0.100146115,0.63449144,-0.00465125,-0.13044865
-0.051748876,0.031835504,0.48137358,-0.01004478,-0.13788916
-0.77513784,-0.14412174,-0.24251427,-0.012014277,0.26579264
1.1633794,0.01266248,0.66928685,0.0064267265,-0.031599045
-0.035069942,-0.31326783,-0.23171522,0.005443185,-0.18453433
0.14092523,0.20122805,0.23799825,-0.010510437,0.042212445
0.5810826,-0.20321162,0.5401812,-0.005433768,-0.28990737
-0.7920065,-0.14267358,-0.2699793,0.011671936,0.14041215
0.61771053,0.22118397,-0.11512267,-0.009040026,0.06900554
-0.6717787,-0.1444508,-0.24162006,0.021585457,0.23260069
0.69455177,-0.4059229,0.35078293,-0.0739091,-0.38647538
-1.1717286,-0.46869457,-0.24615425,-0.012173787,-0.17516479
-0.7441964,-0.07259178,-0.2159406,0.0049495287,0.1971697
-0.27160534,0.07485687,-0.20031068,-0.012538341,-0.11076056
-0.78259975,0.30407527,-0.23537065,0.0018586358,-0.044631217
0.07498607,-0.16616288,-0.1707002,0.031327486,0.10589513
-0.8521611,-0.36285964,-0.29969582,-0.014534621,-0.17891337
-0.25024348,0.2513776,-0.21040124,-0.016142964,-0.03286506
-0.9547611,0.061710976,-0.21342202,-0.017857179,-0.1825536
-0.41956133,0.024729826,-0.24954285,-0.015255188,0.19382279
-0.5550241,-0.12910901,-0.2404855,0.017868727,0.22513247
-0.2538734,-0.2923229,-0.21625605,0.00054938206,-0.20646033
-0.55025285,-0.111423135,0.3449577,0.008917529,0.012755201
-0.37632275,-0.0783026,-0.23619844,-0.012483508,-0.021953076
-0.81387484,0.042307124,-0.23528989,-0.011710295,-0.18493795
-0.687596,-0.17405425,-0.25934374,-0.010165896,-0.20544074
-0.35509443,0.06517233,-0.17933376,-0.008186767,-0.23467404
0.0931882,0.110925354,-0.16460964,-0.021934764,-0.060356
-0.78748596,-0.28279823,-0.280066,-0.012397351,-0.15360403
0.061330073,0.016463563,0.40568766,0.028350612,0.00032266136
-0.53095603,0.20686607,-0.2129856,0.0049023004,0.0065548047
-0.6759139,0.16373836,-0.20649959,-0.016402854,-0.1404301
-0.39913532,0.24889173,-0.1912152,-0.01748622,-0.07563008
-0.48024663,0.17336002,-0.25026822,-0.0066133603,-0.08540386
-0.8586971,-0.40481162,-0.30806363,-0.009570567,-0.14087209
1.1597087,0.047068223,0.6182345,-0.004952946,-0.10845804
-0.04764352,0.29406816,-0.21533608,-0.0061531896,-0.10219651
0.05325801,-0.18877116,-0.1780915,-0.0003627406,-0.02631604
-0.8741212,-0.2922622,-0.27635306,-0.009672118,-0.13315542
0.26876625,-0.15350732,-0.20042479,-0.0055530155,0.013599409
-0.56571937,-0.07817711,-0.26657948,0.0029551894,-0.124401875
0.9885106,0.031205537,0.5799763,-0.009854343,-0.06320551
-0.5039892,0.04454056,-0.24437776,-0.006737381,-0.06791297
0.23165104,-0.04348462,0.39994,0.018205617,0.06996249
-0.036989518,0.15517698,0.36419985,-0.0012608052,0.18742667
-0.5577463,-0.30204022,-0.27694738,-0.007740432,-0.23087679
-0.637207,-0.35909018,-0.24027419,-0.005214532,-0.23932354
-0.2716342,-0.093849055,-0.2204668,0.029509766,0.19253832
0.44534034,0.23741968,-0.14132242,-0.006269727,-0.071826056
1.0980064,0.13399632,0.54426634,-0.0011032182,-0.014623604
-0.6521396,-0.360937,-0.29358,-0.012254724,-0.1393587
-0.89724714,-0.07158922,-0.22572279,-0.0037952112,-0.018240057
-0.7159762,0.07886246,-0.27027953,-0.0147351725,-0.13972034
1.2586391,0.032830376,0.65271723,0.006055005,0.13606793
-0.014372324,0.11674559,-0.17573766,-0.009130962,-0.05863438
-0.5917615,-0.1461361,-0.27817285,-0.0049022827,-0.053802207
-0.90897816,-0.013385444,-0.24376637,0.014177132,0.21929249
-0.4586584,-0.2708355,-0.22609635,-0.016703852,-0.19398749
-0.4416687,0.024813958,-0.17934602,-0.033299334,-0.28682008
-0.64108247,-0.21791354,-0.24449287,-0.0017719129,-0.14657253
-0.8801775,-0.47821856,-0.29631743,-0.0104775205,-0.16853938
0.21273641,0.17146747,-0.20416225,-0.0031659338,0.21777013
-0.6577576,0.09982209,-0.26145285,-0.0044886568,-0.096842684
1.4833542,0.16167617,0.57624567,0.0039173467,0.100952215
1.3047605,0.024759304,0.7896336,0.0068492815,0.0655732
-0.66592026,0.24264948,-0.20781447,-0.016962856,-0.1342268
-0.95633227,-0.12703186,-0.24813932,0.014128886,0.19114693
-0.069725454,-0.084087804,-0.23609619,-0.009048739,0.06983762
-0.9531033,-0.44058156,-0.28089875,-0.008534929,-0.18369898
-0.8885981,0.064575344,-0.24225152,-0.012584553,-0.12655576
-0.89461076,-0.26442513,-0.2538213,0.014835862,-0.024830578
-0.87566936,-0.39011616,-0.30659157,-0.008809619,-0.1703892
-0.7586941,-0.58926624,0.26199868,-0.030650457,-0.22121896
-0.9900968,-0.17528392,-0.22957739,0.0024069136,-0.15386263
0.64614576,0.23974557,-0.13492727,-0.00883187,0.13199948
-0.41359916,-0.23836195,-0.26097077,-0.0064874114,0.097244956
0.18647555,-0.12218726,-0.19995582,-0.0012887153,-0.20377718
-0.8591782,-0.46313292,-0.23481935,0.0007893902,-0.0833496
-0.5186759,-0.27709985,-0.23442806,-0.0018195235,-0.110131934
1.599053,0.09802076,0.5876392,-0.0011204646,0.10407503
-0.34158424,0.107012466,-0.26913008,-0.0063920827,-0.12365222
-0.3152404,0.32398283,-0.212199,0.0023659754,0.13854596
-0.36184666,0.0016594091,-0.22979927,-0.010820331,0.23585051
-0.6213654,-0.42497227,-0.28613585,-0.014736023,-0.23700097
-1.1364671,-0.29398498,-0.2670265,-0.0023549395,-0.14244479
-0.36496636,-0.045654204,-0.24652556,-0.00884662,0.08725963
-0.022926956,0.3959275,-0.15152586,0.00017468809,0.10184254
-0.31847262,-0.0785142,-0.22612754,-0.017852537,-0.20919643
-0.6780493,0.06765284,-0.22677805,-0.010003705,-0.020050712
-0.7392113,-0.16439725,-0.2384809,0.0019243126,-0.18906145
-0.251125,0.19220522,-0.22065984,0.012353644,0.08822929
-0.41054228,0.095763944,-0.23492773,-0.0137960715,0.22647537
-0.6473253,0.058631927,-0.23255187,-0.009580007,-0.029121209
-0.38172287,0.12350594,-0.24649338,-0.0018530663,-0.04742665
1.1824602,-0.12529123,0.74635893,-0.00014010165,-0.13044156
-0.005010079,0.39390126,-0.15763162,-0.00060192053,0.055851538
-0.3002056,-0.2437333,-0.20440145,-0.015122583,-0.121525906
0.33619747,-0.091729335,0.6252529,-0.023334213,0.0035529544
-0.5423,-0.3593464,-0.25633445,-0.016167404,-0.17386341
-0.47817552,-0.27402136,-0.24839695,-0.012210653,-0.1636494
-0.66609097,-0.39088723,-0.27867702,-0.008967216,-0.11795952
1.2147803,-0.035265304,0.7638109,0.022556316,0.06899289
0.33679467,0.177678,-0.18279754,-0.009669206,-0.04687617
-0.039153207,0.21074681,-0.19345966,-0.009917197,-0.04705394
-1.0077599,-0.44685066,-0.28193182,-0.013857806,-0.16016649
-0.20617312,-0.09074518,-0.21010417,0.028976396,0.1420766
1.3952487,-0.21637951,0.7478663,0.0051881038,-0.08139965
1.0438503,-0.046251,0.70267224,-0.0045059375,-0.032568876
-0.44693133,0.24421936,-0.24340436,-0.005860545,0.0032187616
-0.28224194,0.09711742,-0.19337846,-0.011998422,-0.023973165
0.042017862,0.17662156,-0.18288934,-0.00529061,0.10004879
-0.50386584,0.150711,-0.18757814,-0.027618151,-0.04820295
1.3349038,-0.011338074,0.7502644,0.021655014,0.07943005
-0.07624994,-0.016958006,0.3510271,0.0009493418,-0.13463533
-0.41084495,-0.20228367,-0.24464011,0.014133338,-0.06531699
-0.5530089,0.010709221,-0.24654844,-0.00922193,-0.19137765
-0.11483095,0.08611849,0.4009555,-0.009464576,0.038887605
0.16217656,0.09196578,-0.19024739,-0.027587002,-0.10027075
-0.64645505,0.2488147,-0.23043397,-0.013764016,-0.15348804
-0.62244,-0.32608846,-0.24097884,0.019570116,-0.04816598
-0.25599355,-0.13513076,-0.22784139,-0.007066394,-0.24062634
0.56694925,0.2218113,-0.1623303,-0.014277833,-0.045173515
-1.0029219,-0.4446217,-0.28919142,-0.012109891,-0.1810074
1.4513048,-0.1174186,0.7616422,-0.005203996,0.045037005
-0.88390315,0.02722898,-0.23912257,0.002888683,-0.020947386
0.5330123,-0.035468634,0.56738394,0.0059884856,-0.06539208
0.29299834,0.21072741,0.3532407,-0.0027235628,-0.040768027
-0.4497435,-0.14268664,-0.20736918,-0.009064305,0.28306395
0.25018483,0.013503753,0.52713037,0.0013330551,-0.0072657606
-0.002152002,0.18745187,-0.18773407,-0.014011054,-0.1622544
-0.44638342,-0.12602761,-0.23412019,0.0017178548,0.010166322
-0.16925433,0.16670533,-0.24573362,0.0018793531,-0.085187286
0.3625375,0.23684682,-0.14172493,-0.009329962,0.049193956
-0.2758937,0.35105917,-0.21784288,0.004575071,-0.048767094
-0.88694894,-0.25479576,-0.27502865,0.009101702,0.08729573
-0.21465345,-0.05390223,-0.18366352,0.029225554,-0.020457381
-0.446879,-0.016886795,-0.23944718,0.016881358,0.37150547
-0.26347658,0.01823888,-0.23041514,-0.0037717647,0.27413923
0.24655505,0.26581916,-0.1826452,0.009131394,0.18088086
0.09453795,0.18688448,-0.19047487,-0.016564267,-0.14766683
-0.60015166,-0.14729887,-0.24250783,0.018271746,0.037508633
-0.46068588,-0.5166405,-0.2590845,-0.015017475,-0.28801095
-0.7206974,-0.3019666,-0.2744598,0.0029643632,-0.09440755
-0.6179848,-0.11071963,-0.27002048,0.0049118074,-0.08072008
-1.014168,-0.30745772,-0.26046872,-0.0020299465,-0.20644262
1.2880477,0.06553497,0.7549673,0.017256819,0.092448615
-0.6194541,0.1339664,-0.2743204,-0.0053886534,-0.053659163
-0.7305973,-0.5040585,-0.24720109,-0.01366939,-0.31427306
0.5523343,-0.047182973,0.5754498,0.014465033,0.043844264
-0.8829545,-0.1710489,-0.24564435,-0.007015345,-0.044483684
-1.0144336,-0.5023641,-0.2561156,-0.010981732,-0.11662519
-0.33047417,-0.043493643,-0.23506626,0.016714728,0.1564418
1.0318769,-0.033713263,0.6778243,0.00945023,-0.042653617
-0.4183304,-0.3176216,-0.25517648,-0.015399656,-0.013982795
1.2890395,0.05115631,0.5908953,0.0013670318,-0.029082408
-0.5983504,0.10318628,-0.24509263,-0.00722084,-0.01649559
-0.70274854,-0.3437402,-0.31205416,-0.013240866,-0.26195592
-0.7785122,-0.38494655,-0.30361527,-0.013756514,-0.13689111
-0.58545583,0.025246592,-0.2236631,0.012597609,0.11962448
-0.93365574,-0.23456955,-0.24110866,-0.0049494216,-0.25780046
-0.4375408,-0.25801933,-0.29065308,-0.01159757,0.046820905
-0.69681096,-0.26560757,-0.25845185,-0.014112068,-0.0019301297
-0.21257652,0.07169902,-0.18797655,-0.030720051,-0.0643728
-0.8083339,-0.33410847,-0.3107727,-0.008832797,-0.13152044
-0.82695246,-0.42481145,-0.2649035,-0.011852877,-0.32502595
0.13730434,0.13823846,0.39180073,0.0113182,-0.023973133
-0.13475429,0.22844042,-0.20328762,-0.007850066,-0.090352684
-0.5723959,-0.48044968,-0.2404213,-0.01333332,-0.28474554
-0.49258846,-0.30117282,-0.23815414,-0.005786636,-0.109392576
-0.2889945,0.023802005,-0.17995963,0.018120235,0.0023236414
-0.15556377,-0.31550488,-0.20023881,-0.015292507,-0.06485934
-0.119029984,0.33011943,-0.2115286,-0.008431227,-0.14933443
-0.23203813,-0.17724882,-0.24139565,0.0041399775,-0.2296749
-0.4251415,-0.11734748,-0.23354262,-0.0033212148,0.10868766
-0.13952252,0.3939839,-0.20936063,-0.008660266,-0.11212174
-0.6186518,-0.096791826,-0.24735588,0.02757619,-0.142365
-0.9819968,-0.26561236,-0.28611696,-0.012619326,-0.20294921
-0.26509243,-0.26259142,0.2948004,-0.0039174994,-0.022387173
-0.4389761,0.13129455,-0.18410449,-0.0122972205,0.023804342
-0.6805684,-0.240136,-0.26916292,0.014176678,0.13210517
-0.12921417,-0.14546299,-0.19895889,-0.0029164692,0.13404831
-0.44137233,-0.079337105,-0.22000308,0.015444029,0.21603362
0.38746902,0.0882098,0.5859997,0.00050508324,0.12033086
0.1818304,-0.30438825,-0.17589468,-0.0062936656,-0.26999065
1.108706,-0.078325324,0.4685174,-0.0578386,-0.25869292
-0.8037315,0.15823847,-0.22011326,-0.016031431,-0.1553427
-1.075304,-0.18232013,-0.26252058,-0.008008241,-0.16015425
-0.19105972,0.15034205,-0.21327901,-0.017091874,-0.056135695
-0.52973217,-0.12472159,-0.22924837,0.012488712,-0.001651978
-1.1056387,-0.07902196,-0.22598119,-0.01457746,-0.1260589
-0.39446047,-0.262547,-0.2257225,-0.015840633,-0.15829438
-0.3721455,0.044373535,-0.19829005,0.016102834,0.13523889
-0.72449285,-0.1354482,-0.23757507,0.022138445,0.27404252
-1.0274316,-0.06798988,-0.255197,0.007850926,0.1877468
-0.35712245,0.12819898,-0.22758427,0.015249821,0.0292194
-0.7925776,-0.25977936,-0.27195865,0.013037251,-0.0362013
-0.9443568,-0.31498584,-0.27964902,0.009645149,-0.06395906
-0.711582,-0.52053106,-0.26518694,-0.01476665,-0.3184548
-0.48348218,0.28843638,-0.20074403,-0.0155895855,-0.16533962
0.089989044,0.09809274,-0.2155856,-0.009470615,0.068049826
-0.45841953,-0.34569386,-0.27480358,-0.014809918,-0.26434827
-0.24587306,0.3269649,-0.19088258,-0.012168526,-0.07170986
0.17405067,-0.03146971,-0.18504754,0.008615492,0.006803263
-0.58173805,-0.43744525,-0.28056213,-0.012566455,-0.2746976
0.031442154,0.28219554,-0.19722612,-0.019308466,-0.09830444
1.3345369,-0.0462754,0.7777303,0.020349063,0.060367066
1.148225,-0.049371663,0.70336735,0.017434692,-0.02091021
-0.11393198,0.3155209,-0.16457868,-0.029147584,-0.008060508
0.72140765,0.27512097,-0.13159278,-0.009135215,0.2262134
-0.76632166,-0.45480964,-0.2673747,-0.012464968,-0.29249284
1.1362425,0.0015898114,0.72631,0.00063903583,-0.035545737
-0.9958309,-0.4904805,-0.27851844,-0.014974326,-0.25838196
-1.0095683,-0.10331508,-0.2439847,-0.0058477963,-0.16145442
1.1366837,0.004901175,0.76628613,0.016839355,0.08422465
-0.35450166,-0.022507891,-0.20812646,0.018832924,0.23022382
0.19386376,-0.20475553,-0.19008778,-0.0012875139,0.00125662
0.21231994,0.17046392,0.47634357,-0.010851199,-0.057298798
0.25972956,0.1669964,-0.18977237,-0.024388388,-0.078351066
-0.71080834,-0.026599929,-0.22460099,-0.0034237849,-0.059329186
-1.0147285,-0.057536773,-0.2516386,-0.011427274,0.19437751
-0.001982987,-0.027737059,-0.20184992,-0.011051552,0.042006936
-0.29244992,-0.14989546,0.42254925,0.0039167292,-0.096784346
-0.43860483,-0.19584621,-0.24987511,-0.018884882,0.096909724
0.0024339906,0.11390633,-0.17638317,-0.023420276,-0.10844945
-0.5398041,-0.1867256,-0.2677819,-0.0078101815,-0.07145757
-0.5958103,-0.045838814,-0.25925037,0.0018328703,0.14023435
-0.6131004,-0.20539281,-0.23506767,-0.009423723,-0.17097266
-0.9315274,-0.08424671,-0.2651817,-0.010867251,-0.10488234
-0.65511227,-0.2297115,-0.22847189,-0.0010598891,-0.2595321
-0.33763283,-0.051528122,-0.19866967,0.016467452,0.26943073
-0.297064,0.336412,-0.19795401,-0.023937866,-0.08211549
0.5572868,0.02681964,0.53742856,-0.0037247436,0.02896455
0.5647539,0.08784665,0.6393776,0.036262363,0.15524592
-0.53636265,-0.06391728,0.35968798,-0.009635901,-0.12623927
0.5884059,0.20128608,-0.15297797,-0.011100352,0.01090168
-0.7584797,0.0013573631,-0.25501958,-0.006410691,-0.06459046
-0.67103636,-0.054504655,-0.27277017,-0.010650557,-0.07617695
-0.15165925,-0.30893952,-0.26795563,-0.0027649184,-0.27356791
0.21023344,0.3091853,-0.1501904,0.016513731,0.14397733
-0.6008933,-0.022416187,-0.27105203,-0.007919495,-0.1697115
-0.22095126,-0.05639809,-0.25957346,0.0035377117,-0.11320363
-0.12473525,0.07938618,-0.17771661,-0.0032075595,-0.06425553
1.262699,0.18426159,0.66102993,0.007353644,0.15605488
1.2533424,-0.20162307,0.79671603,-0.013985915,-0.023916356
0.31287658,-0.08006454,0.70529854,0.006721025,0.054098126
-0.7088686,-0.14907351,-0.23987418,0.01842627,0.24629368
0.59163296,0.20158423,-0.13759798,-0.0097379815,0.04861206
-0.52854806,-0.048441358,-0.2434757,0.015694765,0.011864458
-0.7346649,-0.31501657,-0.23934495,-0.021662848,0.02884064
-0.6738783,0.012290249,-0.26088035,0.011198514,0.22579794
1.3492687,0.01397712,0.80793995,0.009147941,0.07039905
-0.02705239,0.4770077,-0.20812857,0.007673106,0.17360392
-0.6700426,-0.03139271,-0.26894763,0.01911195,-0.01896946
0.9927412,-0.016366327,0.6903021,0.009561488,-0.029806111
-0.6763935,0.018611843,-0.22376774,0.016232124,-0.05353647
-0.21195568,0.10607008,-0.2001911,-0.008172001,-0.2514936
-0.6639085,-0.41223118,-0.2836712,-0.012836367,-0.21738224
0.052595325,-0.03301592,-0.1857217,0.0051688976,0.059589546
-0.92719233,-0.44239923,-0.2658843,-0.010638218,-0.24883169
-0.77810574,-0.47936818,-0.2514934,-0.012534771,-0.16470778
-0.81223404,-0.3546696,-0.2685494,-0.0037865932,-0.20160432
-0.6663887,-0.42317602,-0.2722334,-0.014540512,-0.20620483
-0.7404527,-0.2527288,-0.2571306,-0.006922856,-0.17126638
-0.31188354,0.2797,-0.2182918,-0.007822315,-0.018123053
-0.3795591,-0.0021011592,-0.24141116,-0.01056717,0.06582587
0.29555053,0.18832229,-0.17384453,-0.015729422,-0.052579768
1.1751748,-0.12019435,0.75573564,0.009822138,-0.0066186534
-0.4990986,-0.121593,-0.2282875,0.010004711,0.18183404
0.103242405,0.03964018,-0.18922664,0.024963232,0.12814906
-0.48700115,0.009427768,-0.27226323,-0.008786155,-0.14463401
-0.3987137,0.16436127,-0.21158172,-0.003683095,-0.08389584
-0.85963947,-0.14365509,-0.26154953,-0.011808548,-0.2325139
0.17597057,0.1574715,-0.2060469,-0.0032058852,0.008444719
-0.48170754,-0.09976162,-0.24276772,-0.0026350738,-0.23100911
-0.061459523,0.066914424,-0.21592927,0.0046907747,-0.05085304
0.6603654,0.057372425,0.5826695,-0.00078250375,0.041642275
-0.39824522,-0.24540967,0.48378882,-0.0018797452,-0.2844672
-0.64517134,-0.13008057,-0.2306685,-0.010832632,-0.09316897
-0.7966364,-0.2700698,-0.27559337,-0.015627066,-0.046534136
-0.6403741,-0.52109087,-0.27772087,-0.012555815,-0.15486339
-0.08655736,-0.039859653,-0.18430413,0.024198724,0.19097707
0.3472996,0.08910269,0.55956763,0.019704131,0.13530396
0.8928037,-0.04895631,0.6528342,-0.0020221472,-0.029434036
-0.89003736,-0.26847827,-0.25317824,-0.0010851389,-0.28913397
-0.5190327,-0.17469774,-0.23807684,-0.018407006,0.07357533
-0.06958237,0.009522293,-0.122378744,-0.050091866,0.014702665
-0.32802397,-0.0699225,-0.2571324,-0.004300164,-0.260579
-0.33477268,0.1520339,-0.19184777,-0.01239175,-0.26794183
1.0203043,-0.010291104,0.69164616,0.00980289,0.058956232
-0.48515663,0.06985319,-0.22304697,0.0095311245,0.29023284
0.38201225,0.23439991,-0.18186131,-0.010672804,-0.033498846
-0.25619322,0.18233542,-0.21868463,0.010645264,0.1455711
-0.5651562,-0.30203378,-0.30090594,-0.011267532,-0.12035477
0.37362912,0.16754375,-0.12866262,-0.018249627,0.008176957
-0.47072557,-0.037356026,-0.24153785,-0.017601317,-0.14818245
-0.55631864,0.12712094,-0.18602219,-0.014030411,-0.049456086
-1.0268083,-0.3064177,-0.2988803,-0.013421996,-0.07918505
-0.66570693,-0.2986201,-0.26411456,-0.014256776,-0.084349945
-0.4334189,0.11526527,-0.2255969,-0.009927293,0.021480538
0.59545004,0.16686705,-0.13879055,-0.013823329,-0.01784563
-0.6650582,-0.024066078,-0.2503354,0.013969317,0.24423154
-0.5772587,-0.457786,-0.28327093,-0.012663914,-0.31950715
-0.08156736,-0.043483976,-0.17407887,0.034197427,0.089587785
-0.9047823,-0.32355872,-0.29084682,-0.0102142,-0.035870407
1.4380621,-0.0117573235,0.7906043,0.0063519944,0.095607124
-0.5883507,-0.4662681,-0.27142733,-0.011900535,-0.2733391
-0.5729353,-0.10814342,-0.26077664,-0.011862129,-0.23190981
-0.21728191,0.14140937,-0.15802705,-0.027672103,-0.066443264
-0.1906998,0.013961252,-0.18717948,0.008938853,0.06704105
-0.79474366,0.20582432,-0.22484605,-0.015492166,-0.09402857
-0.78922015,-0.07330604,-0.22674564,-0.021036424,-0.09416878
-0.2999423,-0.3197251,-0.2775023,-0.018787365,-0.28178558
-0.3065435,0.1234111,-0.22421901,-0.00087630376,-0.13205983
-1.115263,-0.34427384,-0.27799,-0.012154866,-0.19067556
-0.73965156,-0.39900705,-0.25856203,-0.010459466,-0.23256771
-0.80288947,-0.03436859,-0.2449577,-0.014206441,-0.20332703
0.18687229,0.02601229,0.57130665,0.008516968,-0.03712608
-0.69913894,-0.08899512,-0.19539887,0.02312385,0.28884184
-0.29612345,-0.45476085,0.37721685,-0.009896815,-0.16108632
-0.40358415,-0.08216472,-0.22259925,0.024224171,0.24558127
0.0019527834,0.017518695,-0.21543579,-0.012446942,-0.040388413
-0.48182398,-0.03074032,-0.2246731,-0.002532334,-0.00438873
-0.34506074,-0.12672985,-0.21683697,-0.013473397,-0.056833707
-0.4102005,0.35735282,-0.20405205,-0.016215764,-0.095050655
0.07162962,0.030246766,-0.20462377,-0.009250829,-0.030657051
-0.5419975,0.28482327,-0.23928393,-0.0078053763,0.19206427
-0.21438016,0.15854178,-0.20394957,-0.0041911136,0.08860087
-0.39361656,0.06996477,-0.20552191,-0.033632398,-0.28426647
1.0745724,-0.034234256,0.6630033,0.009736719,0.14279121
0.2719833,0.29637256,-0.15595591,0.0037038717,-0.019772422
-0.43573508,-0.21261105,-0.20876235,-0.014453394,-0.20149049
-0.42870235,-0.08501616,-0.24558172,0.0045580054,0.17605908
-0.35864335,0.097042315,-0.22878276,-0.015209947,-0.041308776
0.035977554,-0.12301531,-0.22343892,-0.00087925326,-0.09958498
0.19305031,-0.037702933,-0.17127645,-0.010389767,-0.06058718
1.401832,0.097384274,0.6778862,0.00847972,0.08841707
-0.26225615,0.19948162,-0.23483947,-0.006076298,0.087619066
0.44823262,0.25238428,-0.17194036,-0.009918941,-0.050766837
0.30636594,0.11661804,0.54583013,0.0002724824,0.067542516
-0.76679313,-0.16124879,-0.28299507,0.0047837007,0.2096313
-0.7924926,-0.18732095,-0.24193162,-0.007895011,-0.101812534
-0.5411627,-0.027955078,-0.25236863,-0.001029477,-0.04961265
-0.675161,0.020567913,-0.24948575,0.007935561,0.23446253
-0.39204186,-0.12201781,0.3603504,-0.015524117,-0.062491342
-0.37424135,0.13138433,-0.16748747,-0.029650083,-0.021199875
-0.6264524,-0.25815454,-0.25621736,0.020820893,-0.11416339
-0.781572,-0.1971909,-0.28295127,-0.011377951,-0.17652024
0.67642957,-0.18127002,-0.18163592,-0.025560817,-0.29224858
-0.55692756,-0.17672376,-0.23871301,-0.007358802,0.22510448
-0.46353343,0.1442196,-0.25880805,-0.010638194,0.19908156
-0.49181634,-0.22100787,-0.22300825,-0.0015603979,-0.2508872
-0.58018774,-0.08318797,-0.20878431,0.025348518,0.24208601
1.5348518,0.22636658,0.6064558,0.004859257,0.09499709
-0.286032,0.34627032,-0.21241185,0.0052793715,0.23071614
-0.72389436,-0.15484756,-0.24465108,0.021161072,0.28222883
-0.41032484,-0.20634954,-0.2296846,0.001690245,-0.22642784
0.30519223,0.3654835,-0.16204734,0.0007483619,0.05843411
-0.3676652,0.30300295,-0.22854517,0.0049793352,-0.16961323
-0.077614635,-0.31332362,-0.21690057,-0.01349091,-0.23859522
-0.9331669,-0.27065098,-0.22816588,0.0014764969,0.13015722
-0.56217307,-0.047155377,-0.25341785,-0.0049998257,-0.1251895
-0.32429868,-0.030880399,0.3388937,0.0198512,-0.07329826
0.40135902,0.0017757462,0.6020477,0.0032996158,0.14953782
-0.2003078,-0.039977793,-0.19371967,-0.017413905,-0.17565529
-0.7230884,-0.315478,-0.31552863,-0.010643633,-0.1251184
-0.6046428,-0.16743016,-0.27554688,-0.013751477,-0.19150865
-0.5191228,0.17810878,-0.18915823,-0.011973664,-0.05343348
0.49970868,-0.08874637,0.5386982,-0.008594533,-0.027526017
-0.051248986,-0.2433423,-0.1868167,-0.015363956,-0.06679034
-0.78733903,-0.075219125,-0.22551274,-0.016066102,-0.13129446
-0.89969784,-0.21911402,-0.24404746,-0.009693359,-0.1794159
-0.63420767,-0.097513884,-0.23183137,0.01864873,0.31998038
-0.6302186,-0.24076796,-0.23842461,-0.013583105,-0.0960408
1.169942,0.03619208,0.74627775,0.013145524,-0.06560275
1.1515386,0.04683612,0.7370027,0.018995507,0.08972699
-0.13287991,-0.16991873,0.47367728,0.00015236065,0.008091036
-0.7699594,-0.36070988,-0.25873575,-0.015295508,-0.28429005
1.2526618,0.093883336,0.5532695,-0.0010094575,-0.013080569
1.3330501,-0.065454915,0.75855625,0.000637379,0.0016519492
-1.0100247,-0.03766261,-0.24289425,0.0010393481,-0.21465918
-0.3641465,0.31254584,-0.23459299,-0.011822938,-0.004985021
-0.387784,-0.08091844,-0.25652662,-0.007903807,0.051409747
-0.2871268,-0.02810004,-0.25663647,0.0007351674,-0.14607222
0.0174456,0.17301707,-0.19225822,-0.014975766,-0.18207723
0.358634,0.102642424,-0.15709805,-0.0046922415,-0.014820315
0.05981378,0.12342428,-0.18161851,-0.020702861,-0.068612665
-0.37643173,-0.26933497,-0.26698506,-0.010403492,-0.34537894
-0.4530207,-0.19622084,-0.2227265,0.005173154,-0.3223928
-0.36414564,-0.07923118,-0.2589679,0.016063692,0.30165192
-0.35299888,0.09630553,-0.23790328,-0.022506317,-0.27564076
0.426935,0.2601442,-0.14844094,-0.010392138,-0.1201697
-0.8004345,0.30449402,-0.21998215,-0.009570402,-0.057831332
0.31468862,0.057510022,-0.114122964,-0.0056033586,-0.22376245
1.4689708,-0.0228731,0.8084269,0.0076815374,0.09500702
-0.66298,-0.4688529,-0.28044328,-0.018199239,-0.29351658
0.1571654,0.123506755,-0.16510919,-0.010694377,0.020074895
-0.5662202,-0.2873253,-0.2327032,-0.0049433587,-0.20737019
-0.5824899,-0.43859026,-0.27011055,-0.0152465915,-0.27834764
-0.47812876,-0.14968865,-0.23304716,-0.0134082,-0.23022914
-0.28341135,-0.12788115,-0.2396418,-0.007855916,-0.2634005
-0.4856808,-0.14757581,-0.25667992,-0.013291841,-0.27562618
-0.44078,-0.024683837,-0.25567475,-0.002725067,0.10089875
-0.61586154,0.077930205,-0.25719118,-0.004641204,-0.02796352
-0.50407183,0.18986486,-0.26268607,-0.0047419164,0.099787734
0.56671804,0.18045841,-0.16381572,-0.023298483,-0.018386243
-0.5042929,-0.15199368,-0.2718878,-0.013035586,-0.1960005
0.52061343,0.040743183,0.63235366,0.0031440337,0.17964031
-0.550909,-0.21954839,-0.22841902,-0.006491738,-0.16554089
-0.2517733,0.016057152,-0.25906903,-0.0024620672,-0.17380677
-0.94435304,-0.36637056,-0.29803267,0.008870849,-0.23533803
-0.51110756,0.21642515,-0.20163745,-0.0148611255,-0.15377724
1.0583314,0.03980027,0.63694656,-0.014861708,0.043044895
-0.53620213,-0.021842526,-0.26081455,-0.015067259,-0.20711727
-0.0019445434,0.03015186,0.40182287,0.01351226,-0.0076385103
-0.265124,-0.11882884,-0.24564126,-0.016089212,-0.15246078
-0.36786786,-0.12920935,-0.26181036,0.022207957,0.091446236
-1.0997026,-0.17832823,-0.27162907,-0.006010266,-0.08259262
-0.33953744,-0.10215769,-0.17638253,0.01562411,0.32827732
-0.19180726,-0.18588921,-0.21279219,-0.012833286,-0.27297184
-0.6178625,0.031512197,-0.2031444,-0.011064491,0.273804
1.3055329,0.00083993934,0.7787895,0.005288581,0.12921819
-0.85228956,-0.27264076,-0.30779356,0.0041667884,0.042480875
-1.0969702,-0.37424597,-0.25210482,-0.0114823785,-0.051828355
1.2806351,0.07813107,0.65977114,0.010674041,0.08606544
-0.489746,-0.05308137,-0.23471744,0.01279987,-0.10931102
-1.0507702,-0.48843065,-0.24722388,-0.009974234,-0.19598587
-0.55056953,-0.38076726,-0.28475285,-0.01748156,-0.17218965
0.05439863,0.09415929,0.47896323,-0.0023759983,0.067178935
-0.116303094,0.115891606,0.40999717,0.0043606726,0.064812824
-0.034173995,0.3903899,-0.21510765,0.008309874,-0.120761424
0.26064554,-0.016297508,0.5448585,-0.01108022,0.010719651
0.06767269,0.25253814,-0.1621628,0.0015396234,0.10611302
-0.1411985,-0.20414507,-0.17451786,-0.0097438395,-0.16267134
1.2041829,-0.10104316,0.7078157,0.019552162,0.021595439
-0.9348071,-0.30325347,-0.27955824,-0.0122134965,-0.15316236
-0.9472772,-0.24622054,-0.29142788,0.007512814,0.10257633
-0.7370023,-0.43935227,-0.2786655,-0.014930615,-0.2961458
0.31756783,0.17722109,-0.17784356,-0.016943455,-0.09890291
0.041859064,0.2841558,-0.2204525,0.0044210725,-0.13088089
-0.3546362,0.1237246,-0.19737937,-0.017373865,-0.06592738
0.3459072,0.1612584,-0.1361219,-0.017409213,-0.07568825
-0.34120584,-0.015500262,0.35205135,-0.00037493277,0.036835097
-0.21499844,-0.09732303,-0.23480849,0.011059508,0.01798146
-0.2186122,0.04848922,-0.20174755,-0.03519853,-0.30611968
0.2580415,0.20760767,-0.18192396,-0.011270847,0.049824957
0.047255434,0.0042096367,-0.1737319,-0.010737238,-0.047105353
-0.2525125,-0.059429698,-0.21132976,0.0005988409,-0.123912685
1.3623984,0.06773962,0.592151,-0.13396253,0.03982756
0.08656973,0.09385012,-0.20358063,-0.0015017539,-0.1855075
-0.7291319,-0.33237374,-0.27638915,-0.015862236,-0.097232714
-0.5653834,-0.11179599,-0.24822594,0.020170067,0.24398403
-0.39815378,0.07891825,0.33854493,0.006610698,0.09215687
-0.82211524,-0.33552232,-0.24503452,0.017266992,-0.04810355
-0.47738248,-0.13609454,-0.23464125,-0.020668628,-0.1842451
-0.934883,0.032540515,-0.26816064,0.0018816845,-0.07089211
0.8379197,0.099654816,0.56210613,-0.005795437,0.046957105
1.0937251,0.051976293,0.6726118,0.008560356,0.07557015
-0.12566222,-0.2235722,-0.25410396,-0.011218264,-0.05441705
-1.0650549,-0.2416517,-0.23131554,-0.00954609,-0.15734717
-0.26502723,-0.013566211,-0.23469396,-0.01000789,0.24309133
0.87819177,0.10909087,0.67924094,0.011633389,0.08941851
-0.33367,0.07571087,-0.25966087,-0.0052344557,-0.054566644
1.1017997,-0.06218151,0.7331104,-0.014843245,-0.011009996
0.07485163,0.24776195,-0.17910792,0.010319201,0.21810427
-0.5629535,0.05296305,-0.2653772,-0.009430707,-0.12502798
-0.17378688,-0.03375563,-0.1942101,-0.011531172,-0.17641707
-0.59860104,-0.2507296,-0.24608077,-0.005311771,-0.18360011
-0.8221923,-0.1790702,-0.19800001,0.017939616,0.35615095
-0.24066816,0.07387629,0.37633324,-0.004093437,-0.004500931
-0.24973822,-0.2727174,0.49099582,-0.009380803,-0.17908494
0.23378916,0.09727587,0.5720784,0.0018617958,0.089269236
1.0087495,-0.2557471,0.56116897,-0.14776471,-0.03476005
-0.1883894,0.20678881,-0.15943883,-0.019191228,-0.063956805
-0.6051523,0.009792205,-0.2505405,0.010412263,0.17551751
-0.9896896,-0.50433075,-0.2832628,-0.0118952505,-0.19430226
-0.5511907,-0.10834615,-0.27921268,-0.019487634,-0.1244532
1.263599,0.00412837,0.73286855,0.00086688576,-0.08773845
-0.3989875,-0.09539628,-0.25979945,-0.014192475,-0.22338443
-0.50202173,-0.2721542,-0.26481304,-0.011330118,-0.12470972
0.43050632,-0.110988356,0.41910234,-0.013093047,-0.099688515
0.9781978,-0.10979945,0.72371566,-0.013733051,0.02805265
0.19344667,-0.096824065,0.661972,-0.016539402,0.018643433
0.9476289,0.16782403,0.5597005,0.010971764,0.13527986
0.545176,0.022481244,0.5620196,0.0032193316,0.09473731
-0.5464587,-0.3372708,-0.2636386,-0.010379751,-0.12344881
-0.66076255,-0.009369547,-0.2716747,-0.008122315,-0.22401318
-0.722503,-0.18715222,-0.23756535,-0.029661773,0.28171772
-0.54350287,-0.34744066,-0.23683532,-0.0005539269,-0.18020263
-0.7380626,-0.04782597,-0.2554717,0.00071888557,0.17264004
-0.08049428,-0.02284241,-0.2086538,-0.002694202,-0.053613964
-0.12161961,-0.14152859,0.35658133,0.02444501,-0.0834512
-0.6731616,-0.028233062,-0.2525655,-0.009003185,-0.07229485
-0.32877925,-0.005183654,-0.23639359,-0.014913205,-0.18491891
-0.5311644,0.07828656,0.34887704,-0.011403542,-0.0075193923
-0.5081036,0.3630424,-0.22369885,-0.010353452,-0.029481893
-0.87778914,-0.3437496,-0.2414938,0.0050271633,-0.10869665
0.05042498,0.22962432,-0.16986148,-0.021305004,-0.02653215
-0.4132896,0.06986773,-0.1679799,-0.031133506,-0.06174529
-0.4436435,0.026619868,-0.2357234,0.005472562,0.26931247
0.6156216,-0.0067250053,0.62427986,0.007241943,0.015039809
-0.66291445,-0.4496279,-0.21928172,-0.010548703,-0.22641437
-0.31889102,-0.2583292,-0.2749263,0.00457544,-0.18132605
-0.41876873,0.2664155,-0.22605719,-0.0129289795,0.20148455
0.067189015,-0.0009677289,0.4476425,0.020146284,0.01759892
-0.37751797,0.0331498,-0.26354337,-0.0049105193,-0.10272237
-0.8153926,-0.06944961,-0.26391056,0.0018809149,0.0945391
-0.44748008,-0.08360713,-0.23747665,-0.009037004,-0.04993462
-0.8070366,-0.3610127,-0.27711913,-0.009773045,-0.25721538
0.18620335,0.31554574,-0.16045812,-0.0020029596,0.02837097
-0.31992862,-0.1588094,0.29620263,0.017366264,0.11353015
0.5448012,0.08261894,0.632858,0.009973435,0.07838351
-0.3357066,-0.0011838733,-0.24481636,0.018321311,-0.16729963
0.22133577,0.22413392,-0.14262103,-0.006463782,0.04308171
-0.56870943,0.1865846,-0.23756453,-0.01947273,-0.12544169
0.9467845,0.023698166,0.6712318,0.012590833,-0.22661152
0.056198027,-0.0021841435,-0.14353678,0.009181428,-0.15689903
-0.6267668,-0.1569006,-0.2536445,-0.015165973,0.26313344
-0.8448523,-0.07266654,-0.25437388,-0.0029379164,-0.084962025
-0.66145724,-0.38984418,-0.25217265,-0.014540214,-0.24176826
0.32858396,0.17376389,0.43565458,0.0042255316,0.14276178
-0.7425596,-0.09605111,-0.2807997,-0.009616803,-0.2020205
-0.69020957,0.105675966,-0.2398104,0.007291435,0.16865624
-0.45726416,-0.085689105,-0.22878173,0.009477985,0.21398787
-1.0328438,-0.48624143,-0.24720605,-0.009815359,-0.13558836
0.46493533,0.20770104,-0.12862544,0.002187509,-0.12361277
0.93755084,0.034550328,0.66258585,0.0077767493,0.04030762
-0.48422202,-0.03796752,-0.26283282,-0.007561,0.07455684
0.05769282,-0.14743814,-0.20658049,0.015964486,0.016810186
0.5548467,0.13784732,0.54278624,0.0004660748,0.06850655
-0.62728006,0.014472549,-0.23785199,0.0027368572,-0.20413691
-0.34683576,0.20460474,-0.21760428,0.013224949,-0.05236021
-0.6186346,-0.29635283,-0.28683496,-0.011451687,-0.02742527
-0.45157036,-0.077931486,-0.2754018,-0.00960128,-0.13074143
-0.683204,0.15837117,-0.23159963,-0.011537502,-0.105212085
-0.38170245,0.049406484,-0.19961299,-0.026940778,0.078379065
-0.642255,-0.3874479,-0.25587282,-0.00029517757,-0.13004863
-0.26614895,-0.058636345,-0.24202569,-0.0048047407,-0.24119405
-0.6824527,-0.27507228,-0.30602542,-0.0090595875,-0.19243495
-0.33115155,0.3010884,-0.2206177,0.007176536,0.21218276
-0.57662416,0.068764344,-0.2602259,0.018070823,0.1597902
-0.8061532,-0.19206499,-0.23715377,-0.014978254,0.1559747
-0.83743423,-0.3300578,-0.2326844,-0.013991481,-0.038172405
-0.07724005,-0.0299795,-0.14390025,0.022819463,0.014859228
-0.7057708,-0.32499844,-0.31026575,-0.011362433,-0.19013363
-0.21320044,-0.14079541,-0.2287772,0.0124282725,0.048446186
0.6720708,0.2451499,-0.14735347,-0.010626041,0.16454755
-0.3962512,0.13277343,-0.23000523,0.011026364,0.23323084
-0.26770985,-0.024170391,-0.23008862,0.01066158,0.17498621
-0.26515892,0.24172267,-0.21925549,0.010542857,0.14107117
-0.22908892,0.09367549,-0.1915877,-0.0043187356,-0.096616164
1.091289,0.0008856044,0.7443303,0.024776004,0.08481183
-0.6705132,-0.4627859,-0.25956273,-0.017693236,-0.2574929
-0.45684734,0.33935612,-0.22951631,-0.007999827,0.2698024
-0.75716656,0.10044566,-0.2386881,3.307202e-05,-0.09432626
0.21217448,-0.03378929,0.5956959,-0.013187993,0.002242466
-0.5207652,0.19577771,-0.23554568,-0.0015029425,-0.06532463
-0.81740004,-0.114913896,-0.26006615,0.020137727,0.22445154
-0.45538136,-0.5074177,-0.24880934,-0.013534924,-0.31636858
-0.59475535,-0.066139385,-0.2785582,-0.0054516117,-0.0269568
0.34804162,0.014729794,0.6013153,0.005932683,0.12859274
-0.6310216,-0.16324231,-0.24118169,-0.03118537,-0.19890718
-1.1658306,-0.40101552,-0.26366976,-0.0058868304,-0.15760174
-0.19176844,0.12249218,-0.18356863,-0.021069787,-0.22709303
-0.7682036,-0.4060692,-0.2702955,-0.013296985,-0.26909146
-0.20308194,0.22220764,-0.17334111,-0.017448185,-0.027362965
0.39102855,0.13881701,-0.14575875,-0.014216602,-0.02811162
-0.41549546,-0.027589265,-0.26450768,-0.0104296105,-0.09498697
-0.69758356,-0.11529886,-0.23357646,0.013784475,0.28589088
0.07029269,-0.041763164,-0.14785267,0.0057390537,0.095989324
-0.5463309,-0.14424422,-0.22532108,-0.0114177,-0.09025382
-0.4525334,-0.18349713,-0.24074493,0.004160285,-0.2280389
1.2422917,-0.10773692,0.786092,0.022793144,0.08993519
-0.57484657,-0.09174821,-0.21523187,0.029003222,0.34378508
-0.98829585,-0.50847465,-0.26423058,-0.012033999,-0.16715501
0.45257437,0.123358265,0.5872395,0.014538156,0.17111821
0.2487769,-0.078274384,0.58943814,0.028173622,-0.08573478
-0.6748809,-0.07867743,-0.23805347,0.018432327,0.12521604
1.1825196,0.005689604,0.7081167,-0.0014891983,-0.036310032
-0.8397601,-0.27750096,-0.24163239,-0.007412645,-0.11749375
-0.7866953,-0.45437634,-0.2863347,-0.0127128735,-0.20203885
-0.7146963,0.09693896,-0.24647835,0.0027409103,-0.17662573
-0.23318134,0.06903383,-0.2241731,-0.011251517,-0.023360442
-0.32290804,-0.20543312,-0.22240402,-0.022920534,-0.0625373
0.46653193,0.09878642,-0.12345791,0.01739038,0.14925261
-0.53254545,-0.04558093,-0.23227008,-0.006303781,-0.032425825
-0.8334712,-0.19963032,-0.26186952,-0.020699805,0.13285565
-0.74169594,-0.33666542,-0.25754786,-0.015210456,-0.0022247115
-0.4306114,0.07370096,-0.23579578,-0.0018536285,-0.002042164
-0.7729996,-0.14081398,-0.23109911,0.0019696692,-0.19478127
0.41228753,0.19898835,-0.1804417,-0.022518583,-0.06774277
1.1465116,-0.061468605,0.63122416,-0.011241213,-0.02455714
-0.28352863,0.32772294,-0.20023772,-0.007336428,-0.10469616
-0.9431609,0.009918317,-0.25030923,-0.008508873,-0.18411824
0.031181812,-0.019243823,0.42139795,0.019616183,-0.0005813553
-0.60739356,0.15140307,-0.26379493,-0.0069917343,-0.020892102
-0.43413606,0.12891814,-0.24243498,-0.008914906,0.014583984
-0.038197666,-0.02126448,-0.18840721,0.016007992,0.06652337
-0.52890414,0.28265858,-0.21062146,-0.014393367,-0.14447425
0.28896478,0.0886293,-0.18198529,-0.012247759,-0.28692293
-0.76670164,-0.4742107,-0.29455018,-0.009284102,-0.15959951
-0.7879017,-0.03514363,-0.24900006,0.013037493,0.22403477
0.042369723,0.121241294,0.43789983,-0.00797217,0.064686395
-0.32474604,0.46198264,-0.21527189,0.0036520394,-0.015928684
-0.4669305,-0.022107484,-0.27065533,-0.010663716,-0.061462764
-0.9819847,-0.20611952,-0.26472116,-0.0063285655,-0.18642312
0.5587899,0.21580073,-0.16303144,-0.014299703,-0.043784138
-0.8183253,-0.3458011,-0.27145407,-0.011189526,-0.038769737
-0.14806575,0.20584013,-0.203949,-0.014699069,-0.033717096
1.2014452,0.08070751,0.7124565,0.009992919,0.1096881
1.422461,-0.010434931,0.81380403,0.007994376,0.06750192
-0.10888117,-0.11733676,-0.22151792,0.013351667,-0.08824206
-0.25814146,-0.032882944,-0.22085051,0.003556666,0.016085967
0.29242253,-0.087784044,0.640062,-0.003065776,-0.003107952
-1.1278136,-0.15911087,-0.24442518,-0.0028223312,-0.22142196
-0.5558484,0.01950485,-0.22278847,-0.015833374,-0.16732407
-0.9701801,-0.207086,-0.24301441,0.010917176,0.19455436
-0.8833078,-0.39614692,-0.28290775,-0.008747003,-0.15332894
-0.59161234,-0.13692547,-0.24558681,0.017697118,0.21325622
-0.44039348,-0.37307253,-0.2929228,-0.010775467,-0.19598837
1.3103328,0.12696,0.71417904,0.006198113,0.13453977
-0.35229024,-0.1260819,-0.24165195,0.005232166,-0.2368614
-0.6706754,-0.32288927,-0.30711496,-0.01083621,-0.20210953
-0.6402886,-0.0581695,-0.27903214,-0.010631979,-0.21461222
-0.5787476,-0.043040354,-0.244326,-0.0018327767,0.039232045
0.24573456,-0.13816588,-0.17510799,0.0050000497,-0.19455422
-0.7781641,-0.17126632,-0.26051185,0.007883823,-0.18090264
-0.49282023,0.082204394,-0.24212033,-0.010533862,0.1425354
-0.5940244,-0.18833613,-0.23263605,-0.01197716,-0.19969212
-0.34746268,0.095641404,-0.20696518,0.023548853,0.21026364
0.3460971,0.09579751,0.47301286,-0.0016527197,-0.09923537
1.3488425,-0.011139121,0.74853307,0.00045054755,0.010475734
-1.1511182,-0.52865344,-0.23737608,-0.012047147,-0.25082636
-0.65008485,-0.460049,-0.2580502,-0.011868509,-0.29536888
0.3084106,-0.03556758,0.43362567,0.006100398,-0.12938923
-0.30858582,-0.017860407,-0.23733412,-0.015581931,0.16823202
-0.8941954,-0.15174788,-0.26404428,-0.01424253,-0.102758415
-0.65622497,-0.091110855,-0.25599235,-0.018556282,-0.060442187
0.4940715,0.13776216,0.5685698,0.0064522354,0.11940409
-0.70301175,-0.030499386,-0.27770165,-0.011393826,-0.07164608
-0.8109752,-0.3613865,-0.31804776,-0.007887043,-0.11547114
1.2622855,-0.011254956,0.5551026,-0.0037719747,-0.06114829
-0.38592222,-0.24547876,-0.21687002,-0.005343311,-0.22296277
1.0556567,-0.045123305,0.65138316,-0.006575105,-0.026576085
-0.2702083,0.12065691,-0.16798358,-0.0259741,0.024186075
-0.07107604,-0.022014992,-0.16030626,0.022923473,-0.034953866
-0.84293634,-0.37574694,-0.2724185,-0.013413541,-0.13894686
-0.19963357,-0.062159427,-0.22497192,0.011830646,0.105304465
-0.59760165,-0.2544667,-0.30057254,-0.012226459,-0.14889346
-1.0665921,-0.4623578,-0.2508175,0.004290947,-0.14775866
-0.39584035,0.12956144,-0.21110238,-0.01825787,-0.17509131
1.3555255,0.07495435,0.7437072,0.006353035,0.036588706
-0.28784674,0.15597291,-0.21872625,-0.00963957,-0.0403322
-0.8111001,-0.46657723,-0.2598461,-0.01634259,-0.23371135
-0.754409,-0.17902415,-0.21720697,0.01934648,0.23592937
-0.4368678,-0.12289785,-0.22451492,0.0021345986,-0.023573741
-0.85700303,-0.50882226,-0.28225446,-0.008991502,-0.27703846
-0.9730419,-0.40401134,-0.3114785,-0.0066669127,-0.092822656
0.16591933,0.040837836,-0.1002953,-0.0037810393,-0.09548749
0.37373084,0.23890902,-0.12531768,-0.0100500705,-0.03284677
-0.5689674,-0.09773144,-0.23144734,0.029183354,0.37027487
-0.6967009,-0.103349015,-0.26688182,-0.009498429,-0.07470653
-0.63838476,-0.38083103,-0.2777754,-0.0070308554,-0.109725565
-0.82991654,-0.3552435,-0.308802,-0.01155326,0.027213575
-0.36379403,-0.111499205,-0.26828772,0.018076733,-0.03362032
0.052164786,-0.0063004587,-0.16548279,0.032370158,0.14340815
-0.071893506,0.070666105,-0.17741115,-0.005363478,-0.16446449
0.7606999,-0.04951838,0.55867255,-0.006630293,0.028372739
-0.57963985,-0.16093665,-0.2730701,-0.009008514,-0.011244849
-0.5219546,0.11259783,-0.21005224,-0.019156866,-0.07845216
-0.34949225,0.057065405,-0.21351747,0.011343732,0.24995425
0.58521205,-0.015913114,0.5902444,-0.0012816405,-0.17718561
1.6064513,-0.21104647,0.78963786,-0.0003489051,0.04758571
-0.29482585,-0.03489886,-0.24989203,-0.012780799,-0.16123891
-0.61089635,-0.3012093,-0.26386642,-0.013256496,-0.13585562
-0.3186184,0.08547074,-0.19915985,-0.018931035,-0.1042074
-0.41348615,-0.0764815,-0.22858533,0.014142234,0.18662761
-0.320413,-0.13643435,-0.19866183,-0.019197984,-0.23659728
-0.7580845,-0.4608409,0.28594178,-0.027979432,-0.14205334
-0.43175316,0.20393722,-0.18224636,-0.026403047,-0.092052214
-0.364126,-0.08693901,0.42799392,-0.018418718,0.03615685
-0.73450804,-0.27456194,-0.26635027,-0.00796172,0.1595708
-0.9302408,-0.43321896,-0.2540658,-0.008789433,-0.19657972
-1.0057467,-0.36935514,-0.2527488,-0.011308076,-0.1378134
-0.010254839,0.11509666,-0.16449118,-0.0068669976,-0.02808999
-0.30361143,0.41865844,-0.23446763,-0.00090378197,-0.09661814
-0.480649,-0.102984026,-0.22188476,-0.015141649,-0.041068837
0.21161163,0.20767519,0.3410509,-0.0019810155,0.13855174
1.3164554,0.11691499,0.716819,0.007222725,0.12110231
-0.46492052,-0.23006508,-0.23093131,0.013219776,-0.07959157
0.07050649,-0.08698706,0.5062208,0.011545429,-0.10998426
-0.58325213,-0.2778114,-0.30042318,-0.008529175,0.07306822
-0.4365608,-0.13905607,-0.26195416,-0.0022873797,-0.08869585
-0.3495234,0.14657436,-0.24072717,0.0020041862,-0.01668628
-0.28082323,-0.40832457,-0.2469691,-0.0030532852,-0.27289376
0.009816864,-0.112923466,-0.17399779,-0.007861253,0.1649156
-0.5295103,0.103526734,-0.21755312,-0.013618572,0.14508076
-0.55942285,-0.11790931,-0.24505514,0.014290014,0.240337
-0.51227015,-0.02247314,-0.26887456,-0.005831642,-0.02921494
-0.74412066,0.004437257,-0.19539139,-0.013927595,-0.13300937
-0.8402651,-0.5439333,-0.2795198,-0.012336191,-0.17307806
-0.29105777,0.02924226,-0.2391067,-0.00084576895,-0.07246153
-0.5780539,-0.05097354,-0.2671076,-0.009503833,-0.11891291
-0.35020053,0.096571326,-0.23236518,-0.0100862365,0.104178935
-0.32288346,-0.09236691,-0.25069606,0.004145624,0.13652965
1.1095595,-0.07575799,0.71953946,-0.008045385,0.06073905
-0.95925385,-0.3117396,-0.27193293,0.004023944,-0.08131245
-0.42032272,-0.0642133,-0.22825183,-0.0056334697,-0.041482784
-0.3990597,-0.2158008,-0.23487496,0.00018951297,-0.21308537
-0.5750158,-0.09473206,-0.22927615,0.018101895,0.19028613
0.14429979,-0.013959577,-0.1547033,0.026236288,0.031500846
0.71932775,0.27191117,-0.12352359,-0.018605495,-0.07331844
1.028486,-0.047025766,0.70620614,0.009052703,0.04788364
-0.0052158493,0.029589154,0.37970653,0.023068339,-0.014829387
-0.3208368,-0.2611271,-0.27319866,0.00081238337,-0.203464
-0.5953834,-0.40593505,-0.28601393,-0.009743201,-0.20037667
-0.5160826,-0.39659983,-0.2476563,-0.014804813,-0.44909477
-0.53376186,-0.08669666,-0.26536927,-0.013826201,-0.12135398
-0.705489,-0.09967056,-0.29525265,-0.008854774,-0.0453979
-0.016571298,0.39238626,-0.18770353,-0.00876313,-0.019863263
-0.6261038,-0.18051875,-0.2212173,-0.005654142,0.2021655
-0.4281923,-0.1481393,-0.24757509,-0.017165126,0.31615484
0.054466836,0.20310023,-0.19461526,-0.012064338,-0.041173838
-0.15096357,-0.18825881,-0.19201857,0.003151903,-0.18059395
-0.64560664,0.32222086,-0.23721564,-0.011734432,-0.084191784
1.0713619,-0.0028866292,0.70181763,-0.018231342,-0.12404955
-0.24417669,-0.10452473,-0.22105339,0.019455522,0.30359218
-0.2967659,-0.24418671,-0.22719425,-0.010529254,-0.31464806
0.2675586,-0.17962149,-0.14356138,-0.0057738703,0.0687988
-0.7899105,-0.1621881,-0.24848045,0.016352238,0.19798535
0.03201641,-0.03183787,-0.20023848,-0.019956531,-0.08290284
-0.8497777,-0.27002022,-0.2693473,0.0007809608,-0.1284571
0.72098774,-0.08587172,0.74191,0.022313543,0.10851632
-0.27512562,0.2599495,-0.22109526,-0.004161747,-0.15477017
0.8798976,0.046948507,0.6647879,-0.017080758,-0.01615429
-0.51756746,-0.016415825,-0.26974916,-0.003937175,-0.1742274
-0.1798094,0.35508767,-0.18318547,-0.013810293,-0.004004713
-0.91657895,-0.21859822,-0.27718103,-0.009508621,-0.13697785
-0.6991269,-0.1525031,-0.27755088,-0.0067944294,-0.044924904
-0.92913043,0.053825863,-0.24561457,-0.0061140237,-0.12295479
0.3680229,0.30505773,-0.12508236,-0.0019662604,0.16611251
-1.0117282,-0.4601023,-0.2739638,-0.009040594,-0.26329452
1.2830228,0.008357867,0.7379685,0.0020472761,0.09784713
-0.14787857,0.15087232,-0.18935037,-0.011889745,-0.16660908
-0.6875423,-0.39867395,-0.2576349,-0.007986085,-0.1340875
-0.47633222,0.12092078,-0.2545632,-0.004224455,-0.1045023
0.92200863,0.057298493,0.6510054,-0.011520962,0.03367369
-0.4999652,-0.3756898,-0.28682327,-0.013327058,-0.28963435
-0.54378366,-0.10193987,-0.2620978,-0.000359006,-0.09094494
-0.62053263,0.018012375,-0.24422841,0.005864005,0.009704032
1.0563073,-0.030305095,0.68582094,-0.0060852277,-0.05023348
-0.8114931,-0.3094017,-0.27616715,-0.014155269,0.0002368202
1.2699474,0.019634139,0.6325324,-0.0015093475,0.030336158
-0.5766422,-0.39559883,-0.2447786,-0.0132179875,-0.17266351
-0.24537048,0.31749314,-0.17927022,-0.01798835,-0.17480372
1.1917009,0.09847395,0.6604931,0.009460173,0.07791379
-0.4403681,0.21153381,-0.22774501,-0.01645436,-0.22284928
-0.4319413,-0.009228868,-0.24715808,0.010300227,0.023979489
-0.4279908,-0.30896062,-0.27552062,-0.0074751535,-0.23192999
0.18702035,0.109706864,-0.2021165,-0.0056890333,0.041311655
-0.3504612,-0.12706594,-0.22257337,-0.009918273,-0.04903662
-0.47649404,0.21621744,-0.20998962,-0.01556639,-0.17299744
-0.75877315,-0.24431174,-0.24262162,-0.009252733,-0.1051382
-0.45356745,-0.11449874,-0.20067362,0.026770385,0.17332229
-0.49882406,0.31856972,-0.23702206,-0.012014708,-0.018649666
-0.40602234,0.22539876,-0.23433194,-0.008287181,0.14327338
-0.4899573,-0.07618572,-0.22520606,-0.025657125,-0.08519593
-0.6435292,-0.14576855,-0.27402034,0.022991816,0.030242579
-0.22037326,-0.062383633,-0.23507202,0.0060362304,-0.008315507
-0.21830402,0.22592379,-0.22587627,-0.0045551406,-0.1148464
-0.69283867,-0.41642913,-0.2734279,-0.011609954,-0.27375787
-0.32109183,0.19595948,-0.19962153,-0.02642801,-0.041503947
-0.86763936,-0.04023613,-0.24262407,-0.007059251,-0.0116904015
-0.112430215,0.08585787,-0.2049107,0.0031763418,-0.056117605
-0.47528318,0.27923197,-0.20767093,-0.00038024248,-0.049348436
-0.7165151,-0.06952204,-0.2765969,-0.009447269,-0.16496447
0.5097829,0.09987848,0.565509,0.0069600767,0.11604222
-0.79752773,-0.16484733,-0.23315755,-0.019932617,0.15148449
-0.49683952,-0.42438447,-0.24969219,-0.020447731,-0.26322454
-0.44659552,0.1525359,-0.21375266,-0.016755182,0.033864688
-0.108021565,0.33545685,-0.16678597,-0.026360901,-0.016030822
-0.7255546,-0.19879976,-0.27078035,-0.010194095,0.04911254
-0.41432244,0.06550331,-0.23112948,-0.004041842,0.110052295
1.2615403,-0.009658953,0.6697535,0.007845413,-0.039572757
-0.5396074,-0.037020423,-0.2787748,-0.010354256,-0.06754938
-0.5517544,0.17550385,-0.2556276,-0.0027187308,0.1169953
-0.8626394,-0.27539772,-0.26589042,-0.018289797,-0.07276877
0.080045454,0.52895856,-0.20166233,0.0071108793,-0.060102135
-0.33712205,0.31540623,-0.23543744,-0.008114462,0.15778795
-0.28536344,-0.1885551,-0.26120085,-0.007253914,-0.19783814
0.20533475,0.21342881,-0.14709677,-0.0070007574,0.05781813
1.2888571,-0.0825303,0.8144071,0.003920926,0.052742038
1.3707719,-0.0033661898,0.65264803,-0.010583863,-0.10086425
-0.5085901,-0.112777516,-0.24557449,0.0043764566,0.16324729
-0.9259795,-0.41152644,-0.2639317,-0.019956933,-0.30548
-0.51047325,0.26432925,-0.23943692,-0.0052014226,-0.009578865
-0.61512685,-0.14464213,-0.25519207,-0.0001244375,-0.12093401
1.2889224,-0.07168003,0.79800004,0.007948819,0.05153675
0.09019468,-0.04887451,-0.19287609,0.007749176,0.05228076
-1.1081668,-0.40312764,-0.24902439,-0.0035175383,-0.17007151
-0.63168734,-0.29132202,-0.25487244,0.0028024926,-0.17170216
0.32461265,0.32038596,-0.11846509,-0.0018531419,0.25167647
-0.5573722,-0.111439176,-0.24402371,0.010370042,0.17966999
0.51735395,0.20924205,-0.16274714,-0.0145346075,-0.043890268
-0.8991887,-0.10186361,-0.24710688,0.006687352,0.11017244
-0.922793,-0.18107107,-0.2476046,-0.018946338,0.3125628
-0.3068666,0.021990698,-0.21249732,-0.030933907,-0.2928839
-0.21369061,-0.19162329,0.37477908,-0.015356902,0.008924332
-0.867016,-0.032762155,-0.2651582,-0.011166986,-0.09994536
-0.47430202,-0.42275104,-0.24796152,-0.010405318,-0.11578283
0.016947038,0.20859417,0.37563232,-0.0039278422,0.13808587
-0.64415866,-0.4155053,-0.27017954,-0.006268507,-0.1558749
-0.5157841,-0.28677684,-0.2921191,-0.014537104,-0.011652692
-0.21425395,0.09226236,-0.23909816,-0.010736324,-0.13214783
-0.13555615,0.25497812,-0.2055394,-0.008958519,0.10416851
-0.43693438,-0.117385805,-0.23145847,-0.0040820744,-0.046071675
-0.19868696,-0.38186288,-0.22608854,-0.014893222,-0.31019643
0.03003233,-0.052229922,0.39918846,-0.0014296831,-0.0601978
-0.4679509,-0.32997504,-0.23841318,-0.0057783034,-0.15372154
-0.47316,-0.47912198,-0.2423822,-0.012009481,-0.3397128
-0.34338054,-0.12740125,-0.2589619,0.0123504875,-0.0879382
-0.37289715,-0.07303745,-0.2274059,0.0032061995,0.13034815
-0.5011135,0.19207668,-0.18914646,-5.1012263e-05,0.035231132
-0.08569343,-0.30097634,0.3799379,0.028085161,-0.09580608
-0.001068476,-0.13485718,-0.26470658,-0.0077658156,-0.23567306
-0.40552866,-0.026202725,-0.23689936,-0.0027603044,0.012717566
1.2445993,0.061544307,0.7382505,0.0073157623,0.049986724
-0.083422594,-0.17099948,-0.17178556,-0.009555516,-0.001681596
-0.945068,-0.34516874,-0.22959255,-0.010582334,-0.2843281
-0.79980767,-0.010122514,-0.23560658,-0.015548451,-0.057464514
-0.39476067,-0.14471693,-0.25318757,0.008254678,-0.14751121
-0.28592736,0.20619012,-0.22867976,0.016287457,0.12521772
0.10563304,-0.010902811,-0.20209697,-0.0105541125,-0.068866916
-0.31150663,-0.091243155,-0.21579972,-0.0070844335,-0.13776824
-0.67680657,-0.09898132,-0.23377353,-0.003749216,-0.08055316
-0.77871937,-0.27156293,-0.24398772,-0.0033906803,-0.18104488
-0.5637423,0.12487191,-0.18975055,-0.019907583,-0.11316487
-0.9657171,-0.25677863,-0.30366355,-0.013390111,-0.14675848
0.002273519,0.23870148,-0.19421144,-0.010212695,-0.010317579
-0.018362625,0.033109985,-0.17333639,-0.020462085,-0.0087617505
-0.62304604,-0.34529135,-0.29435542,-0.011792202,-0.08958154
0.2759295,0.17573528,-0.15689944,-0.017214553,0.035089955
0.12539548,0.044407737,-0.216003,-0.007999635,0.023059592
0.03203516,0.05822761,0.40363806,0.011918415,0.016616277
-0.44532892,-0.09698849,0.35039872,-0.024462566,-0.084380135
-1.0102302,-0.1909182,-0.27959654,0.0035343645,0.14894123
-0.8361847,-0.32469854,-0.268502,-0.010816268,-0.23945509
0.02507311,0.18418081,-0.21609603,-0.019685779,-0.19904384
-0.4019973,-0.13244459,-0.23475991,-0.013329975,-0.021630978
-0.50119275,-0.22504744,-0.26969653,0.009973544,0.0927043
-0.55934185,-0.02084077,-0.22805256,0.01692884,0.15910415
-0.9665461,-0.31930494,-0.28655267,-0.011409415,-0.023251139
1.2841183,0.07075129,0.616102,-0.014322473,-0.08508937
-0.89928365,-0.45709947,-0.26875803,-0.012836574,-0.31371233
-0.746755,-0.17060958,-0.25352558,0.013743388,0.26012072
-0.48272213,0.09032345,-0.22601862,-0.0052746776,0.09072864
-0.46543574,0.31273156,-0.24221702,-0.0080672605,0.2427304
-0.49905846,-0.25308543,-0.3016409,-0.010150349,-0.03516519
1.0405908,-0.052428372,0.720373,0.013668635,0.03271701
1.5025231,-0.13083562,0.85793936,-0.004554458,0.05992316
-0.4618858,-0.040748622,-0.23971318,0.015956,0.28367573
-0.44368,-0.08945681,-0.24621862,0.004953886,0.21363656
-0.22919412,0.08021158,-0.21618561,0.016247997,0.24049115
-0.8508593,-0.26592183,-0.2519268,-0.0032826248,-0.16883385
-0.5038527,-0.10933215,-0.22058694,-0.0159125,-0.28241485
-0.24524875,-0.16228893,-0.20614873,-0.010410865,-0.07651619
-0.08839959,0.018059526,-0.14802027,0.039162345,-0.26501647
-0.62623787,-0.18304871,-0.29383758,-0.012972711,-0.11316092
-0.4568969,-0.24824996,-0.28152573,-0.013162999,-0.1894177
-0.0801662,0.24561177,-0.19369458,-0.01375711,-0.17597096
-0.6822379,-0.4459441,-0.26637152,-0.012589254,-0.11256551
-0.45515433,-0.4000851,-0.24078253,-0.015575938,-0.21052681
-0.30748108,0.28509244,-0.20741443,0.0013840627,0.16028617
1.0404793,0.10394985,0.70836544,0.008083161,0.03415362
-0.91855395,-0.06962078,-0.2502892,0.0018270498,-0.13549837
-0.9395285,-0.17753285,-0.22671175,-0.017364424,0.3414391
0.08682981,-0.2059757,-0.20633619,0.00026923695,-0.17880604
-0.44267198,-0.028340777,-0.22216353,-0.0025659641,0.09965328
-0.6845835,-0.35591677,-0.28786114,-0.012478031,-0.29646486
-0.97001684,-0.33180934,-0.27243343,-0.012657801,-0.38191733
-0.20279445,-0.028699934,-0.17260917,-0.0032462238,-0.15718131
0.0075996197,0.11301228,-0.20533794,-0.008345078,0.060144898
-0.9468911,-0.04143252,-0.26614547,-0.014535507,0.031684164
0.084840864,-0.17472784,-0.17904563,-0.007075431,-0.120050676
0.5913265,0.07268476,0.5221123,0.005507527,0.18032247
-0.36069843,0.0034233262,-0.19671056,-0.024499504,-0.3001317
-0.5571231,0.030933594,-0.21137401,-0.009311512,-0.20716983
-0.84569734,-0.3246776,-0.24268803,-0.002902475,-0.44974837
0.88851017,-0.033039525,0.7014162,-0.0025355024,-0.1141785
-0.6966427,-0.3660682,-0.25508678,-0.0049886447,-0.15816374
-0.28373644,0.031836025,-0.24397558,-0.0068921093,-0.15793198
-0.6072039,0.013197681,-0.24020006,-0.014166048,-0.17746674
